now,published_at,price,house_type,size,living_size,price_m2,property_legal_document,rooms,toilets,furnishing_sell,width,length,floors,property_status,apartment_type,pty_characteristics,land_type,size_unit,direction,commercial_type,floornumber,block,balconydirection,unitnumber,apartment_feature,property_back_condition,street_id
2025-10-03T23:43:10.208844,Cập nhật 7 ngày trước,"7,95 tỷ","Nhà ngõ, hẻm",34 m²,34 m²,"233,82 triệu/m²",Đã có sổ,3 phòng,4 phòng,Nội thất cao cấp,4 m,9 m,5.0,,,,,,,,,,,,,,
2025-10-03T23:43:15.172138,Cập nhật 7 ngày trước,"13,8 tỷ","Nhà ngõ, hẻm",65 m²,,"212,31 triệu/m²",Đã có sổ,5 phòng,,Nội thất đầy đủ,,,,,,,,,,,,,,,,,
2025-10-03T23:43:15.898229,Cập nhật 9 ngày trước,"11,5 tỷ","Nhà ngõ, hẻm",44 m²,100 m²,"261,36 triệu/m²",Đã có sổ,4 phòng,3 phòng,Nội thất đầy đủ,56 m,,3.0,,,,,,,,,,,,,,
2025-10-03T23:43:27.715299,Cập nhật 8 ngày trước,"8,7 tỷ",,90 m²,,"96,67 triệu/m²",Sổ hồng riêng,3 phòng,2 phòng,,,,,Chưa bàn giao,Chung cư,,,,,,,,,,,,
2025-10-03T23:43:33.032891,Cập nhật 9 ngày trước,7 tỷ,"Nhà ngõ, hẻm",38 m²,,"184,21 triệu/m²",Đã có sổ,3 phòng,3 phòng,,,,,,,,,,,,,,,,,,
2025-10-03T23:43:33.069859,Cập nhật 8 ngày trước,18 tỷ,"Nhà ngõ, hẻm",57 m²,,"315,79 triệu/m²",Đã có sổ,4 phòng,,,,,,,,"Hẻm xe hơi
Nhà nở hậu",,,,,,,,,,,
2025-10-03T23:43:32.415632,Cập nhật 8 ngày trước,800 triệu,,100 m²,,8 triệu/m²,Đã có sổ,,,,,,,,,"Nở hậu
Mặt tiền
Thổ cư toàn bộ",Đất thổ cư,,,,,,,,,,
2025-10-03T23:43:33.133247,Cập nhật 4 ngày trước,5 tỷ,"Nhà ngõ, hẻm",32 m²,,"156,25 triệu/m²",Đã có sổ,3 phòng,4 phòng,,,,4.0,,,,,,,,,,,,,,
2025-10-03T23:43:46.026104,Cập nhật 9 ngày trước,"7,5 tỷ","Nhà ngõ, hẻm",33 m²,33 m²,"227,27 triệu/m²",Đã có sổ,3 phòng,,Nội thất cao cấp,6 m,5 m,,,,Nhà nở hậu,,,,,,,,,,,
2025-10-03T23:43:49.727433,Cập nhật 8 ngày trước,"13,8 tỷ","Nhà ngõ, hẻm",38 m²,,"363,16 triệu/m²",Đã có sổ,4 phòng,,,,,,,,,,,,,,,,,,,
2025-10-03T23:43:53.365450,Cập nhật 7 ngày trước,"3,5 tỷ",,46.5 m²,,"75,27 triệu/m²",Đã có sổ,,,,,,,,,Thổ cư toàn bộ,Đất thổ cư,m²,,,,,,,,,
2025-10-03T23:44:02.457626,Cập nhật 7 ngày trước,4 tỷ,"Nhà ngõ, hẻm",20 m²,100 m²,200 triệu/m²,Đã có sổ,3 phòng,4 phòng,Hoàn thiện cơ bản,3 m,7 m,5.0,,,,,,Tây Bắc,,,,,,,,
2025-10-03T23:44:02.503828,Cập nhật 8 ngày trước,"9,9 tỷ","Nhà ngõ, hẻm",50 m²,50 m²,198 triệu/m²,Đã có sổ,4 phòng,4 phòng,Nội thất cao cấp,3.2 m,,4.0,,,"Hẻm xe hơi
Nhà nở hậu",,,Tây Nam,,,,,,,,
2025-10-03T23:44:09.338969,Cập nhật 7 ngày trước,"7,9 tỷ","Nhà ngõ, hẻm",45 m²,,"175,56 triệu/m²",Đã có sổ,4 phòng,,,,,6.0,,,Nhà nở hậu,,,,,,,,,,,
2025-10-03T23:44:16.112367,Cập nhật 7 ngày trước,"3,8 tỷ",,51 m²,,"74,51 triệu/m²",Đã có sổ,,,,4 m,12.75 m,,,,Thổ cư toàn bộ,Đất thổ cư,m²,,,,,,,,,
2025-10-03T23:44:18.104459,Cập nhật 7 ngày trước,"7,8 tỷ","Nhà mặt phố, mặt tiền",47 m²,,"165,96 triệu/m²",Đã có sổ,4 phòng,,,,,,,,,,,,,,,,,,,
2025-10-03T23:44:21.518838,Cập nhật 7 ngày trước,"7,85 tỷ","Nhà ngõ, hẻm",33 m²,36 m²,"237,88 triệu/m²",Đã có sổ,3 phòng,4 phòng,Nội thất đầy đủ,3.5 m,,5.0,,,,,,Tây Nam,,,,,,,,
2025-10-03T23:44:23.090268,Cập nhật 2 ngày trước,"13,6 tỷ","Nhà ngõ, hẻm",35 m²,,"388,57 triệu/m²",Đã có sổ,4 phòng,5 phòng,,,,6.0,,,,,,,,,,,,,,
2025-10-03T23:44:23.236800,Cập nhật 7 ngày trước,"8,9 tỷ","Nhà ngõ, hẻm",43 m²,,"206,98 triệu/m²",Đã có sổ,4 phòng,4 phòng,Nội thất đầy đủ,4 m,,4.0,,,,,,,,,,,,,,
2025-10-03T23:44:30.156114,Cập nhật 7 ngày trước,"3,99 tỷ","Nhà ngõ, hẻm",38 m²,,105 triệu/m²,Đã có sổ,4 phòng,3 phòng,Hoàn thiện cơ bản,3.4 m,11.1 m,4.0,,,Hẻm xe hơi,,,,,,,,,,,
2025-10-03T23:44:39.812841,Cập nhật 8 ngày trước,9 tỷ,"Nhà ngõ, hẻm",33 m²,160 m²,"272,73 triệu/m²",Đã có sổ,3 phòng,,,,,5.0,,,,,,,,,,,,,,
2025-10-03T23:44:43.802048,Cập nhật 8 ngày trước,"7,8 tỷ","Nhà ngõ, hẻm",35 m²,,"222,86 triệu/m²",Đã có sổ,5 phòng,,Nội thất đầy đủ,,,6.0,,,,,,,,,,,,,,
2025-10-03T23:44:45.185091,Cập nhật 7 ngày trước,"37,4 tỷ","Nhà mặt phố, mặt tiền",68 m²,,550 triệu/m²,Đã có sổ,4 phòng,4 phòng,,5 m,,5.0,,,,,,,,,,,,,,
2025-10-03T23:44:47.880135,Cập nhật 9 ngày trước,21 tỷ,Nhà biệt thự,204 m²,500 m²,"102,94 triệu/m²",Đã có sổ,6 phòng,3 phòng,Nội thất cao cấp,10 m,20 m,,,,,,,Bắc,,,,,,,,
2025-10-03T23:44:57.742233,Cập nhật 9 ngày trước,16 tỷ,,28 m²,,"571,43 triệu/m²",Đã có sổ,,,,,,,,,,,,,Mặt bằng kinh doanh,,,,,,,
2025-10-03T23:45:10.175383,Cập nhật 7 ngày trước,"2,3 tỷ",,45.5 m²,,"50,55 triệu/m²",Đã có sổ,,,,6 m,,,,,,Đất thổ cư,,,,,,,,,,
2025-10-03T23:45:08.827528,Cập nhật 9 ngày trước,"5,75 tỷ",,83 m²,,"69,28 triệu/m²",Sổ hồng riêng,2 phòng,2 phòng,,,,,Chưa bàn giao,Chung cư,,,,,,,,,,,,
2025-10-03T23:45:14.432898,Cập nhật 8 ngày trước,"4,65 tỷ","Nhà ngõ, hẻm",25 m²,,186 triệu/m²,Đã có sổ,2 phòng,,,,,2.0,,,,,,,,,,,,,,
2025-10-03T23:45:19.419722,Cập nhật 8 ngày trước,54 tỷ,"Nhà mặt phố, mặt tiền",130 m²,1200 m²,"415,38 triệu/m²",Đã có sổ,9 phòng,Nhiều hơn 6 phòng,Nội thất đầy đủ,9 m,,8.0,,,,,,,,,,,,,,
2025-10-03T23:45:30.696829,Cập nhật 2 ngày trước,6 tỷ,,400 m²,,15 triệu/m²,Đã có sổ,,,,,,,,,,Đất thổ cư,m²,,,,,,,,,
2025-10-03T23:45:30.594796,Cập nhật 9 ngày trước,"6,7 tỷ","Nhà ngõ, hẻm",37 m²,3 m²,"181,08 triệu/m²",Đã có sổ,3 phòng,4 phòng,Nội thất đầy đủ,,,,,,Hẻm xe hơi,,,,,,,,,,,
2025-10-03T23:45:39.014652,Cập nhật 7 ngày trước,"4,95 tỷ",,70 m²,,"70,71 triệu/m²",Sổ hồng riêng,2 phòng,,,,,,Đã bàn giao,"Tập thể, cư xá",,,,,,,,,,,,
2025-10-03T23:45:43.740971,Cập nhật 8 ngày trước,"8,9 tỷ","Nhà ngõ, hẻm",47.5 m²,,"187,37 triệu/m²",Đã có sổ,5 phòng,,,,,6.0,,,,,,,,,,,,,,
2025-10-03T23:45:51.252992,Cập nhật 7 ngày trước,"7,65 tỷ","Nhà ngõ, hẻm",27 m²,,"283,33 triệu/m²",Đã có sổ,4 phòng,4 phòng,Nội thất đầy đủ,,,5.0,,,,,,,,,,,,,,
2025-10-03T23:45:50.695490,Cập nhật 9 ngày trước,"12,6 tỷ",,100 m²,,126 triệu/m²,Đã có sổ,,,,5 m,,,,,"Mặt tiền
Nở hậu",Đất thổ cư,m²,Đông Nam,,,,,,,,
2025-10-03T23:46:04.376240,Cập nhật 8 ngày trước,"2,28 tỷ",,55 m²,,"41,45 triệu/m²",Hợp đồng mua bán,2 phòng,1 phòng,Nội thất đầy đủ,,,,Đã bàn giao,"Căn hộ dịch vụ, mini",,,,,,8.0,9,,,,,
2025-10-03T23:46:11.575610,Cập nhật 7 ngày trước,"26,8 tỷ","Nhà ngõ, hẻm",117 m²,117 m²,"229,06 triệu/m²",Đã có sổ,nhiều hơn 10 phòng,Nhiều hơn 6 phòng,Nội thất cao cấp,5.4 m,21.67 m,7.0,,,Hẻm xe hơi,,,,,,,,,,,
2025-10-03T23:46:14.433215,Cập nhật 8 ngày trước,"7,5 tỷ","Nhà ngõ, hẻm",40 m²,,"187,50 triệu/m²",Đã có sổ,5 phòng,,Nội thất đầy đủ,,,,,,,,,,,,,,,,,
2025-10-03T23:46:26.763175,Cập nhật 8 ngày trước,"31,3 tỷ","Nhà ngõ, hẻm",58 m²,65 m²,"539,66 triệu/m²",Đã có sổ,6 phòng,,Nội thất cao cấp,4.5 m,13 m,7.0,,,Nhà nở hậu,,,,,,,,,,,
2025-10-03T23:46:33.931201,Cập nhật 2 ngày trước,"7,5 tỷ","Nhà ngõ, hẻm",46 m²,80 m²,"163,04 triệu/m²",Đã có sổ,4 phòng,2 phòng,,,,,,,,,,,,,,,,,,
2025-10-03T23:46:33.975672,Cập nhật 7 ngày trước,"10,7 tỷ","Nhà ngõ, hẻm",40 m²,45 m²,"267,50 triệu/m²",Đã có sổ,3 phòng,4 phòng,Nội thất đầy đủ,,,5.0,,,,,,,,,,,,,,
2025-10-03T23:46:36.993999,Cập nhật 7 ngày trước,7 tỷ,"Nhà ngõ, hẻm",32 m²,,"218,75 triệu/m²",Đã có sổ,3 phòng,4 phòng,Nội thất cao cấp,,,4.0,,,Hẻm xe hơi,,,,,,,,,,,
2025-10-03T23:46:38.029214,Cập nhật 9 ngày trước,"7,5 tỷ","Nhà ngõ, hẻm",32 m²,,"234,38 triệu/m²",Đã có sổ,4 phòng,3 phòng,Nội thất đầy đủ,3.2 m,10 m,4.0,,,Hẻm xe hơi,,,Đông Nam,,,,,,,,
2025-10-03T23:46:53.619484,Cập nhật 8 ngày trước,56 tỷ,,160 m²,,350 triệu/m²,Đã có sổ,,,,7.7 m,,,,,"Mặt tiền
Nở hậu",Đất thổ cư,m²,,,,,,,,,
2025-10-03T23:46:55.826842,Cập nhật 8 ngày trước,"5,4 tỷ",,39 m²,,"138,46 triệu/m²",Sổ hồng riêng,2 phòng,,,,,,Chưa bàn giao,Chung cư,,,,,,,,,,,,
2025-10-03T23:46:57.702136,Cập nhật 4 ngày trước,"10,88 tỷ","Nhà ngõ, hẻm",45 m²,45 m²,"241,78 triệu/m²",Đã có sổ,5 phòng,5 phòng,Nội thất cao cấp,5.5 m,9 m,,,,"Hẻm xe hơi
Nhà nở hậu",,,,,,02,,,,,
2025-10-03T23:46:59.636325,Cập nhật 8 ngày trước,"22,5 tỷ","Nhà ngõ, hẻm",70 m²,,"321,43 triệu/m²",Đã có sổ,4 phòng,,,,,,,,,,,,,,,,,,,
2025-10-03T23:47:01.867990,Cập nhật 8 ngày trước,"17,88 tỷ","Nhà mặt phố, mặt tiền",41 m²,,"436,10 triệu/m²",Đã có sổ,6 phòng,4 phòng,Nội thất cao cấp,3.6 m,11 m,5.0,,,Hẻm xe hơi,,,,,,,,,,,
2025-10-03T23:47:17.206640,Cập nhật 9 ngày trước,"3,7 tỷ",,46 m²,,"80,43 triệu/m²",Đã có sổ,,,,3.9 m,12 m,,,,"Mặt tiền
Hẻm xe hơi
Thổ cư toàn bộ",Đất thổ cư,m²,Tây Bắc,,,,,,,,
2025-10-03T23:47:18.221318,Cập nhật 2 ngày trước,5 tỷ,"Nhà ngõ, hẻm",35 m²,35 m²,"142,86 triệu/m²",Đã có sổ,3 phòng,4 phòng,Nội thất đầy đủ,4 m,,5.0,,,Nhà nở hậu,,,Đông Nam,,,,,,,,
2025-10-03T23:47:19.703299,Cập nhật 8 ngày trước,"6,25 tỷ","Nhà ngõ, hẻm",38.1 m²,,"164,04 triệu/m²",Đã có sổ,3 phòng,,,,,,,,,,,,,,,,,,,
2025-10-03T23:47:21.763579,Cập nhật 8 ngày trước,17 tỷ,"Nhà ngõ, hẻm",102 m²,102 m²,"166,67 triệu/m²",Đã có sổ,2 phòng,2 phòng,Bàn giao thô,6.7 m,,1.0,,,Hẻm xe hơi,,,,,,,,,,,
2025-10-03T23:47:25.814575,Cập nhật 5 giờ trước,"7,1 tỷ","Nhà ngõ, hẻm",33 m²,33 m²,"215,15 triệu/m²",Đã có sổ,4 phòng,4 phòng,Nội thất đầy đủ,5.4 m,5.3 m,5.0,,,Nhà nở hậu,,,Đông Nam,,,,,,,,
2025-10-03T23:47:33.395677,Cập nhật 8 ngày trước,"7,298 tỷ","Nhà ngõ, hẻm",40 m²,40 m²,"182,45 triệu/m²",Đã có sổ,2 phòng,,,8 m,,,,,Hẻm xe hơi,,,,,,,,,,,
2025-10-03T23:47:43.307153,Cập nhật 7 ngày trước,"1,79 tỷ",,40 m²,,"44,75 triệu/m²",Đang chờ sổ,2 phòng,,,,,,Đã bàn giao,"Tập thể, cư xá",,,,,,,,,,,,
2025-10-03T23:47:45.296444,Cập nhật 9 ngày trước,"5,35 tỷ","Nhà mặt phố, mặt tiền",33 m²,,"162,12 triệu/m²",Đã có sổ,3 phòng,,,,,,,,,,,,,,,,,,,
2025-10-03T23:47:50.457538,Cập nhật 7 ngày trước,"7,72 tỷ","Nhà ngõ, hẻm",41 m²,,"188,29 triệu/m²",Đã có sổ,6 phòng,5 phòng,,,,5.0,,,,,,,,,,,,,,
2025-10-03T23:47:55.263018,Cập nhật 9 ngày trước,12 tỷ,,1470 m²,,"8,16 triệu/m²",Đã có sổ,,,,,,,,,Thổ cư 1 phần,Đất thổ cư,,,,,,,,,,
2025-10-03T23:47:55.550528,Cập nhật 8 ngày trước,"7,35 tỷ","Nhà ngõ, hẻm",37 m²,,"198,65 triệu/m²",Đã có sổ,4 phòng,,,,,,,,,,,,,,,,,,,
2025-10-03T23:48:01.600133,Cập nhật 9 ngày trước,"57,9 tỷ","Nhà mặt phố, mặt tiền",200 m²,,"289,50 triệu/m²",Đã có sổ,8 phòng,,,9 m,,8.0,,,"Hẻm xe hơi
Nhà nở hậu",,,,,,,,,,,
2025-10-03T23:48:05.498622,Cập nhật 7 ngày trước,"8,5 tỷ","Nhà ngõ, hẻm",48 m²,48 m²,"177,08 triệu/m²",Đã có sổ,4 phòng,4 phòng,Nội thất đầy đủ,4 m,,5.0,,,,,,,,,,,,,,
2025-10-03T23:48:10.024787,Cập nhật 4 ngày trước,"7,7 tỷ","Nhà ngõ, hẻm",40 m²,36 m²,"192,50 triệu/m²",Đã có sổ,4 phòng,3 phòng,Hoàn thiện cơ bản,,,4.0,,,Nhà nở hậu,,,,,,,,,,,
2025-10-03T23:48:14.545166,Cập nhật 8 ngày trước,12 tỷ,"Nhà ngõ, hẻm",60.8 m²,60.8 m²,"197,37 triệu/m²",Đã có sổ,3 phòng,,,3.7 m,,,,,,,,Bắc,,,,,,,,
2025-10-03T23:48:17.928175,Cập nhật 8 ngày trước,"7,5 tỷ","Nhà mặt phố, mặt tiền",46 m²,,"163,04 triệu/m²",Đã có sổ,4 phòng,,,,,,,,,,,,,,,,,,,
2025-10-03T23:48:25.754712,Cập nhật 8 ngày trước,"38,25 tỷ",Nhà biệt thự,100 m²,,"382,50 triệu/m²",Đã có sổ,5 phòng,4 phòng,,10 m,,,,,"Hẻm xe hơi
Nhà nở hậu",,,,,,,,,,,
2025-10-03T23:48:29.306472,Cập nhật 16 giờ trước,"6,35 tỷ","Nhà ngõ, hẻm",25 m²,25 m²,254 triệu/m²,Đã có sổ,3 phòng,4 phòng,Nội thất đầy đủ,3.2 m,,5.0,,,,,,Tây Bắc,,,,,,,,
2025-10-03T23:48:36.196567,Cập nhật 1 ngày trước,"4,88 tỷ","Nhà ngõ, hẻm",23 m²,18 m²,"212,17 triệu/m²",Đã có sổ,3 phòng,3 phòng,Nội thất đầy đủ,,,5.0,,,,,,,,,,,,,,
2025-10-03T23:48:41.445214,Cập nhật 10 giờ trước,"5,45 tỷ","Nhà ngõ, hẻm",30 m²,30 m²,"181,67 triệu/m²",Đã có sổ,3 phòng,4 phòng,Nội thất đầy đủ,4.5 m,7 m,5.0,,,Hẻm xe hơi,,,,,,,,,,,
2025-10-03T23:48:50.111361,Cập nhật 7 ngày trước,"10,5 tỷ","Nhà ngõ, hẻm",62 m²,,"169,35 triệu/m²",Đã có sổ,4 phòng,2 phòng,Nội thất đầy đủ,,,4.0,,,,,,,,,,,,,,
2025-10-03T23:48:51.823980,Cập nhật 7 ngày trước,10 tỷ,"Nhà ngõ, hẻm",38 m²,38 m²,"263,16 triệu/m²",Đã có sổ,3 phòng,4 phòng,Nội thất cao cấp,,,6.0,,,Hiện trạng khác,,,,,,,,,,,
2025-10-03T23:48:53.568450,Cập nhật 9 ngày trước,"18,4 tỷ",,145 m²,,"126,90 triệu/m²",Đang chờ sổ,3 phòng,3 phòng,Hoàn thiện cơ bản,,,,Đã bàn giao,Chung cư,,,,Bắc,,12.0,06,Nam,,,,
2025-10-03T23:49:04.202417,Cập nhật 9 ngày trước,"14,5 tỷ","Nhà mặt phố, mặt tiền",52.76 m²,52.76 m²,"274,83 triệu/m²",Đã có sổ,6 phòng,4 phòng,,4.5 m,11.72 m,5.0,,,Hẻm xe hơi,,,,,,,,,,,
2025-10-03T23:49:06.131274,Cập nhật 9 ngày trước,"13,8 tỷ","Nhà ngõ, hẻm",76 m²,76 m²,"181,58 triệu/m²",Đã có sổ,4 phòng,,,,,3.0,,,,,,,,,,,,,,
2025-10-03T23:49:04.104963,Cập nhật 6 ngày trước,"13,6 tỷ","Nhà ngõ, hẻm",63 m²,,"215,87 triệu/m²",Đã có sổ,6 phòng,1 phòng,Hoàn thiện cơ bản,5.3 m,,3.0,,,"Nhà nở hậu
Hẻm xe hơi",,,,,,,,,,,
2025-10-03T23:49:07.457871,Cập nhật 8 ngày trước,"62,8 tỷ",Nhà biệt thự,194 m²,194 m²,"323,71 triệu/m²",Đã có sổ,5 phòng,6 phòng,Nội thất cao cấp,,,4.0,,,,,,,,,,,,,,
2025-10-03T23:49:11.881319,Cập nhật 8 ngày trước,"8,39 tỷ","Nhà ngõ, hẻm",35 m²,35 m²,"239,71 triệu/m²",Đã có sổ,3 phòng,4 phòng,,3.5 m,103 m,6.0,,,"Hẻm xe hơi
Nhà nở hậu",,,Đông,,,,,,,,
2025-10-03T23:49:18.485902,Cập nhật 8 ngày trước,7 tỷ,"Nhà ngõ, hẻm",30 m²,,"233,33 triệu/m²",Đã có sổ,3 phòng,3 phòng,Nội thất cao cấp,3 m,,5.0,,,Nhà nở hậu,,,,,,,,,,,
2025-10-03T23:49:18.591190,Cập nhật 7 ngày trước,5 tỷ,"Nhà ngõ, hẻm",36 m²,36 m²,"138,89 triệu/m²",Đã có sổ,3 phòng,4 phòng,Nội thất cao cấp,6 m,6 m,5.0,,,Hẻm xe hơi,,,,,,,,,,,
2025-10-03T23:49:41.778277,Cập nhật 7 ngày trước,"7,5 tỷ","Nhà ngõ, hẻm",43 m²,,"174,42 triệu/m²",Đã có sổ,3 phòng,,,,,4.0,,,,,,,,,,,,,,
2025-10-03T23:49:46.528396,Cập nhật 8 ngày trước,"13,5 tỷ","Nhà ngõ, hẻm",65 m²,,"207,69 triệu/m²",Đã có sổ,4 phòng,,,,,,,,,,,,,,,,,,,
2025-10-03T23:49:47.340800,Cập nhật 9 ngày trước,"4,5 tỷ",,70 m²,,"64,29 triệu/m²",Đã có sổ,,,,,,,,,,Đất thổ cư,m²,,,,,,,,,
2025-10-03T23:49:48.019721,Cập nhật 3 ngày trước,55 tỷ,"Nhà ngõ, hẻm",402 m²,450 m²,"136,82 triệu/m²",Đã có sổ,nhiều hơn 10 phòng,Nhiều hơn 6 phòng,Nội thất đầy đủ,9 m,,2.0,,,Hẻm xe hơi Nhà nở hậu,,,,,,,,,,,
2025-10-03T23:49:49.252745,Cập nhật 8 ngày trước,750 triệu,,52 m²,,"14,42 triệu/m²",Sổ hồng riêng,2 phòng,1 phòng,,,,,Đã bàn giao,"Căn hộ dịch vụ, mini",,,,,,,,Đông Nam,,,,
2025-10-03T23:49:54.524846,Cập nhật 9 ngày trước,"7,5 tỷ","Nhà ngõ, hẻm",31 m²,,"241,94 triệu/m²",Đã có sổ,3 phòng,,,,,,,,,,,,,,,,,,,
2025-10-03T23:49:54.976066,Cập nhật 8 ngày trước,"1,9 tỷ",,41 m²,,"46,34 triệu/m²",Đã có sổ,,,,8 m,5 m,,,,,Đất thổ cư,m²,,,,,,,,,
2025-10-03T23:50:02.102662,Cập nhật 8 ngày trước,"3,9 tỷ","Nhà ngõ, hẻm",18 m²,18 m²,"216,67 triệu/m²",Đã có sổ,2 phòng,3 phòng,Nội thất đầy đủ,3 m,6 m,3.0,,,Hiện trạng khác,,,,,,,,,,,
2025-10-03T23:50:02.304870,Cập nhật 3 ngày trước,"11,5 tỷ","Nhà ngõ, hẻm",37 m²,230 m²,"310,81 triệu/m²",Đã có sổ,4 phòng,5 phòng,,4 m,,6.0,,,Hẻm xe hơi,,,,,,,,,,,
2025-10-03T23:50:09.720008,Cập nhật 6 ngày trước,"13,9 tỷ",,46 m²,,"302,17 triệu/m²",Sổ hồng riêng,9 phòng,Nhiều hơn 6 phòng,Nội thất cao cấp,,,,Chưa bàn giao,"Căn hộ dịch vụ, mini",,,,,,,,,,,,
2025-10-03T23:50:13.984462,Cập nhật 9 ngày trước,"10,2 tỷ",,44 m²,,"231,82 triệu/m²",Đã có sổ,,,,4 m,11 m,,,,Mặt tiền Hẻm xe hơi,Đất thổ cư,m²,,,,,,,,,
2025-10-03T23:50:14.787725,Cập nhật 9 ngày trước,"15,2 tỷ",Nhà phố liền kề,50 m²,,304 triệu/m²,Đã có sổ,6 phòng,,,,,7.0,,,,,,,,,,,,,,
2025-10-03T23:50:14.956900,Cập nhật 7 ngày trước,"28,8 tỷ","Nhà mặt phố, mặt tiền",90 m²,90 m²,320 triệu/m²,Đã có sổ,6 phòng,6 phòng,Nội thất cao cấp,,,5.0,,,,,,,,,,,,,,
2025-10-03T23:50:27.907389,Cập nhật 8 ngày trước,"8,3 tỷ","Nhà ngõ, hẻm",46 m²,,"180,43 triệu/m²",Đã có sổ,7 phòng,4 phòng,Nội thất đầy đủ,,,5.0,,,,,,,,,,,,,,
2025-10-03T23:50:29.243450,Cập nhật 2 ngày trước,"6,9 tỷ","Nhà ngõ, hẻm",42 m²,42 m²,"164,29 triệu/m²",Đã có sổ,4 phòng,3 phòng,Nội thất đầy đủ,5 m,8 m,4.0,,,Nhà nở hậu,,,,,,,,,,,
2025-10-03T23:50:39.827685,Cập nhật 8 ngày trước,"6,58 tỷ","Nhà ngõ, hẻm",24 m²,,"274,17 triệu/m²",Đã có sổ,4 phòng,,,,,,,,,,,,,,,,,,,
2025-10-03T23:50:40.492401,Cập nhật 7 ngày trước,"21,5 tỷ",Nhà biệt thự,120 m²,,"179,17 triệu/m²",Đã có sổ,4 phòng,,,6 m,,,,,Hẻm xe hơi,,,,,,,,,,,
2025-10-03T23:50:47.714027,Cập nhật 8 ngày trước,"8,55 tỷ","Nhà ngõ, hẻm",35 m²,35 m²,"244,29 triệu/m²",Đã có sổ,3 phòng,4 phòng,Nội thất cao cấp,,,5.0,,,,,,,,,,,,,,
2025-10-03T23:50:50.863252,Cập nhật 6 ngày trước,"8,85 tỷ","Nhà ngõ, hẻm",34 m²,34 m²,"260,29 triệu/m²",Đã có sổ,4 phòng,4 phòng,Nội thất đầy đủ,,,,,,,,,,,,,,,,,
2025-10-03T23:50:55.176019,Cập nhật 8 ngày trước,"5,28 tỷ","Nhà ngõ, hẻm",25 m²,25 m²,"211,20 triệu/m²",Đã có sổ,3 phòng,,Nội thất cao cấp,4.5 m,6 m,5.0,,,Hiện trạng khác Nhà nở hậu,,,,,,,,,,,
2025-10-03T23:51:03.223466,Cập nhật 8 ngày trước,"11,5 tỷ","Nhà ngõ, hẻm",50 m²,50 m²,230 triệu/m²,Đã có sổ,4 phòng,3 phòng,Nội thất đầy đủ,6.3 m,9 m,3.0,,,Hẻm xe hơi Nhà nở hậu,,,,,,,,,,,
2025-10-03T23:51:06.150829,Cập nhật 8 ngày trước,"4,4 tỷ",,40 m²,,110 triệu/m²,Đã có sổ,,,,4 m,10 m,,,,,Đất thổ cư,m²,Tây Nam,,,,,,,,
2025-10-03T23:51:06.817138,Cập nhật 9 ngày trước,47 tỷ,"Nhà mặt phố, mặt tiền",44 m²,140 m²,"1,07 tỷ/m²",Đã có sổ,8 phòng,5 phòng,,5.8 m,,3.0,,,,,,,,,,,,,,
2025-10-03T23:51:14.948652,Cập nhật 7 ngày trước,"11,35 tỷ","Nhà ngõ, hẻm",50 m²,200 m²,227 triệu/m²,Đã có sổ,6 phòng,4 phòng,,4 m,12.5 m,,,,,,,,,,,,,,,
2025-10-03T23:51:16.560830,Cập nhật 7 ngày trước,"5,28 tỷ",,63.7 m²,,"82,89 triệu/m²",Đã có sổ,,,,4.5 m,,,,,Mặt tiền Thổ cư toàn bộ,Đất thổ cư,m²,,,,,,,,,
2025-10-03T23:51:22.929881,Cập nhật 7 ngày trước,"8,9 tỷ","Nhà ngõ, hẻm",36 m²,36 m²,"247,22 triệu/m²",Đã có sổ,4 phòng,4 phòng,Nội thất đầy đủ,,,5.0,,,Nhà nở hậu,,,,,,,,,,,
2025-10-03T23:51:32.002055,Cập nhật 8 ngày trước,"10,9 tỷ","Nhà ngõ, hẻm",37 m²,,"294,59 triệu/m²",Đã có sổ,9 phòng,Nhiều hơn 6 phòng,Nội thất cao cấp,,,6.0,,,,,,,,,,,,,,
2025-10-03T23:51:41.114035,Cập nhật 8 ngày trước,"4,69 tỷ",,70 m²,,67 triệu/m²,Đã có sổ,,,,4 m,16 m,,,,Mặt tiền Hẻm xe hơi Nở hậu Thổ cư toàn bộ,Đất thổ cư,,Đông Bắc,,,,,,,,
2025-10-03T23:51:42.447452,Cập nhật 13 giờ trước,"9,5 tỷ","Nhà ngõ, hẻm",51 m²,51 m²,"186,27 triệu/m²",Đã có sổ,1 phòng,,,,,,,,Nhà nở hậu Nhà nát,,,,,,,,,,,
2025-10-03T23:51:47.047782,Cập nhật 8 ngày trước,"4,4 tỷ",,55 m²,,80 triệu/m²,Đã có sổ,,,,4.45 m,12.4 m,,,,Hẻm xe hơi Nở hậu,Đất thổ cư,m²,Tây Nam,,,,,,,,
2025-10-03T23:51:50.122615,Cập nhật 7 ngày trước,"8,05 tỷ","Nhà ngõ, hẻm",41 m²,,"196,34 triệu/m²",Đã có sổ,4 phòng,4 phòng,,,,,,,,,,,,,,,,,,
2025-10-03T23:52:02.076917,Cập nhật 7 ngày trước,"13,5 tỷ","Nhà ngõ, hẻm",56 m²,,"241,07 triệu/m²",Đã có sổ,5 phòng,5 phòng,Nội thất cao cấp,,,7.0,,,Hẻm xe hơi Nhà nở hậu,,,,,,,,,,,
2025-10-03T23:52:06.718801,Cập nhật 7 ngày trước,9 tỷ,"Nhà ngõ, hẻm",59 m²,,"152,54 triệu/m²",Đã có sổ,5 phòng,6 phòng,Nội thất đầy đủ,,,7.0,,,Nhà nở hậu,,,,,,,,,,,
2025-10-03T23:52:10.238133,Cập nhật 8 ngày trước,"7,14 tỷ",,84 m²,,85 triệu/m²,Đã có sổ,,,,5 m,,,,,,Đất thổ cư,,,,,,,,,,
2025-10-03T23:52:11.090243,Cập nhật 9 ngày trước,"4,75 tỷ","Nhà ngõ, hẻm",43 m²,43 m²,"110,47 triệu/m²",Đã có sổ,4 phòng,,Hoàn thiện cơ bản,4 m,,4.0,,,Nhà nở hậu,,,,,,,,,,,
2025-10-03T23:52:14.453216,Cập nhật 8 ngày trước,20 tỷ,Nhà phố liền kề,84 m²,84 m²,"238,10 triệu/m²",Đã có sổ,5 phòng,4 phòng,Hoàn thiện cơ bản,4.2 m,19 m,4.0,,,Hẻm xe hơi,,,,,,,,,,,
2025-10-03T23:52:27.686890,Cập nhật 8 ngày trước,"21,41 tỷ","Nhà ngõ, hẻm",126 m²,,"169,92 triệu/m²",Đã có sổ,6 phòng,3 phòng,,4 m,,,,,Hẻm xe hơi Nhà nở hậu,,,,,,,,,,,
2025-10-03T23:52:30.192601,Cập nhật 8 ngày trước,"26,5 tỷ","Nhà ngõ, hẻm",70 m²,350 m²,"378,57 triệu/m²",Đã có sổ,6 phòng,6 phòng,Nội thất đầy đủ,,,5.0,,,Hẻm xe hơi Nhà nở hậu,,,,,,,,,,,
2025-10-03T23:52:30.999638,Cập nhật 8 ngày trước,"8,2 tỷ","Nhà ngõ, hẻm",45 m²,,"182,22 triệu/m²",Đã có sổ,4 phòng,4 phòng,,,,4.0,,,,,,,,,,,,,,
2025-10-03T23:52:32.505202,Cập nhật 4 ngày trước,7 tỷ,"Nhà ngõ, hẻm",30 m²,30 m²,"233,33 triệu/m²",Đã có sổ,3 phòng,4 phòng,Nội thất đầy đủ,4.5 m,7 m,6.0,,,Hẻm xe hơi Nhà nở hậu,,,Tây,,,,,,,,
2025-10-03T23:52:34.514443,Cập nhật 8 ngày trước,"5,6 tỷ","Nhà ngõ, hẻm",25 m²,28 m²,224 triệu/m²,Đã có sổ,3 phòng,,,,,,,,Nhà nở hậu,,,,,,,,,,,
2025-10-03T23:52:38.392197,Cập nhật 7 ngày trước,"7,8 tỷ","Nhà ngõ, hẻm",45 m²,,"173,33 triệu/m²",Đã có sổ,4 phòng,,,,,,,,,,,,,,,,,,,
2025-10-03T23:52:38.579759,Cập nhật 3 ngày trước,"5,75 tỷ",,41 m²,,"140,24 triệu/m²",Đã có sổ,,,,,,,,,,Đất thổ cư,m²,,,,,,,,,
2025-10-03T23:52:40.998778,Cập nhật 8 ngày trước,800 triệu,,52 m²,,"15,38 triệu/m²",Sổ hồng riêng,2 phòng,1 phòng,Nội thất cao cấp,,,,Đã bàn giao,"Căn hộ dịch vụ, mini",,,,,,,,,,,,
2025-10-03T23:52:54.516508,Cập nhật 8 ngày trước,"4,2 tỷ",,280 m²,,15 triệu/m²,Đã có sổ,,,,,,,,,Mặt tiền Hẻm xe hơi Nở hậu Thổ cư 1 phần,Đất thổ cư,m²,,,,,,,,,
2025-10-03T23:52:59.097033,Cập nhật 3 ngày trước,"4,85 tỷ","Nhà ngõ, hẻm",32 m²,,"151,56 triệu/m²",Đã có sổ,3 phòng,4 phòng,Nội thất đầy đủ,3.2 m,10 m,5.0,,,Nhà nở hậu,,,Tây,,,,,,,,
2025-10-03T23:53:03.953727,Cập nhật 5 ngày trước,"7,2 tỷ","Nhà ngõ, hẻm",30 m²,,240 triệu/m²,Đã có sổ,4 phòng,,Nội thất đầy đủ,,,4.0,,,,,,,,,,,,,,
2025-10-03T23:53:06.401206,Cập nhật 8 ngày trước,"108,6 tỷ","Nhà mặt phố, mặt tiền",110 m²,116 m²,"987,27 triệu/m²",Đã có sổ,10 phòng,Nhiều hơn 6 phòng,Nội thất đầy đủ,5 m,,10.0,,,,,,,,,,,,,,
2025-10-03T23:53:06.694391,Cập nhật 9 ngày trước,"1,88 tỷ",,48 m²,,"39,17 triệu/m²",Hợp đồng mua bán,2 phòng,1 phòng,Nội thất cao cấp,,,,Đã bàn giao,"Căn hộ dịch vụ, mini",,,,Bắc,,5.0,,Nam,,,,
2025-10-03T23:53:11.714702,Cập nhật 7 ngày trước,"5,15 tỷ","Nhà mặt phố, mặt tiền",32 m²,32 m²,"160,94 triệu/m²",Đã có sổ,3 phòng,,,,,4.0,,,,,,,,,,,,,,
2025-10-03T23:53:14.526771,Cập nhật 8 ngày trước,"7,2 tỷ","Nhà ngõ, hẻm",30 m²,,240 triệu/m²,Đã có sổ,5 phòng,,,,,,,,,,,,,,,,,,,
2025-10-03T23:53:26.118105,Cập nhật 9 ngày trước,"11,8 tỷ",Nhà phố liền kề,50 m²,50 m²,236 triệu/m²,Đã có sổ,9 phòng,Nhiều hơn 6 phòng,,6 m,10 m,6.0,,,Hẻm xe hơi,,,,,,,,,,,
2025-10-03T23:53:27.245486,Cập nhật 9 ngày trước,"6,5 tỷ","Nhà ngõ, hẻm",50 m²,50 m²,130 triệu/m²,Đã có sổ,3 phòng,,,,,3.0,,,Hiện trạng khác,,,,,,,,,,,
2025-10-03T23:53:35.028637,Cập nhật 7 ngày trước,"10,4 tỷ","Nhà ngõ, hẻm",48 m²,,"216,67 triệu/m²",Đã có sổ,5 phòng,,,,,,,,,,,,,,,,,,,
2025-10-03T23:53:37.480346,Cập nhật 8 ngày trước,"7,8 tỷ","Nhà ngõ, hẻm",51 m²,,"152,94 triệu/m²",Đã có sổ,4 phòng,,Nội thất đầy đủ,,,,,,,,,,,,,,,,,
2025-10-03T23:53:40.550312,Cập nhật 7 ngày trước,"4,5 tỷ",,65 m²,,"69,23 triệu/m²",Đã có sổ,,,,4 m,,,,,Thổ cư toàn bộ,Đất thổ cư,,,,,,,,,,
2025-10-03T23:53:43.906261,Cập nhật 8 ngày trước,"12,55 tỷ","Nhà ngõ, hẻm",48 m²,,"261,46 triệu/m²",Đã có sổ,3 phòng,4 phòng,Nội thất đầy đủ,,,5.0,,,Nhà nở hậu,,,,,,,,,,,
2025-10-03T23:53:46.052722,Cập nhật 9 ngày trước,"6,6 tỷ",,90 m²,,"73,33 triệu/m²",Đã có sổ,,,,4.7 m,19 m,,,,Mặt tiền Hẻm xe hơi Thổ cư toàn bộ,Đất thổ cư,m²,Đông Nam,,,,,,,,
2025-10-03T23:53:57.454117,Cập nhật 7 ngày trước,"7,2 tỷ","Nhà ngõ, hẻm",40 m²,,180 triệu/m²,Đã có sổ,3 phòng,,,,,,,,,,,,,,,,,,,
2025-10-03T23:54:00.535251,Cập nhật 7 ngày trước,"6,1 tỷ","Nhà ngõ, hẻm",32 m²,,"190,62 triệu/m²",Đã có sổ,3 phòng,4 phòng,Nội thất đầy đủ,,,4.0,,,,,,,,,,,,,,
2025-10-03T23:54:00.692834,Cập nhật 9 ngày trước,"7,45 tỷ","Nhà ngõ, hẻm",39 m²,,"191,03 triệu/m²",Đã có sổ,3 phòng,,,,,,,,,,,,,,,,,,,
2025-10-03T23:54:03.846476,Cập nhật 7 ngày trước,"12,5 tỷ","Nhà ngõ, hẻm",47 m²,,"265,96 triệu/m²",Đã có sổ,3 phòng,3 phòng,Nội thất cao cấp,,,3.0,,,Hẻm xe hơi,,,,,,,,,,,
2025-10-03T23:54:05.719077,Cập nhật 9 ngày trước,"7,75 tỷ","Nhà ngõ, hẻm",33 m²,,"234,85 triệu/m²",Đã có sổ,3 phòng,4 phòng,Nội thất cao cấp,,,5.0,,,Nhà nở hậu,,,,,,,,,,,
2025-10-03T23:54:07.695111,Cập nhật 7 ngày trước,"8,5 tỷ","Nhà ngõ, hẻm",37 m²,,"229,73 triệu/m²",Đã có sổ,3 phòng,,Nội thất đầy đủ,,,,,,Hẻm xe hơi,,,,,,,,,,,
2025-10-03T23:54:09.002363,Cập nhật 7 ngày trước,"8,8 tỷ","Nhà ngõ, hẻm",30 m²,38 m²,"293,33 triệu/m²",Đã có sổ,3 phòng,,Nội thất đầy đủ,,,5.0,,,,,,,,,,,,,,
2025-10-03T23:54:17.888690,Cập nhật 8 ngày trước,"8,5 tỷ","Nhà ngõ, hẻm",30 m²,30 m²,"283,33 triệu/m²",Đã có sổ,3 phòng,4 phòng,Nội thất đầy đủ,4 m,8 m,4.0,,,,,,,,,,,,,,
2025-10-03T23:54:22.374007,Cập nhật 7 ngày trước,"7,8 tỷ","Nhà mặt phố, mặt tiền",45 m²,,"173,33 triệu/m²",Đã có sổ,4 phòng,,,,,,,,,,,,,,,,,,,
2025-10-03T23:54:29.831105,Cập nhật 9 ngày trước,"15,5 tỷ","Nhà ngõ, hẻm",53 m²,53 m²,"292,45 triệu/m²",Đã có sổ,4 phòng,4 phòng,Nội thất cao cấp,4 m,13.25 m,4.0,,,,,,Tây Bắc,,,,,,,,
2025-10-03T23:54:32.762411,Cập nhật 13 giờ trước,"3,65 tỷ",,48 m²,,"76,04 triệu/m²",Đã có sổ,,,,6.7 m,7.2 m,,,,Hẻm xe hơi Thổ cư toàn bộ,Đất thổ cư,m²,Tây Nam,,,,,,,,
2025-10-03T23:54:34.887260,Cập nhật 9 ngày trước,"6,1 tỷ","Nhà ngõ, hẻm",34 m²,34 m²,"179,41 triệu/m²",Đã có sổ,4 phòng,4 phòng,,,,4.0,,,Nhà nở hậu,,,Đông,,,,,,,,
2025-10-03T23:54:38.114699,Cập nhật 7 ngày trước,4 tỷ,"Nhà ngõ, hẻm",31 m²,31 m²,"129,03 triệu/m²",Đã có sổ,3 phòng,4 phòng,Nội thất đầy đủ,,,5.0,,,,,,,,,,,,,,
2025-10-03T23:54:46.416199,Cập nhật 7 ngày trước,"3,4 tỷ","Nhà ngõ, hẻm",33 m²,,"103,03 triệu/m²",Đã có sổ,4 phòng,,,3.3 m,10 m,4.0,,,,,,,,,,,,,,
2025-10-03T23:54:50.728316,Cập nhật 7 ngày trước,"6,2 tỷ","Nhà mặt phố, mặt tiền",43 m²,43 m²,"144,19 triệu/m²",Đã có sổ,4 phòng,,Hoàn thiện cơ bản,4 m,,5.0,,,Hẻm xe hơi,,,,,,,,,,,
2025-10-03T23:54:55.443755,Cập nhật 9 ngày trước,"2,1 tỷ","Nhà ngõ, hẻm",17 m²,70 m²,"123,53 triệu/m²",Đang chờ sổ,3 phòng,3 phòng,Nội thất đầy đủ,,,4.0,,,,,,,,,,,,,,
2025-10-03T23:54:56.714349,Cập nhật 8 ngày trước,24 tỷ,"Nhà mặt phố, mặt tiền",85 m²,85 m²,"282,35 triệu/m²",Đã có sổ,5 phòng,5 phòng,Hoàn thiện cơ bản,5.2 m,18 m,4.0,,,Hẻm xe hơi,,,Tây Bắc,,,,,,,,
2025-10-03T23:54:58.411783,Cập nhật 2 ngày trước,"7,3 tỷ","Nhà ngõ, hẻm",32 m²,,"228,12 triệu/m²",Đã có sổ,3 phòng,4 phòng,Nội thất đầy đủ,,,5.0,,,Nhà nở hậu,,,,,,,,,,,
2025-10-03T23:55:01.616668,Cập nhật 8 ngày trước,"6,45 tỷ",,40 m²,,"161,25 triệu/m²",Đã có sổ,,,,,,,,,Nở hậu,Đất thổ cư,m²,,,,,,,,,
2025-10-03T23:55:12.402090,Cập nhật 7 ngày trước,"1,05 tỷ",,50 m²,,21 triệu/m²,Đã có sổ,,,,4 m,13 m,,,,Hẻm xe hơi Không có thổ cư,Đất thổ cư,m²,,,,,,,,,
2025-10-03T23:55:18.339816,Cập nhật 9 ngày trước,"5,5 tỷ","Nhà ngõ, hẻm",46 m²,,"119,57 triệu/m²",Đã có sổ,4 phòng,,,,,,,,,,,,,,,,,,,
2025-10-03T23:55:23.353358,Cập nhật 9 ngày trước,920 triệu,,40 m²,,23 triệu/m²,Sổ hồng riêng,2 phòng,1 phòng,Nội thất cao cấp,,,,Đã bàn giao,"Căn hộ dịch vụ, mini",,,,,,,,,,,,
2025-10-03T23:55:27.492601,Cập nhật 7 ngày trước,"7,6 tỷ","Nhà ngõ, hẻm",41 m²,,"185,37 triệu/m²",Đã có sổ,4 phòng,,,,,6.0,,,,,,,,,,,,,,
2025-10-03T23:55:38.171842,Cập nhật 8 ngày trước,"13,1 tỷ","Nhà ngõ, hẻm",40 m²,40 m²,"327,50 triệu/m²",Đã có sổ,3 phòng,,Nội thất đầy đủ,,,,,,,,,,,,,,,,,
2025-10-03T23:55:45.357490,Cập nhật 7 ngày trước,"12,9 tỷ","Nhà ngõ, hẻm",65 m²,65 m²,"198,46 triệu/m²",Đã có sổ,4 phòng,4 phòng,Nội thất đầy đủ,4 m,16 m,7.0,,,Hẻm xe hơi Nhà nở hậu,,,,,,,,,,,
2025-10-03T23:55:45.547620,Cập nhật 9 ngày trước,"5,72 tỷ",,71 m²,,"80,56 triệu/m²",Đã có sổ,,,,,,,,,,Đất thổ cư,,,,,,,,,,
2025-10-03T23:55:46.969850,Cập nhật 7 ngày trước,"6,9 tỷ","Nhà ngõ, hẻm",40 m²,200 m²,"172,50 triệu/m²",Đã có sổ,3 phòng,4 phòng,Nội thất cao cấp,4 m,10 m,5.0,,,,,,,,,,,,,,
2025-10-03T23:55:49.161254,Cập nhật 9 ngày trước,"3,9 tỷ",,60 m²,,65 triệu/m²,Sổ hồng riêng,2 phòng,1 phòng,Nội thất đầy đủ,,,,Đã bàn giao,"Tập thể, cư xá",,,,,,,,,,,,
2025-10-03T23:55:53.040577,Cập nhật 7 ngày trước,"8,5 tỷ","Nhà ngõ, hẻm",56 m²,60 m²,"151,79 triệu/m²",Đã có sổ,6 phòng,5 phòng,Nội thất đầy đủ,5 m,,5.0,,,,,,,,,,,,,,
2025-10-03T23:56:05.363463,Cập nhật 2 ngày trước,19 tỷ,"Nhà mặt phố, mặt tiền",73 m²,,"260,27 triệu/m²",Đã có sổ,3 phòng,,,7 m,,,,,,,,,,,,,,,,
2025-10-03T23:56:06.977165,Cập nhật 5 ngày trước,"17,9 tỷ","Nhà mặt phố, mặt tiền",45 m²,45 m²,"397,78 triệu/m²",Đã có sổ,7 phòng,,Nội thất cao cấp,3.6 m,12.5 m,5.0,,,Nhà nở hậu,,,,,,,,,,,
2025-10-03T23:56:08.852221,Cập nhật 5 ngày trước,"3,2 tỷ",,270 m²,,"11,85 triệu/m²",Đã có sổ,,,,7 m,40 m,,,,Mặt tiền Hẻm xe hơi Thổ cư 1 phần,Đất thổ cư,,,,,,,,,,
2025-10-03T23:56:12.710229,Cập nhật 8 ngày trước,"5,7 tỷ",,89 m²,,"64,04 triệu/m²",Đã có sổ,,,,,,,,,Mặt tiền Thổ cư toàn bộ Hẻm xe hơi,Đất thổ cư,,,,,,,,,,
2025-10-03T23:56:26.944563,Cập nhật 7 ngày trước,"15,8 tỷ",Nhà phố liền kề,63 m²,,"250,79 triệu/m²",Đã có sổ,5 phòng,4 phòng,Nội thất đầy đủ,,,6.0,,,,,,,,,,,,,,
2025-10-03T23:56:32.541339,Cập nhật 7 ngày trước,"7,1 tỷ","Nhà ngõ, hẻm",51 m²,,"139,22 triệu/m²",Đã có sổ,5 phòng,,,,,,,,,,,,,,,,,,,
2025-10-03T23:56:34.340781,Cập nhật 7 ngày trước,"6,6 tỷ","Nhà ngõ, hẻm",30 m²,,220 triệu/m²,Đã có sổ,3 phòng,,,,,,,,,,,,,,,,,,,
2025-10-03T23:56:38.474800,Cập nhật 8 ngày trước,"6,4 tỷ","Nhà mặt phố, mặt tiền",41 m²,,"156,10 triệu/m²",Đã có sổ,4 phòng,,,,,,,,Nhà nở hậu,,,,,,,,,,,
2025-10-03T23:56:38.415174,Cập nhật 9 ngày trước,"7,8 tỷ","Nhà ngõ, hẻm",30 m²,,260 triệu/m²,Đã có sổ,3 phòng,,,,,,,,,,,,,,,,,,,
2025-10-03T23:56:39.863559,Cập nhật 7 ngày trước,"3,5 tỷ",,85 m²,,"41,18 triệu/m²",Sổ hồng riêng,3 phòng,2 phòng,Hoàn thiện cơ bản,,,,Chưa bàn giao,"Tập thể, cư xá",,,,,,,,,,,,
2025-10-03T23:56:53.772784,Cập nhật 9 giờ trước,"1,75 tỷ",,40 m²,,"43,75 triệu/m²",Đã có sổ,,,,4 m,10 m,,,,,Đất thổ cư,m²,Tây Bắc,,,,,,,,
2025-10-03T23:56:53.922555,Cập nhật 9 ngày trước,"11,2 tỷ","Nhà ngõ, hẻm",60 m²,60 m²,"186,67 triệu/m²",Đã có sổ,4 phòng,3 phòng,,4.1 m,15 m,4.0,,,Hẻm xe hơi,,,,,,,,,,,
2025-10-03T23:56:58.042086,Cập nhật 2 ngày trước,"5,8 tỷ",,66.8 m²,,"86,83 triệu/m²",Sổ hồng riêng,2 phòng,1 phòng,Nội thất cao cấp,,,,Đã bàn giao,"Tập thể, cư xá",,,,,,,,Bắc,,,,
2025-10-03T23:56:58.215174,Cập nhật 9 ngày trước,"4,5 tỷ","Nhà ngõ, hẻm",31 m²,31 m²,"145,16 triệu/m²",Đã có sổ,3 phòng,3 phòng,Nội thất đầy đủ,7 m,5 m,4.0,,,,,,,,,,,,,,
2025-10-03T23:57:01.844038,Cập nhật 4 ngày trước,"5,4 tỷ",,120 m²,,45 triệu/m²,Đã có sổ,,,,8 m,15 m,,,,,Đất thổ cư,m²,,,,,,,,,
2025-10-03T23:57:02.699322,Cập nhật 9 ngày trước,"8,5 tỷ","Nhà ngõ, hẻm",48 m²,,"177,08 triệu/m²",Đã có sổ,4 phòng,4 phòng,Nội thất đầy đủ,,,4.0,,,,,,,,,,,,,,
2025-10-03T23:57:06.122485,Cập nhật 7 ngày trước,"14,6 tỷ",,64 m²,,"228,12 triệu/m²",Đã có sổ,,,,6.4 m,10 m,,,,Mặt tiền Hẻm xe hơi,Đất thổ cư,m²,,,,,,,,,
2025-10-03T23:57:06.777849,Cập nhật 8 ngày trước,"9,95 tỷ","Nhà ngõ, hẻm",50 m²,50 m²,199 triệu/m²,Đã có sổ,3 phòng,4 phòng,,,,6.0,,,Hẻm xe hơi Nhà nở hậu,,,,,,,,,,,
2025-10-03T23:57:10.438869,Cập nhật 9 ngày trước,"154,5 tỷ","Nhà mặt phố, mặt tiền",172 m²,1000 m²,"898,26 triệu/m²",Đã có sổ,nhiều hơn 10 phòng,Nhiều hơn 6 phòng,Nội thất cao cấp,6 m,,6.0,,,,,,,,,,,,,,
2025-10-03T23:57:17.850915,Cập nhật 8 ngày trước,"8,9 tỷ","Nhà ngõ, hẻm",43 m²,,"206,98 triệu/m²",Đã có sổ,3 phòng,,,,,5.0,,,,,,,,,,,,,,
2025-10-03T23:57:26.266281,Cập nhật 3 giờ trước,"8,7 tỷ","Nhà ngõ, hẻm",40 m²,44 m²,"217,50 triệu/m²",Đã có sổ,6 phòng,,,,,,,,Nhà nở hậu,,,,,,,,,,,
2025-10-03T23:57:26.619389,Cập nhật 7 ngày trước,"7,85 tỷ","Nhà ngõ, hẻm",51 m²,51 m²,"153,92 triệu/m²",Đã có sổ,3 phòng,3 phòng,Nội thất đầy đủ,4.6 m,,3.0,,,Nhà nở hậu,,,,,,,,1.0,,,
2025-10-03T23:57:26.948856,Cập nhật 9 ngày trước,"6,56 tỷ","Nhà ngõ, hẻm",35 m²,35 m²,"187,43 triệu/m²",Đã có sổ,3 phòng,4 phòng,Nội thất đầy đủ,4 m,9 m,4.0,,,,,,,,,,,,,,
2025-10-03T23:57:30.476764,Cập nhật 7 ngày trước,"13,5 tỷ","Nhà mặt phố, mặt tiền",50 m²,,270 triệu/m²,Đã có sổ,4 phòng,5 phòng,Nội thất cao cấp,5 m,10 m,5.0,,,Hẻm xe hơi Nhà nở hậu,,,,,,,,,,,
2025-10-03T23:57:37.638593,Cập nhật 7 ngày trước,"10,8 tỷ","Nhà ngõ, hẻm",34.4 m²,,"313,95 triệu/m²",Đã có sổ,4 phòng,4 phòng,Hoàn thiện cơ bản,4 m,,5.0,,,Hẻm xe hơi,,,Đông Nam,,,,,,,,
2025-10-03T23:57:50.617618,Cập nhật 8 ngày trước,"2,85 tỷ","Nhà ngõ, hẻm",277 m²,30 m²,"10,29 triệu/m²",Không có sổ,3 phòng,3 phòng,Nội thất đầy đủ,3 m,10 m,4.0,,,Hẻm xe hơi,,,,,,,,,,,
2025-10-03T23:57:52.296784,Cập nhật 6 ngày trước,"5,85 tỷ","Nhà ngõ, hẻm",41.5 m²,,"140,96 triệu/m²",Đã có sổ,5 phòng,,,,,5.0,,,,,,,,,,,,,,
2025-10-03T23:57:52.469653,Cập nhật 15 giờ trước,"16,98 tỷ","Nhà mặt phố, mặt tiền",43 m²,45 m²,"394,88 triệu/m²",Đã có sổ,3 phòng,3 phòng,Hoàn thiện cơ bản,3.5 m,13 m,3.0,,,Hẻm xe hơi,,,Đông Bắc,,,,,,,,
2025-10-03T23:57:52.669477,Cập nhật 9 ngày trước,"27,9 tỷ","Nhà mặt phố, mặt tiền",93 m²,,300 triệu/m²,Đã có sổ,4 phòng,6 phòng,Nội thất cao cấp,5 m,,7.0,,,Hẻm xe hơi,,,,,,,,,,,
2025-10-03T23:58:03.467934,Cập nhật 9 ngày trước,"4,45 tỷ",,90 m²,,"49,44 triệu/m²",Sổ hồng riêng,3 phòng,2 phòng,Nội thất đầy đủ,,,,Chưa bàn giao,"Tập thể, cư xá",,,,Tây Bắc,,,,Đông Nam,,Căn góc,,
2025-10-03T23:58:10.624048,Cập nhật 7 ngày trước,"7,83 tỷ","Nhà mặt phố, mặt tiền",38 m²,38 m²,"206,05 triệu/m²",Đã có sổ,4 phòng,5 phòng,Nội thất đầy đủ,5.4 m,7 m,6.0,,,Hẻm xe hơi,,,,,,,,,,,
2025-10-03T23:58:12.501987,Cập nhật 8 ngày trước,"4,6 tỷ","Nhà ngõ, hẻm",20 m²,,230 triệu/m²,Đã có sổ,3 phòng,,,,,4.0,,,,,,,,,,,,,,
2025-10-03T23:58:12.592655,Cập nhật 7 ngày trước,"3,45 tỷ","Nhà ngõ, hẻm",42 m²,,"82,14 triệu/m²",Đã có sổ,4 phòng,3 phòng,Nội thất cao cấp,,,4.0,,,,,,,,,,,,,,
2025-10-03T23:58:18.040205,Cập nhật 7 ngày trước,"2,5 tỷ",,81.8 m²,,"30,56 triệu/m²",Đã có sổ,,,,,,,,,Mặt tiền Nở hậu Thổ cư toàn bộ,Đất thổ cư,m²,,,,,,,,,
2025-10-03T23:58:29.586765,Cập nhật 7 ngày trước,3 tỷ,"Nhà ngõ, hẻm",22 m²,22 m²,"136,36 triệu/m²",Không có sổ,2 phòng,2 phòng,Nội thất đầy đủ,,,2.0,,,Nhà nở hậu,,,,,,,,,,,
2025-10-03T23:58:30.741433,Cập nhật 8 ngày trước,"7,35 tỷ","Nhà mặt phố, mặt tiền",45 m²,,"163,33 triệu/m²",Đã có sổ,4 phòng,,,,,,,,,,,,,,,,,,,
2025-10-03T23:58:32.342240,Cập nhật 7 ngày trước,"7,7 tỷ","Nhà ngõ, hẻm",38 m²,190 m²,"202,63 triệu/m²",Đã có sổ,3 phòng,3 phòng,Hoàn thiện cơ bản,4 m,9.7 m,5.0,,,,,,,,,,,,,,
2025-10-03T23:58:37.767082,Cập nhật 8 ngày trước,"13,9 tỷ",Nhà phố liền kề,40 m²,,"347,50 triệu/m²",Đã có sổ,4 phòng,4 phòng,Nội thất đầy đủ,4 m,10 m,5.0,,,,,,Đông Nam,,,,,,,,
2025-10-03T23:58:45.411854,Cập nhật 7 ngày trước,"5,6 tỷ","Nhà ngõ, hẻm",35 m²,35 m²,160 triệu/m²,Đã có sổ,3 phòng,4 phòng,Nội thất đầy đủ,,,5.0,,,,,,,,,,,,,,
2025-10-03T23:58:50.595974,Cập nhật 4 ngày trước,"3,28 tỷ","Nhà ngõ, hẻm",123 m²,123 m²,"26,67 triệu/m²",Đã có sổ,3 phòng,,,6 m,20 m,,,,Nhà nở hậu Hẻm xe hơi,,,,,,Cách đường Lớn 1 Nhà,,,,,
2025-10-03T23:58:52.899029,Cập nhật 9 ngày trước,"7,86 tỷ","Nhà ngõ, hẻm",32 m²,32 m²,"245,62 triệu/m²",Đã có sổ,4 phòng,,Nội thất đầy đủ,6.8 m,,5.0,,,,,,,,,,,,,,
2025-10-03T23:58:55.384682,Cập nhật 5 giờ trước,"4,35 tỷ","Nhà ngõ, hẻm",15.6 m²,17 m²,"278,85 triệu/m²",Đã có sổ,3 phòng,4 phòng,Nội thất đầy đủ,4.5 m,,5.0,,,Nhà nở hậu,,,,,,,,,,,
2025-10-03T23:58:57.926435,Cập nhật 1 ngày trước,"5,23 tỷ",,62 m²,,"84,35 triệu/m²",Đã có sổ,,,,,,,,,Mặt tiền Nở hậu Thổ cư toàn bộ,Đất thổ cư,,,,,,,,,,
2025-10-03T23:59:00.413706,Cập nhật 7 ngày trước,"4,86 tỷ","Nhà ngõ, hẻm",34 m²,,"142,94 triệu/m²",Đã có sổ,3 phòng,2 phòng,Nội thất đầy đủ,,,3.0,,,,,,,,,,,,,,
2025-10-03T23:59:05.556808,Cập nhật 5 ngày trước,11 tỷ,"Nhà ngõ, hẻm",58 m²,,"189,66 triệu/m²",Đã có sổ,4 phòng,4 phòng,Nội thất đầy đủ,,,6.0,,,,,,Tây Nam,,,,,,,,
2025-10-03T23:59:10.404319,Cập nhật 4 ngày trước,"6,5 tỷ","Nhà ngõ, hẻm",29 m²,,"224,14 triệu/m²",Đã có sổ,3 phòng,4 phòng,,,,,,,,,,,,,,,,,,
2025-10-03T23:59:22.444199,Cập nhật 7 ngày trước,"34,5 tỷ",,190 m²,,"181,58 triệu/m²",Đã có sổ,,,,,,,,,,Đất thổ cư,,,,,,,,,,
2025-10-03T23:59:28.205748,Cập nhật 7 ngày trước,"4,75 tỷ",,60 m²,,"79,17 triệu/m²",Sổ hồng riêng,2 phòng,2 phòng,Nội thất đầy đủ,,,,Chưa bàn giao,Chung cư,,,,,,,,,,,,
2025-10-03T23:59:30.857964,Cập nhật 7 ngày trước,"19,7 tỷ","Nhà mặt phố, mặt tiền",72 m²,72 m²,"273,61 triệu/m²",Đã có sổ,2 phòng,2 phòng,Nội thất đầy đủ,4.3 m,15 m,2.0,,,Nhà nở hậu,,,Đông Nam,,,,,,,,
2025-10-03T23:59:41.505617,Cập nhật 7 ngày trước,"7,25 tỷ","Nhà ngõ, hẻm",41 m²,41 m²,"176,83 triệu/m²",Đã có sổ,1 phòng,1 phòng,Hoàn thiện cơ bản,5.2 m,8 m,1.0,,,Hiện trạng khác,,,,,,,,,,,
2025-10-03T23:59:42.528741,Cập nhật 7 ngày trước,"5,415 tỷ","Nhà ngõ, hẻm",57 m²,57 m²,95 triệu/m²,Đã có sổ,1 phòng,1 phòng,,4.1 m,13.8 m,1.0,,,Hẻm xe hơi,,,Tây Bắc,,,,,,,,
2025-10-03T23:59:43.167761,Cập nhật 4 ngày trước,"4,35 tỷ","Nhà ngõ, hẻm",15 m²,,290 triệu/m²,Đã có sổ,3 phòng,,,,,,,,,,,Đông Nam,,,,,,,,
2025-10-03T23:59:52.615962,Cập nhật 9 ngày trước,"6,8 tỷ","Nhà ngõ, hẻm",64 m²,64 m²,"106,25 triệu/m²",Đã có sổ,4 phòng,4 phòng,Nội thất đầy đủ,,,4.0,,,Nhà nở hậu,,,,,,,,2.0,,,
2025-10-04T00:00:03.361446,Cập nhật 8 ngày trước,22 tỷ,Nhà phố liền kề,75 m²,,"293,33 triệu/m²",Đã có sổ,4 phòng,4 phòng,Nội thất đầy đủ,5 m,15 m,5.0,,,,,,Đông Bắc,,,,,,,,
2025-10-04T00:00:05.304130,Cập nhật 6 ngày trước,"20,8 tỷ","Nhà mặt phố, mặt tiền",60 m²,60 m²,"346,67 triệu/m²",Đã có sổ,6 phòng,6 phòng,Nội thất cao cấp,,,6.0,,,,,,,,,,,,,,
2025-10-04T00:00:06.396196,Cập nhật 14 giờ trước,"4,35 tỷ","Nhà ngõ, hẻm",31 m²,150 m²,"140,32 triệu/m²",Đã có sổ,3 phòng,4 phòng,Nội thất đầy đủ,3.66 m,8.5 m,5.0,,,Nhà nở hậu,,,Đông Nam,,,,,,,,
2025-10-04T00:00:17.452454,Cập nhật 7 ngày trước,"9,6 tỷ","Nhà ngõ, hẻm",38 m²,38 m²,"252,63 triệu/m²",Đã có sổ,4 phòng,4 phòng,Nội thất cao cấp,,,6.0,,,,,,,,,,,,,,
2025-10-04T00:00:16.670574,Cập nhật 8 ngày trước,"8,7 tỷ","Nhà mặt phố, mặt tiền",38 m²,41 m²,"228,95 triệu/m²",Đã có sổ,3 phòng,4 phòng,Hoàn thiện cơ bản,,,5.0,,,,,,,,,,,,,,
2025-10-04T00:00:27.228333,Cập nhật 9 ngày trước,"21,5 tỷ","Nhà mặt phố, mặt tiền",56 m²,,"383,93 triệu/m²",Đã có sổ,4 phòng,6 phòng,Nội thất cao cấp,4 m,,8.0,,,Hẻm xe hơi,,,,,,,,,,,
2025-10-04T00:00:29.514056,Cập nhật 3 ngày trước,"13,5 tỷ","Nhà mặt phố, mặt tiền",51 m²,51 m²,"264,71 triệu/m²",Đã có sổ,2 phòng,1 phòng,Hoàn thiện cơ bản,4.2 m,12 m,2.0,,,,,,,,,,,,,,
2025-10-04T00:00:30.299078,Cập nhật 8 ngày trước,9 tỷ,"Nhà ngõ, hẻm",35 m²,,"257,14 triệu/m²",Đã có sổ,4 phòng,,,,,,,,,,,,,,,,,,,
2025-10-04T00:00:31.331904,Cập nhật 8 ngày trước,"7,9 tỷ","Nhà ngõ, hẻm",36 m²,,"219,44 triệu/m²",Đã có sổ,4 phòng,4 phòng,Nội thất cao cấp,4 m,9 m,5.0,,,"Hẻm xe hơi
Nhà nở hậu",,,Đông Bắc,,,,,,,,
2025-10-04T00:00:40.066985,Cập nhật 9 ngày trước,15 tỷ,"Nhà mặt phố, mặt tiền",30 m²,30 m²,500 triệu/m²,Đã có sổ,3 phòng,,,,,,,,Nhà nở hậu,,,,,,,,,,,
2025-10-04T00:00:51.348677,Cập nhật 7 ngày trước,"11,5 tỷ",Nhà phố liền kề,45 m²,45 m²,"255,56 triệu/m²",Đã có sổ,4 phòng,4 phòng,Nội thất cao cấp,5 m,9 m,6.0,,,Nhà nở hậu,,,,,,,,,,,
2025-10-04T00:00:54.454845,Cập nhật 8 ngày trước,"12,2 tỷ","Nhà ngõ, hẻm",35 m²,,"348,57 triệu/m²",Đã có sổ,3 phòng,4 phòng,Nội thất đầy đủ,,,,,,,,,,,,,,,,,
2025-10-04T00:00:57.069911,Cập nhật 15 giờ trước,"7,2 tỷ","Nhà ngõ, hẻm",33 m²,198 m²,"218,18 triệu/m²",Đã có sổ,4 phòng,3 phòng,Nội thất đầy đủ,3.3 m,10 m,6.0,,,,,,,,,,,,,,
2025-10-04T00:01:11.179526,Cập nhật 7 ngày trước,"2,4 tỷ",,420 m²,,"5,71 triệu/m²",Đã có sổ,,,,,,,,,,Đất thổ cư,m²,,,,,,,,,
2025-10-04T00:01:12.604359,Cập nhật 8 ngày trước,"3,66 tỷ","Nhà mặt phố, mặt tiền",30 m²,30 m²,"122,03 triệu/m²",Đã có sổ,3 phòng,2 phòng,,,,3.0,,,,,,Đông Bắc,,,,,,,,
2025-10-04T00:01:13.982656,Cập nhật 7 ngày trước,"5,4 tỷ","Nhà ngõ, hẻm",30 m²,,180 triệu/m²,Đã có sổ,3 phòng,4 phòng,Nội thất đầy đủ,,,5.0,,,"Hẻm xe hơi
Nhà nở hậu",,,,,,,,,,,
2025-10-04T00:01:22.544445,Cập nhật 7 ngày trước,30 tỷ,Nhà phố liền kề,93 m²,93 m²,"322,58 triệu/m²",Đã có sổ,6 phòng,,,7 m,13.2 m,5.0,,,,,,,,,,,,,,
2025-10-04T00:01:27.787497,Cập nhật 8 ngày trước,"14,2 tỷ","Nhà mặt phố, mặt tiền",50 m²,,284 triệu/m²,Đã có sổ,4 phòng,4 phòng,Nội thất đầy đủ,4 m,,5.0,,,Hẻm xe hơi,,,,,,,,,,,
2025-10-04T00:01:31.676058,Cập nhật 8 ngày trước,"13,5 tỷ",,79 m²,,"170,89 triệu/m²",Đã có sổ,,,,7 m,13 m,,,,Thổ cư toàn bộ,Đất thổ cư,m²,,,,,,,,,
2025-10-04T00:01:37.232267,Cập nhật 7 ngày trước,"12,5 tỷ",,53 m²,,"235,85 triệu/m²",Sổ hồng riêng,nhiều hơn 10 phòng,,,,,,Chưa bàn giao,"Căn hộ dịch vụ, mini",,,,,,,,,,,,
2025-10-04T00:01:47.214377,Cập nhật 7 ngày trước,"8,8 tỷ","Nhà ngõ, hẻm",45 m²,,"195,56 triệu/m²",Đã có sổ,4 phòng,,,,,4.0,,,,,,,,,,,,,,
2025-10-04T00:01:49.477761,Cập nhật 8 ngày trước,"1,95 tỷ",,35 m²,,"55,71 triệu/m²",Đã có sổ,,,,3.35 m,10.5 m,,,,Thổ cư toàn bộ,Đất thổ cư,m²,,,,,,,,,
2025-10-04T00:01:55.609189,Cập nhật 3 giờ trước,6 tỷ,"Nhà ngõ, hẻm",36 m²,200 m²,"166,67 triệu/m²",Đã có sổ,4 phòng,5 phòng,Hoàn thiện cơ bản,5 m,7 m,6.0,,,Hẻm xe hơi,,,Tây Nam,,,,,,,,
2025-10-04T00:01:55.928624,Cập nhật 7 ngày trước,"9,68 tỷ","Nhà ngõ, hẻm",42 m²,,"230,48 triệu/m²",Đã có sổ,4 phòng,3 phòng,Nội thất đầy đủ,4.25 m,10 m,4.0,,,,,,,,,,,,,,
2025-10-04T00:01:57.326276,Cập nhật 8 ngày trước,"2,96 tỷ",,43 m²,,"68,84 triệu/m²",Đã có sổ,,,,,,,,,,Đất thổ cư,m²,,,,,,,,,
2025-10-04T00:02:11.040648,Cập nhật 8 ngày trước,"7,25 tỷ","Nhà ngõ, hẻm",45 m²,45 m²,"161,11 triệu/m²",Đã có sổ,4 phòng,4 phòng,Nội thất đầy đủ,4 m,13 m,3.0,,,,,,,,,,,,,,
2025-10-04T00:02:12.206061,Cập nhật 8 ngày trước,"14,5 tỷ","Nhà ngõ, hẻm",46 m²,,"315,22 triệu/m²",Đã có sổ,4 phòng,,Nội thất cao cấp,,,4.0,,,"Hẻm xe hơi
Nhà nở hậu",,,,,,,,,,,
2025-10-04T00:02:18.556649,Cập nhật 7 ngày trước,"12,4 tỷ","Nhà ngõ, hẻm",40 m²,40 m²,310 triệu/m²,Đã có sổ,4 phòng,5 phòng,Nội thất đầy đủ,4.2 m,,6.0,,,Hẻm xe hơi,,,,,,,,,,,
2025-10-04T00:02:24.456394,Cập nhật 8 ngày trước,"5,69 tỷ",,89 m²,,"63,93 triệu/m²",Đã có sổ,,,,4.5 m,19 m,,,,"Mặt tiền
Hẻm xe hơi
Thổ cư toàn bộ",Đất thổ cư,,Nam,,,,,,,,
2025-10-04T00:02:25.587324,Cập nhật 8 ngày trước,"7,5 tỷ","Nhà ngõ, hẻm",43 m²,,"174,42 triệu/m²",Đã có sổ,3 phòng,,,,,,,,,,,,,,,,,,,
2025-10-04T00:02:34.300391,Cập nhật 9 ngày trước,"8,5 tỷ","Nhà ngõ, hẻm",37 m²,,"229,73 triệu/m²",Đã có sổ,3 phòng,3 phòng,,,,,,,,,,,,,,,,,,
2025-10-04T00:02:36.398016,Cập nhật 7 ngày trước,"7,8 tỷ","Nhà ngõ, hẻm",38 m²,,"205,26 triệu/m²",Đã có sổ,3 phòng,,,,,,,,,,,,,,,,,,,
2025-10-04T00:02:40.000434,Cập nhật 10 giờ trước,"8,6 tỷ","Nhà ngõ, hẻm",41 m²,41 m²,"209,76 triệu/m²",Đã có sổ,7 phòng,4 phòng,,3 m,15 m,5.0,,,Nhà nở hậu,,,Đông Nam,,,,,,,,
2025-10-04T00:02:48.293466,Cập nhật 8 ngày trước,"6,5 tỷ","Nhà mặt phố, mặt tiền",82 m²,,"79,27 triệu/m²",Đã có sổ,6 phòng,3 phòng,,3.5 m,23.42 m,3.0,,,,,,Bắc,,,,,,,,
2025-10-04T00:02:57.036799,Cập nhật 8 ngày trước,"4,2 tỷ","Nhà ngõ, hẻm",35 m²,35 m²,120 triệu/m²,Không có sổ,3 phòng,4 phòng,Nội thất đầy đủ,4 m,9 m,3.0,,,,,,,,,,,,,,
2025-10-04T00:03:00.441306,Cập nhật 8 ngày trước,"3,68 tỷ",,60 m²,,"61,33 triệu/m²",Sổ hồng riêng,2 phòng,2 phòng,Nội thất cao cấp,,,,Chưa bàn giao,"Tập thể, cư xá",,,,,,,,,,,,
2025-10-04T00:03:11.066662,Cập nhật 7 ngày trước,8 tỷ,"Nhà ngõ, hẻm",50 m²,50 m²,160 triệu/m²,Đã có sổ,8 phòng,,Nội thất đầy đủ,4.5 m,,6.0,,,Nhà nở hậu,,,Đông Nam,,,,,,,,
2025-10-04T00:03:19.858430,Cập nhật 7 ngày trước,9 tỷ,"Nhà ngõ, hẻm",35 m²,355 m²,"257,14 triệu/m²",Đã có sổ,3 phòng,4 phòng,Nội thất đầy đủ,,,5.0,,,Hẻm xe hơi,,,,,,,,,,,
2025-10-04T00:03:19.960523,Cập nhật 9 ngày trước,"5,7 tỷ",,48 m²,,"118,75 triệu/m²",Đã có sổ,,,,,,,,,,Đất thổ cư,,,,,,,,,,
2025-10-04T00:03:31.651287,Cập nhật 8 ngày trước,"6,5 tỷ","Nhà ngõ, hẻm",32 m²,,"203,12 triệu/m²",Đã có sổ,3 phòng,,,,,,,,,,,,,,,,,,,
2025-10-04T00:03:40.458956,Cập nhật 8 ngày trước,"6,3 tỷ","Nhà ngõ, hẻm",36 m²,,175 triệu/m²,Đã có sổ,4 phòng,4 phòng,Nội thất đầy đủ,,,5.0,,,Nhà nở hậu,,,,,,,,,,,
2025-10-04T00:03:45.041162,Cập nhật 7 ngày trước,"7,5 tỷ",,134 m²,,"55,97 triệu/m²",Sổ hồng riêng,3 phòng,2 phòng,Nội thất đầy đủ,,,,Đã bàn giao,Chung cư,,,,,,,,,,,,
2025-10-04T00:03:49.979988,Cập nhật 8 ngày trước,"7,3 tỷ",,72.5 m²,,"100,69 triệu/m²",Đã có sổ,,,,5 m,,,,,"Mặt tiền
Hẻm xe hơi
Thổ cư toàn bộ
Nở hậu",Đất thổ cư,,,,,,,,,,
2025-10-04T00:04:01.192689,Cập nhật 8 ngày trước,"3,4 tỷ",,48 m²,,"70,83 triệu/m²",Sổ hồng riêng,2 phòng,,,,,,Đã bàn giao,"Tập thể, cư xá",,,,,,,,,,,,
2025-10-04T00:04:02.261409,Cập nhật 6 ngày trước,"8,1 tỷ","Nhà ngõ, hẻm",33 m²,33 m²,"245,45 triệu/m²",Đã có sổ,4 phòng,4 phòng,Nội thất đầy đủ,,,6.0,,,,,,,,,,,,,,
2025-10-04T00:04:02.850358,Cập nhật 7 ngày trước,"2,85 tỷ",,43 m²,,"66,28 triệu/m²",Đã có sổ,,,,5.25 m,12.75 m,,,,Thổ cư toàn bộ,Đất thổ cư,m²,,,,,,,,,
2025-10-04T00:04:12.579209,Cập nhật 7 ngày trước,"1,48 tỷ",,36 m²,,"41,11 triệu/m²",Hợp đồng mua bán,1 phòng,1 phòng,Nội thất đầy đủ,,,,Đã bàn giao,Chung cư,,,,,,9.0,11,,,Căn góc,,
2025-10-04T00:04:23.554928,Cập nhật 9 ngày trước,"10,5 tỷ","Nhà ngõ, hẻm",36 m²,216 m²,"291,67 triệu/m²",Đã có sổ,4 phòng,5 phòng,,6 m,,6.0,,,,,,,,,,,,,,
2025-10-04T00:04:25.035397,Cập nhật 7 ngày trước,"7,3 tỷ","Nhà mặt phố, mặt tiền",45 m²,,"162,22 triệu/m²",Đã có sổ,4 phòng,,,,,,,,,,,,,,,,,,,
2025-10-04T00:04:34.907036,Cập nhật 8 ngày trước,"7,3 tỷ","Nhà ngõ, hẻm",41 m²,,"178,05 triệu/m²",Đã có sổ,4 phòng,3 phòng,Nội thất đầy đủ,,,4.0,,,,,,,,,,,,,,
2025-10-04T00:04:46.017908,Cập nhật 8 ngày trước,"7,8 tỷ","Nhà ngõ, hẻm",46 m²,230 m²,"169,57 triệu/m²",Đã có sổ,3 phòng,3 phòng,Hoàn thiện cơ bản,5 m,9.4 m,4.0,,,,,,,,,,,,,,
2025-10-04T00:04:49.225184,Cập nhật 7 ngày trước,"7,7 tỷ","Nhà ngõ, hẻm",45 m²,,"171,11 triệu/m²",Đã có sổ,4 phòng,,,,,,,,,,,,,,,,,,,
2025-10-04T00:04:52.819828,Cập nhật 9 ngày trước,"16,2 tỷ","Nhà mặt phố, mặt tiền",75 m²,,216 triệu/m²,Đã có sổ,4 phòng,,,5 m,,,,,,,,,,,,,,,,
2025-10-04T00:04:58.868141,Cập nhật 7 ngày trước,33 tỷ,"Nhà mặt phố, mặt tiền",116 m²,,"284,48 triệu/m²",Đã có sổ,nhiều hơn 10 phòng,Nhiều hơn 6 phòng,,5.5 m,,7.0,,,,,,,,,,,,,,
2025-10-04T00:05:07.959664,Cập nhật 5 ngày trước,63 tỷ,Nhà biệt thự,140 m²,420 m²,450 triệu/m²,Đã có sổ,5 phòng,3 phòng,Hoàn thiện cơ bản,623 m,,3.0,,,"Hẻm xe hơi
Nhà nở hậu",,,Nam,,,,,,,,
2025-10-04T00:05:11.488043,Cập nhật 4 ngày trước,42 tỷ,"Nhà mặt phố, mặt tiền",146 m²,146 m²,"287,67 triệu/m²",Đã có sổ,3 phòng,3 phòng,Hoàn thiện cơ bản,4.8 m,31 m,4.0,,,,,,Bắc,,,,,,,,
2025-10-04T00:05:15.263745,Cập nhật 8 ngày trước,"7,7 tỷ","Nhà ngõ, hẻm",45 m²,,"171,11 triệu/m²",Đã có sổ,3 phòng,4 phòng,Nội thất đầy đủ,,,5.0,,,,,,,,,,,,,,
2025-10-04T00:05:20.010258,Cập nhật 8 ngày trước,"6,45 tỷ","Nhà ngõ, hẻm",25 m²,,258 triệu/m²,Đã có sổ,3 phòng,4 phòng,,,,4.0,,,,,,,,,,,,,,
2025-10-04T00:05:23.436367,Cập nhật 8 ngày trước,16 tỷ,"Nhà mặt phố, mặt tiền",45 m²,50 m²,"355,56 triệu/m²",Đã có sổ,2 phòng,2 phòng,Bàn giao thô,4 m,12 m,2.0,,,,,,,,,,,,,,
2025-10-04T00:05:29.863215,Cập nhật 7 ngày trước,"11,5 tỷ","Nhà ngõ, hẻm",36 m²,36 m²,"319,44 triệu/m²",Đã có sổ,6 phòng,,Nội thất đầy đủ,,,5.0,,,,,,,,,,,,,,
2025-10-04T00:05:32.173971,Cập nhật 7 ngày trước,"3,5 tỷ",,80 m²,,"43,75 triệu/m²",Sổ hồng riêng,2 phòng,3 phòng,Nội thất đầy đủ,,,,Đã bàn giao,"Tập thể, cư xá",,,,,,,,,,,,
2025-10-04T00:05:37.344439,Cập nhật 17 giờ trước,"24,5 tỷ","Nhà mặt phố, mặt tiền",50 m²,,490 triệu/m²,Đã có sổ,5 phòng,Nhiều hơn 6 phòng,,,,7.0,,,,,,,,,,,,,,
2025-10-04T00:05:45.629974,Cập nhật 9 ngày trước,18 tỷ,"Nhà ngõ, hẻm",55 m²,55 m²,"327,27 triệu/m²",Đã có sổ,nhiều hơn 10 phòng,Nhiều hơn 6 phòng,Nội thất đầy đủ,7 m,7.85 m,6.0,,,"Nhà nở hậu
Hẻm xe hơi
Hiện trạng khác",,,,,,,,,,,
2025-10-04T00:05:48.945152,Cập nhật 3 ngày trước,"5,2 tỷ","Nhà ngõ, hẻm",25 m²,,208 triệu/m²,Đã có sổ,3 phòng,,Nội thất cao cấp,,,5.0,,,,,,,,,,,,,,
2025-10-04T00:05:52.760797,Cập nhật 8 ngày trước,8 tỷ,"Nhà ngõ, hẻm",35 m²,,"228,57 triệu/m²",Đã có sổ,3 phòng,4 phòng,Nội thất cao cấp,3.4 m,10 m,5.0,,,Hiện trạng khác,,,,,,,,,,,
2025-10-04T00:06:03.108451,Cập nhật 8 ngày trước,"7,2 tỷ","Nhà ngõ, hẻm",31 m²,,"232,26 triệu/m²",Đã có sổ,3 phòng,4 phòng,Nội thất đầy đủ,,,5.0,,,Hẻm xe hơi,,,Tây Nam,,,,,,,,
2025-10-04T00:06:05.126176,Cập nhật 9 ngày trước,"3,8 tỷ",Nhà phố liền kề,21 m²,,"180,95 triệu/m²",Đã có sổ,3 phòng,,,,,,,,,,,,,,,,,,,
2025-10-04T00:06:09.036602,Cập nhật 7 ngày trước,118 tỷ,"Nhà mặt phố, mặt tiền",216 m²,216 m²,"546,30 triệu/m²",Đã có sổ,nhiều hơn 10 phòng,Nhiều hơn 6 phòng,,12 m,20 m,10.0,,,,,,Đông Bắc,,,,,,,,
2025-10-04T00:06:10.584959,Cập nhật 7 ngày trước,"26,8 tỷ",Nhà phố liền kề,80 m²,80 m²,335 triệu/m²,Đã có sổ,5 phòng,6 phòng,Nội thất cao cấp,6 m,,6.0,,,"Hẻm xe hơi
Nhà nở hậu",,,,,,,,,,,
2025-10-04T00:06:15.954040,Cập nhật 9 ngày trước,"8,3 tỷ","Nhà ngõ, hẻm",43 m²,,"193,02 triệu/m²",Đã có sổ,4 phòng,3 phòng,,,,,,,,,,,,,,,,,,
2025-10-04T00:06:18.816476,Cập nhật 9 ngày trước,"6,3 tỷ","Nhà ngõ, hẻm",27 m²,,"233,33 triệu/m²",Đã có sổ,3 phòng,4 phòng,,,,,,,,,,,,,,,,,,
2025-10-04T00:06:33.509955,Cập nhật 2 ngày trước,"13,7 tỷ","Nhà mặt phố, mặt tiền",52 m²,300 m²,"263,46 triệu/m²",Đã có sổ,6 phòng,6 phòng,Nội thất cao cấp,4.5 m,12 m,6.0,,,"Hẻm xe hơi
Nhà nở hậu",,,Đông Nam,,,,,,,,
2025-10-04T00:06:33.673170,Cập nhật 7 giờ trước,"3,9 tỷ",,114 m²,,"34,21 triệu/m²",Sổ hồng riêng,3 phòng,2 phòng,Hoàn thiện cơ bản,,,,Đã bàn giao,"Căn hộ dịch vụ, mini",,,,,,,,,,,,
2025-10-04T00:06:38.741741,Cập nhật 16 giờ trước,"12,5 tỷ","Nhà mặt phố, mặt tiền",38 m²,,"328,95 triệu/m²",Đã có sổ,6 phòng,5 phòng,,,,5.0,,,,,,,,,,,,,,
2025-10-04T00:06:42.325356,Cập nhật 8 ngày trước,"3,4 tỷ",,40 m²,,85 triệu/m²,Sổ hồng riêng,1 phòng,1 phòng,Hoàn thiện cơ bản,,,,Chưa bàn giao,"Tập thể, cư xá",,,,,,,,,,,,
2025-10-04T00:06:51.078913,Cập nhật 5 giờ trước,"4,35 tỷ","Nhà ngõ, hẻm",15.6 m²,17 m²,"278,85 triệu/m²",Đã có sổ,3 phòng,4 phòng,Nội thất đầy đủ,4.5 m,,5.0,,,Nhà nở hậu,,,,,,,,,,,
2025-10-04T00:06:52.723693,Cập nhật 8 ngày trước,"10,755 tỷ","Nhà ngõ, hẻm",48 m²,50 m²,"224,06 triệu/m²",Đã có sổ,4 phòng,5 phòng,Hoàn thiện cơ bản,,,5.0,,,Nhà nở hậu,,,,,,,,,,,
2025-10-04T00:06:57.859628,Cập nhật 2 ngày trước,"3,75 tỷ","Nhà ngõ, hẻm",16 m²,,"234,38 triệu/m²",Đã có sổ,2 phòng,2 phòng,Nội thất đầy đủ,,,3.0,,,,,,,,,,,,,,
2025-10-04T00:07:02.585510,Cập nhật 8 ngày trước,14 tỷ,"Nhà ngõ, hẻm",60 m²,60 m²,"233,33 triệu/m²",Đã có sổ,3 phòng,4 phòng,Nội thất cao cấp,,,5.0,,,,,,,,,,,,,,
2025-10-04T00:07:04.498321,Cập nhật 7 ngày trước,"4,85 tỷ",,80 m²,,"60,62 triệu/m²",Sổ hồng riêng,2 phòng,,,,,,Đã bàn giao,"Tập thể, cư xá",,,,,,,,,,,,
2025-10-04T00:07:11.980062,Cập nhật 16 giờ trước,"5,5 tỷ","Nhà ngõ, hẻm",25 m²,125 m²,220 triệu/m²,Đã có sổ,3 phòng,3 phòng,Nội thất cao cấp,5 m,5 m,5.0,,,,,,Tây Nam,,,,,,,,
2025-10-04T00:07:13.247695,Cập nhật 7 ngày trước,"6,2 tỷ","Nhà ngõ, hẻm",30 m²,150 m²,"206,67 triệu/m²",Đã có sổ,3 phòng,4 phòng,Nội thất đầy đủ,5 m,,5.0,,,,,,,,,,,,,,
2025-10-04T00:07:13.828077,Cập nhật 9 ngày trước,"5,3 tỷ",,54.5 m²,,"97,25 triệu/m²",Đã có sổ,,,,4.97 m,11 m,,,,,Đất thổ cư,,,,,,,,,,
2025-10-04T00:07:24.370570,Cập nhật 8 ngày trước,"5,1 tỷ","Nhà ngõ, hẻm",50 m²,,102 triệu/m²,Đã có sổ,4 phòng,4 phòng,Nội thất đầy đủ,,,4.0,,,Nhà nở hậu,,,,,,,,,,,
2025-10-04T00:07:27.044936,Cập nhật 3 ngày trước,"7,25 tỷ","Nhà ngõ, hẻm",31 m²,31 m²,"233,87 triệu/m²",Đã có sổ,1 phòng,4 phòng,Nội thất đầy đủ,,,5.0,,,Nhà nở hậu,,,Nam,,,,,,,,
2025-10-04T00:07:29.416474,Cập nhật 9 ngày trước,"5,8 tỷ","Nhà ngõ, hẻm",31 m²,31 m²,"187,10 triệu/m²",Đã có sổ,2 phòng,2 phòng,Nội thất đầy đủ,4.1 m,7.3 m,3.0,,,Nhà nở hậu,,,,,,,,1.0,,,
2025-10-04T00:07:35.394734,Cập nhật 8 ngày trước,"8,2 tỷ","Nhà mặt phố, mặt tiền",46 m²,,"178,26 triệu/m²",Đã có sổ,4 phòng,,,,,,,,,,,,,,,,,,,
2025-10-04T00:07:37.393396,Cập nhật 7 ngày trước,"7,6 tỷ","Nhà mặt phố, mặt tiền",43 m²,,"176,74 triệu/m²",Đã có sổ,4 phòng,,,,,,,,,,,,,,,,,,,
2025-10-04T00:07:38.302279,Cập nhật 9 ngày trước,"7,7 tỷ","Nhà ngõ, hẻm",39 m²,,"197,44 triệu/m²",Đã có sổ,3 phòng,4 phòng,,,,,,,,,,,,,,,,,,
2025-10-04T00:07:49.171908,Cập nhật 7 ngày trước,"9,6 tỷ",,60 m²,,160 triệu/m²,Đã có sổ,,,,5.8 m,10.34 m,,,,,Đất thổ cư,m²,Đông,,,,,,,,
2025-10-04T00:07:51.583420,Cập nhật 8 ngày trước,"16,65 tỷ","Nhà ngõ, hẻm",47 m²,,"354,26 triệu/m²",Đã có sổ,nhiều hơn 10 phòng,,Nội thất cao cấp,,,,,,Nhà nở hậu,,,,,,,,,,,
2025-10-04T00:07:57.536096,Cập nhật 9 ngày trước,"5,999 tỷ","Nhà ngõ, hẻm",33 m²,,"181,79 triệu/m²",Đã có sổ,3 phòng,3 phòng,,,,,,,,,,Tây,,,,,,,,
2025-10-04T00:08:01.486088,Cập nhật 9 ngày trước,5 tỷ,,92.1 m²,,"54,29 triệu/m²",Đã có sổ,,,,6.1 m,,,,,Thổ cư toàn bộ,Đất thổ cư,m²,Tây Nam,,,,,,,,
2025-10-04T00:08:08.430844,Cập nhật 7 ngày trước,"8,2 tỷ","Nhà ngõ, hẻm",37 m²,37 m²,"221,62 triệu/m²",Đã có sổ,4 phòng,4 phòng,Nội thất cao cấp,3.5 m,,5.0,,,Hẻm xe hơi,,,,,,,,,,,
2025-10-04T00:08:13.659354,Cập nhật 8 ngày trước,"14,5 tỷ","Nhà ngõ, hẻm",45 m²,,"322,22 triệu/m²",Đã có sổ,3 phòng,4 phòng,Nội thất cao cấp,4 m,,7.0,,,Hẻm xe hơi,,,,,,,,,,,
2025-10-04T00:08:18.411332,Cập nhật 7 ngày trước,"13,8 tỷ",Nhà phố liền kề,65 m²,,"212,31 triệu/m²",Đã có sổ,4 phòng,4 phòng,Nội thất cao cấp,5 m,,6.0,,,"Hẻm xe hơi
Nhà nở hậu",,,,,,,,,,,
2025-10-04T00:08:23.696258,Cập nhật 7 ngày trước,"7,11 tỷ","Nhà ngõ, hẻm",31 m²,153 m²,"229,35 triệu/m²",Đã có sổ,3 phòng,3 phòng,,3.1 m,10 m,5.0,,,Nhà nở hậu,,,,,,,,,,,
2025-10-04T00:08:23.398298,Cập nhật 7 ngày trước,"12,79 tỷ","Nhà ngõ, hẻm",40 m²,300 m²,"319,75 triệu/m²",Đã có sổ,3 phòng,5 phòng,Nội thất cao cấp,4 m,,7.0,,,"Hẻm xe hơi
Nhà nở hậu",,,,,,,,,,,
2025-10-04T00:08:30.378893,Cập nhật 7 ngày trước,"2,625 tỷ",,63 m²,,"41,67 triệu/m²",Đã có sổ,,,,4 m,16 m,,,,,Đất thổ cư,m²,,,,,,,,,
2025-10-04T00:08:32.575720,Cập nhật 5 ngày trước,"36,8 tỷ","Nhà mặt phố, mặt tiền",50 m²,400 m²,736 triệu/m²,Đã có sổ,7 phòng,Nhiều hơn 6 phòng,,5 m,10 m,8.0,,,Nhà nở hậu,,,,,,,,,,,
2025-10-04T00:08:42.515601,Cập nhật 8 ngày trước,"13,8 tỷ","Nhà ngõ, hẻm",45 m²,45 m²,"306,67 triệu/m²",Đã có sổ,4 phòng,5 phòng,Hoàn thiện cơ bản,,,,,,"Hẻm xe hơi
Nhà nở hậu",,,,,,,,,,,
2025-10-04T00:08:43.393315,Cập nhật 9 ngày trước,10 tỷ,"Nhà ngõ, hẻm",40 m²,,250 triệu/m²,Đã có sổ,4 phòng,,Nội thất cao cấp,,,6.0,,,,,,,,,,,,,,
2025-10-04T00:08:46.108386,Cập nhật 8 ngày trước,"7,5 tỷ","Nhà ngõ, hẻm",46 m²,,"163,04 triệu/m²",Đã có sổ,4 phòng,4 phòng,,,,5.0,,,,,,,,,,,,,,
2025-10-04T00:08:47.186966,Cập nhật 7 ngày trước,"6,45 tỷ","Nhà ngõ, hẻm",30 m²,,215 triệu/m²,Đã có sổ,3 phòng,,,,,,,,,,,,,,,,,,,
2025-10-04T00:08:54.473992,Cập nhật 8 ngày trước,"17,6 tỷ","Nhà ngõ, hẻm",45 m²,,"391,11 triệu/m²",Đã có sổ,3 phòng,,Nội thất cao cấp,,,6.0,,,"Nhà nở hậu
Hẻm xe hơi",,,,,,,,,,,
2025-10-04T00:09:04.942539,Cập nhật 9 ngày trước,28 tỷ,Nhà phố liền kề,100 m²,700 m²,280 triệu/m²,Đã có sổ,nhiều hơn 10 phòng,Nhiều hơn 6 phòng,Nội thất cao cấp,6.5 m,15 m,7.0,,,Nhà nở hậu,,,Tây Nam,,,,,,,,
2025-10-04T00:09:07.538308,Cập nhật 14 giờ trước,"2,55 tỷ","Nhà ngõ, hẻm",18 m²,68 m²,"141,67 triệu/m²",Đã có sổ,3 phòng,3 phòng,Nội thất đầy đủ,,,4.0,,,,,,,,,,,,,,
2025-10-04T00:09:19.207013,Cập nhật 2 ngày trước,5 tỷ,"Nhà ngõ, hẻm",30 m²,30 m²,"166,67 triệu/m²",Đã có sổ,3 phòng,4 phòng,Nội thất đầy đủ,4 m,8 m,5.0,,,"Hẻm xe hơi
Nhà nở hậu",,,Đông Nam,,,,,,,,
2025-10-04T00:09:29.783906,Cập nhật 8 ngày trước,"11,9 tỷ","Nhà ngõ, hẻm",42 m²,,"283,33 triệu/m²",Đã có sổ,4 phòng,,Nội thất đầy đủ,,,,,,Hẻm xe hơi,,,,,,,,,,,
2025-10-04T00:09:37.029697,Cập nhật 8 ngày trước,8 tỷ,"Nhà ngõ, hẻm",31 m²,,"258,06 triệu/m²",Đã có sổ,3 phòng,,,,,,,,,,,,,,,,,,,
2025-10-04T00:09:38.308811,Cập nhật 7 ngày trước,"6,75 tỷ","Nhà ngõ, hẻm",55 m²,55 m²,"122,73 triệu/m²",Đã có sổ,3 phòng,,Nội thất cao cấp,4 m,,5.0,,,,,,,,,,,,,,
2025-10-04T00:09:42.169003,Cập nhật 8 ngày trước,"5,2 tỷ",,1000 m²,,"5,20 triệu/m²",Đã có sổ,,,,35 m,,,,,Mặt tiền,Đất thổ cư,,,,,,,,,,
2025-10-04T00:09:43.004476,Cập nhật 7 ngày trước,"1,48 tỷ",,35 m²,,"42,29 triệu/m²",Hợp đồng mua bán,1 phòng,1 phòng,Nội thất đầy đủ,,,,Đã bàn giao,"Căn hộ dịch vụ, mini",,,,,,2.0,7,,,,,
2025-10-04T00:09:50.595823,Cập nhật 8 ngày trước,"14,5 tỷ","Nhà ngõ, hẻm",45 m²,,"322,22 triệu/m²",Đã có sổ,6 phòng,,,,,5.0,,,Hẻm xe hơi,,,,,,,,,,,
2025-10-04T00:09:59.494001,Cập nhật 9 ngày trước,10 tỷ,,80 m²,,125 triệu/m²,Đã có sổ,,,,5 m,16 m,,,,"Mặt tiền
Hẻm xe hơi
Thổ cư toàn bộ",Đất nền dự án,m²,Nam,,,,,,,,
2025-10-04T00:10:00.686953,Cập nhật 7 ngày trước,"6,98 tỷ","Nhà ngõ, hẻm",40 m²,200 m²,"174,50 triệu/m²",Đã có sổ,3 phòng,4 phòng,Nội thất cao cấp,4 m,10 m,5.0,,,,,,,,,,,,,,
2025-10-04T00:10:02.752722,Cập nhật 8 ngày trước,"7,8 tỷ","Nhà mặt phố, mặt tiền",43 m²,,"181,40 triệu/m²",Đã có sổ,4 phòng,,,,,,,,,,,,,,,,,,,
2025-10-04T00:10:13.255525,Cập nhật 7 ngày trước,"4,4 tỷ",Nhà phố liền kề,35 m²,35 m²,"125,71 triệu/m²",Đã có sổ,3 phòng,4 phòng,Hoàn thiện cơ bản,,,4.0,,,,,,,,,,,,,,
2025-10-04T00:10:17.081634,Cập nhật 9 ngày trước,15 tỷ,"Nhà mặt phố, mặt tiền",41 m²,43 m²,"365,85 triệu/m²",Đã có sổ,5 phòng,4 phòng,,,,,,,"Hẻm xe hơi
Nhà nở hậu",,,,,,,,,,,
2025-10-04T00:10:25.650256,Cập nhật 16 giờ trước,"31,5 tỷ","Nhà ngõ, hẻm",106 m²,,"297,17 triệu/m²",Đã có sổ,8 phòng,,,5 m,,6.0,,,Hẻm xe hơi,,,,,,,,,,,
2025-10-04T00:10:25.856559,Cập nhật 8 ngày trước,"6,8 tỷ","Nhà ngõ, hẻm",42 m²,,"161,90 triệu/m²",Đã có sổ,3 phòng,,,,,,,,,,,,,,,,,,,
2025-10-04T00:10:37.802729,Cập nhật 7 ngày trước,"3,8 tỷ",,55 m²,,"69,09 triệu/m²",Đã có sổ,,,,,,,,,,Đất thổ cư,,,,,,,,,,
2025-10-04T00:10:40.593524,Cập nhật 8 ngày trước,"3,34 tỷ","Nhà ngõ, hẻm",62 m²,62 m²,"53,87 triệu/m²",Đã có sổ,2 phòng,1 phòng,Nội thất đầy đủ,5 m,12 m,1.0,,,"Hẻm xe hơi
Nhà nở hậu",,,,,,,,,,,
2025-10-04T00:10:47.463014,Cập nhật 9 ngày trước,"7,65 tỷ","Nhà ngõ, hẻm",42 m²,,"182,14 triệu/m²",Đã có sổ,3 phòng,4 phòng,Nội thất đầy đủ,,,5.0,,,,,,,,,,,,,,
2025-10-04T00:10:50.561217,Cập nhật 9 ngày trước,"8,8 tỷ",,49.5 m²,,"177,78 triệu/m²",Đã có sổ,,,,,,,,,Thổ cư toàn bộ,Đất thổ cư,,,,,,,,,,
2025-10-04T00:10:54.092530,Cập nhật 8 ngày trước,"7,8 tỷ","Nhà mặt phố, mặt tiền",40 m²,,195 triệu/m²,Đã có sổ,6 phòng,6 phòng,,,,6.0,,,Nhà nở hậu,,,,,,,,,,,
2025-10-04T00:11:01.642474,Cập nhật 7 ngày trước,"6,2 tỷ",,41 m²,,"151,22 triệu/m²",Đã có sổ,,,,,,,,,,Đất thổ cư,m²,,,,,,,,,
2025-10-04T00:11:11.496367,Cập nhật 8 ngày trước,"4,4 tỷ",,41 m²,,"107,32 triệu/m²",Đã có sổ,,,,,,,,,,Đất thổ cư,m²,,,,,,,,,
2025-10-04T00:11:22.107712,Cập nhật 4 ngày trước,"14,8 tỷ",,65 m²,,"227,69 triệu/m²",Sổ hồng riêng,nhiều hơn 10 phòng,Nhiều hơn 6 phòng,Nội thất đầy đủ,,,,Chưa bàn giao,"Căn hộ dịch vụ, mini",,,,,,,,,,,,
2025-10-04T00:11:23.044221,Cập nhật 8 ngày trước,"5,9 tỷ",,43 m²,,"137,21 triệu/m²",Đã có sổ,,,,,,,,,,Đất thổ cư,m²,,,,,,,,,
2025-10-04T00:11:37.576853,Cập nhật 8 ngày trước,"46,38 tỷ","Nhà ngõ, hẻm",90 m²,96 m²,"515,33 triệu/m²",Đã có sổ,4 phòng,Nhiều hơn 6 phòng,Nội thất đầy đủ,6 m,,9.0,,,Hẻm xe hơi,,,,,,,,,,,
2025-10-04T00:11:50.598151,Cập nhật 7 ngày trước,"8,95 tỷ","Nhà ngõ, hẻm",37 m²,,"241,89 triệu/m²",Đã có sổ,3 phòng,,Nội thất đầy đủ,,,6.0,,,,,,,,,,,,,,
2025-10-04T00:11:54.410161,Cập nhật 9 ngày trước,"4,5 tỷ","Nhà ngõ, hẻm",45 m²,130 m²,100 triệu/m²,Đã có sổ,4 phòng,3 phòng,,4 m,10 m,3.0,,,Hẻm xe hơi,,,,,,,,,,,
2025-10-04T00:11:57.399776,Cập nhật 6 ngày trước,"8,73 tỷ","Nhà ngõ, hẻm",34 m²,34 m²,"256,76 triệu/m²",Đã có sổ,4 phòng,,Nội thất đầy đủ,,,5.0,,,"Hẻm xe hơi
Nhà nở hậu",,,,,,,,,,,
2025-10-04T00:11:58.416885,Cập nhật 13 giờ trước,"5,5 tỷ","Nhà ngõ, hẻm",45 m²,65 m²,"122,22 triệu/m²",Giấy tờ viết tay,2 phòng,1 phòng,Nội thất đầy đủ,4.5 m,10 m,,,,"Hẻm xe hơi
Nhà nở hậu",,,Đông Nam,,,,,,,,
2025-10-04T00:12:13.431253,Cập nhật 3 ngày trước,"11,95 tỷ","Nhà ngõ, hẻm",55 m²,,"217,27 triệu/m²",Đã có sổ,4 phòng,,,,,4.0,,,Hẻm xe hơi,,,,,,,,,,,
2025-10-04T00:12:14.685958,Cập nhật 8 ngày trước,"6,7 tỷ","Nhà mặt phố, mặt tiền",48 m²,,"139,58 triệu/m²",Đã có sổ,4 phòng,,,,,,,,,,,,,,,,,,,
2025-10-04T00:12:17.570906,Cập nhật 8 ngày trước,11 tỷ,"Nhà ngõ, hẻm",76 m²,76 m²,"144,74 triệu/m²",Đã có sổ,5 phòng,4 phòng,Nội thất đầy đủ,5 m,15 m,4.0,,,,,,Đông Nam,,,,,,,,
2025-10-04T00:12:21.054181,Cập nhật 7 ngày trước,"9,3 tỷ","Nhà ngõ, hẻm",38 m²,,"244,74 triệu/m²",Đã có sổ,4 phòng,4 phòng,Hoàn thiện cơ bản,,,5.0,,,,,,,,,,,,,,
2025-10-04T00:12:28.346010,Cập nhật 9 ngày trước,95 tỷ,"Nhà mặt phố, mặt tiền",125 m²,250 m²,760 triệu/m²,Đã có sổ,8 phòng,2 phòng,,3 m,45 m,2.0,,,Nhà nở hậu,,,Đông Bắc,,,,,,,,
2025-10-04T00:12:32.045594,Cập nhật 2 ngày trước,"7,35 tỷ","Nhà ngõ, hẻm",32 m²,32 m²,"229,69 triệu/m²",Đang chờ sổ,4 phòng,,Hoàn thiện cơ bản,,,4.0,,,,,,Đông Bắc,,,,,,,,
2025-10-04T00:12:36.510974,Cập nhật 4 giờ trước,"6,8 tỷ","Nhà ngõ, hẻm",32 m²,,"212,50 triệu/m²",Đã có sổ,5 phòng,,,,,,,,,,,,,,,,,,,
2025-10-04T00:12:40.246523,Cập nhật 7 ngày trước,"3,75 tỷ","Nhà ngõ, hẻm",30 m²,40 m²,125 triệu/m²,Đã có sổ,4 phòng,3 phòng,,,,,,,Hẻm xe hơi,,,Đông,,,,,,,,
2025-10-04T00:12:42.899166,Cập nhật 8 ngày trước,"7,2 tỷ","Nhà ngõ, hẻm",45.8 m²,,"157,21 triệu/m²",Đã có sổ,2 phòng,,,,,,,,"Hẻm xe hơi
Nhà nở hậu",,,,,,,,,,,
2025-10-04T00:12:47.245789,Cập nhật 9 ngày trước,"7,5 tỷ","Nhà ngõ, hẻm",100 m²,100 m²,75 triệu/m²,Đã có sổ,nhiều hơn 10 phòng,Nhiều hơn 6 phòng,,8 m,12.5 m,,,,,,,,,,,,,,,
2025-10-04T00:12:49.493243,Cập nhật 9 ngày trước,"6,1 tỷ","Nhà ngõ, hẻm",38 m²,,"160,53 triệu/m²",Đã có sổ,3 phòng,,,,,4.0,,,,,,,,,,,,,,
2025-10-04T00:13:00.747768,Cập nhật 8 ngày trước,"15,5 tỷ","Nhà mặt phố, mặt tiền",66 m²,,"234,85 triệu/m²",Đã có sổ,10 phòng,Nhiều hơn 6 phòng,,,,6.0,,,,,,,,,,,,,,
2025-10-04T00:13:03.752682,Cập nhật 1 ngày trước,35 tỷ,"Nhà mặt phố, mặt tiền",80 m²,,"437,50 triệu/m²",Đã có sổ,6 phòng,6 phòng,Nội thất cao cấp,7.5 m,11 m,6.0,,,Hẻm xe hơi,,,,,,Phùng Chí Kiên,,2.0,,,
2025-10-04T00:13:09.580809,Cập nhật 8 ngày trước,5 tỷ,"Nhà ngõ, hẻm",50 m²,,100 triệu/m²,Đã có sổ,4 phòng,4 phòng,Nội thất đầy đủ,,,4.0,,,,,,,,,,,,,,
2025-10-04T00:13:08.500829,Cập nhật 7 ngày trước,"4,2 tỷ",,58 m²,,"72,41 triệu/m²",Đã có sổ,,,,6 m,9.5 m,,,,"Hẻm xe hơi
Thổ cư toàn bộ
Mặt tiền",Đất thổ cư,m²,,,,,,,,,
2025-10-04T00:13:11.668823,Cập nhật 7 ngày trước,"5,6 tỷ","Nhà ngõ, hẻm",32 m²,31 m²,175 triệu/m²,Đã có sổ,3 phòng,,,,,,,,,,,,,,,,,,,
2025-10-04T00:13:19.119494,Cập nhật 7 ngày trước,"4,1 tỷ","Nhà ngõ, hẻm",50 m²,,82 triệu/m²,Đã có sổ,4 phòng,3 phòng,Nội thất cao cấp,,,4.0,,,,,,,,,,,,,,
2025-10-04T00:13:25.337057,Cập nhật 9 ngày trước,"8,7 tỷ","Nhà ngõ, hẻm",64 m²,64 m²,"135,94 triệu/m²",Đã có sổ,5 phòng,,Nội thất đầy đủ,,,,,,,,,,,,,,,,,
2025-10-04T00:13:32.356916,Cập nhật 7 ngày trước,"9,3 tỷ","Nhà ngõ, hẻm",45 m²,,"206,67 triệu/m²",Đã có sổ,4 phòng,,Nội thất cao cấp,4.5 m,10 m,6.0,,,,,,,,,,,,,,
2025-10-04T00:13:35.813589,Cập nhật 8 ngày trước,"12,7 tỷ","Nhà mặt phố, mặt tiền",38 m²,,"334,21 triệu/m²",Đã có sổ,3 phòng,4 phòng,Nội thất đầy đủ,,,5.0,,,,,,,,,,,,,,
2025-10-04T00:13:39.256615,Cập nhật 7 ngày trước,"1,9 tỷ",,56 m²,,"33,93 triệu/m²",Đã có sổ,,,,4 m,14.3 m,,,,,Đất thổ cư,m²,,,,,,,,,
2025-10-04T00:13:47.260600,Cập nhật 7 ngày trước,"5,65 tỷ","Nhà ngõ, hẻm",52 m²,,"108,65 triệu/m²",Đã có sổ,3 phòng,4 phòng,,,,,,,Nhà nở hậu,,,,,,,,,,,
2025-10-04T00:13:54.938805,Cập nhật 9 ngày trước,"4,95 tỷ","Nhà ngõ, hẻm",32.7 m²,,"151,38 triệu/m²",Đã có sổ,5 phòng,,Nội thất đầy đủ,3 m,12 m,5.0,,,,,,,,,,,,,,
2025-10-04T00:13:56.234464,Cập nhật 9 ngày trước,"6,35 tỷ","Nhà ngõ, hẻm",25 m²,,254 triệu/m²,Đã có sổ,4 phòng,5 phòng,,,,6.0,,,,,,,,,,,,,,
2025-10-04T00:13:58.218914,Cập nhật 7 ngày trước,"7,5 tỷ","Nhà ngõ, hẻm",40 m²,,"187,50 triệu/m²",Đã có sổ,4 phòng,,,,,,,,,,,,,,,,,,,
2025-10-04T00:14:01.835171,Cập nhật 7 ngày trước,"7,3 tỷ","Nhà ngõ, hẻm",43 m²,,"169,77 triệu/m²",Đã có sổ,3 phòng,3 phòng,,4.6 m,,5.0,,,,,,,,,,,,,,
2025-10-04T00:14:10.907599,Cập nhật 7 ngày trước,"9,1 tỷ","Nhà ngõ, hẻm",55 m²,,"165,45 triệu/m²",Đã có sổ,4 phòng,,,,,,,,,,,,,,,,,,,
2025-10-04T00:14:19.211981,Cập nhật 9 ngày trước,5 tỷ,"Nhà ngõ, hẻm",32 m²,33 m²,"156,25 triệu/m²",Đã có sổ,4 phòng,5 phòng,Nội thất đầy đủ,,,5.0,,,Hẻm xe hơi,,,,,,,,,,,
2025-10-04T00:14:20.399451,Cập nhật 11 giờ trước,"4,1 tỷ","Nhà mặt phố, mặt tiền",37 m²,62 m²,"110,81 triệu/m²",Giấy tờ viết tay,1 phòng,1 phòng,Nội thất đầy đủ,3.32 m,12 m,1.0,,,,,,Đông Bắc,,,,,,,,
2025-10-04T00:14:20.572690,Cập nhật 5 ngày trước,14 tỷ,"Nhà mặt phố, mặt tiền",50 m²,,280 triệu/m²,Đã có sổ,6 phòng,4 phòng,,,,5.0,,,,,,,,,,,,,,
2025-10-04T00:14:26.050539,Cập nhật 4 giờ trước,"13,999 tỷ","Nhà mặt phố, mặt tiền",50 m²,250 m²,"279,98 triệu/m²",Đã có sổ,4 phòng,4 phòng,,5 m,10 m,5.0,,,Hẻm xe hơi,,,,,,,,,,,
2025-10-04T00:14:41.291426,Cập nhật 6 ngày trước,"5,5 tỷ","Nhà ngõ, hẻm",23 m²,,"239,13 triệu/m²",Đã có sổ,3 phòng,3 phòng,,,,5.0,,,,,,,,,,,,,,
2025-10-04T00:14:44.428608,Cập nhật 7 ngày trước,"4,7 tỷ",,110 m²,,"42,73 triệu/m²",Sổ hồng riêng,3 phòng,2 phòng,Nội thất đầy đủ,,,,Đã bàn giao,"Tập thể, cư xá",,,,,,3.0,,,,Căn góc,,
2025-10-04T00:14:45.140595,Cập nhật 8 ngày trước,"5,05 tỷ",,50.2 m²,,"100,60 triệu/m²",Đã có sổ,,,,4.5 m,11 m,,,,"Mặt tiền
Hẻm xe hơi",Đất thổ cư,,Đông Nam,,,,,,,,
2025-10-04T00:14:51.157444,Cập nhật 7 ngày trước,"6,98 tỷ","Nhà ngõ, hẻm",35 m²,150 m²,"199,43 triệu/m²",Đã có sổ,5 phòng,4 phòng,Nội thất đầy đủ,5 m,,5.0,,,,,,,,,,,,,,
2025-10-04T00:15:03.387241,Cập nhật 9 ngày trước,"3,6 tỷ",,60 m²,,60 triệu/m²,Sổ hồng riêng,2 phòng,2 phòng,,,,,Chưa bàn giao,Chung cư,,,,,,,,,,,,
2025-10-04T00:15:07.918426,Cập nhật 16 giờ trước,139 tỷ,,180 m²,,"772,22 triệu/m²",Đã có sổ,,,,,,,,,"Mặt tiền
Hẻm xe hơi
Nở hậu
Thổ cư toàn bộ",Đất thổ cư,,,,,,,,,,
2025-10-04T00:15:07.185051,Cập nhật 7 ngày trước,30 tỷ,,131 m²,,"229,01 triệu/m²",Đã có sổ,,,,9.2 m,13 m,,,,"Mặt tiền
Nở hậu
Thổ cư toàn bộ",Đất thổ cư,m²,,,,,,,,,
2025-10-04T00:15:08.943399,Cập nhật 7 ngày trước,"13,4 tỷ","Nhà ngõ, hẻm",45 m²,,"297,78 triệu/m²",Đã có sổ,7 phòng,,,,,,,,,,,,,,,,,,,
2025-10-04T00:15:13.515717,Cập nhật 9 ngày trước,"8,15 tỷ","Nhà ngõ, hẻm",45 m²,,"181,11 triệu/m²",Đã có sổ,4 phòng,,,,,,,,,,,,,,,,,,,
2025-10-04T00:15:27.571995,Cập nhật 9 ngày trước,7 tỷ,"Nhà mặt phố, mặt tiền",30 m²,,"233,33 triệu/m²",Đã có sổ,3 phòng,4 phòng,Nội thất đầy đủ,,,5.0,,,,,,,,,,,,,,
2025-10-04T00:15:30.468068,Cập nhật 9 ngày trước,"8,5 tỷ","Nhà ngõ, hẻm",48 m²,48 m²,"177,08 triệu/m²",Đã có sổ,4 phòng,,Hoàn thiện cơ bản,5.3 m,,4.0,,,,,,,,,,,,,,
2025-10-04T00:15:32.338575,Cập nhật 7 ngày trước,"8,3 tỷ","Nhà ngõ, hẻm",23.5 m²,30 m²,"353,19 triệu/m²",Đã có sổ,3 phòng,4 phòng,Nội thất đầy đủ,3.12 m,,6.0,,,Nhà nở hậu,,,,,,,,,,,
2025-10-04T00:15:36.950625,Cập nhật 8 ngày trước,"7,96 tỷ","Nhà ngõ, hẻm",35 m²,,"227,43 triệu/m²",Đã có sổ,5 phòng,3 phòng,Nội thất đầy đủ,,,4.0,,,,,,,,,,,,,,
2025-10-04T00:15:47.176896,Cập nhật 8 ngày trước,"5,3 tỷ",,63 m²,,"84,13 triệu/m²",Đã có sổ,,,,,,,,,,Đất thổ cư,m²,,,,,,,,,
2025-10-04T00:15:48.386121,Cập nhật 7 ngày trước,"12,9 tỷ","Nhà ngõ, hẻm",54 m²,250 m²,"238,89 triệu/m²",Đã có sổ,3 phòng,4 phòng,,4.2 m,,5.0,,,Hẻm xe hơi,,,,,,,,,,,
2025-10-04T00:15:51.088836,Cập nhật 8 ngày trước,"4,8 tỷ",,130 m²,,"36,92 triệu/m²",Sổ hồng riêng,3 phòng,2 phòng,Nội thất cao cấp,,,,Đã bàn giao,"Tập thể, cư xá",,,,,,3.0,,,,Căn góc,,
2025-10-04T00:15:54.775002,Cập nhật 7 ngày trước,10 tỷ,"Nhà ngõ, hẻm",38 m²,,"263,16 triệu/m²",Đã có sổ,3 phòng,,Nội thất cao cấp,,,6.0,,,,,,,,,,,,,,
2025-10-04T00:16:01.143019,Cập nhật 7 ngày trước,"11,8 tỷ","Nhà ngõ, hẻm",38 m²,,"310,53 triệu/m²",Đã có sổ,4 phòng,,,,,,,,,,,,,,,,,,,
2025-10-04T00:16:05.673217,Cập nhật 7 ngày trước,"5,3 tỷ","Nhà ngõ, hẻm",30 m²,,"176,67 triệu/m²",Đã có sổ,4 phòng,4 phòng,,,,4.0,,,,,,,,,,,,,,
2025-10-04T00:16:11.295542,Cập nhật 7 ngày trước,12 tỷ,,100 m²,,120 triệu/m²,Đã có sổ,,,,,,,,,"Mặt tiền
Hẻm xe hơi
Thổ cư toàn bộ",Đất thổ cư,m²,,,,,,,,,
2025-10-04T00:16:18.849465,Cập nhật 8 ngày trước,42 tỷ,"Nhà mặt phố, mặt tiền",108 m²,540 m²,"388,89 triệu/m²",Đã có sổ,6 phòng,6 phòng,Nội thất đầy đủ,6.8 m,,6.0,,,Hẻm xe hơi,,,,,,,,,,,
2025-10-04T00:16:21.978991,Cập nhật 9 ngày trước,"9,3 tỷ",,60 m²,,155 triệu/m²,Đã có sổ,,,,5 m,,,,,,Đất thổ cư,,,,,,,,,,
2025-10-04T00:16:25.024592,Cập nhật 2 ngày trước,"5,35 tỷ","Nhà ngõ, hẻm",30 m²,90 m²,"178,33 triệu/m²",Đã có sổ,3 phòng,3 phòng,Nội thất đầy đủ,3.5 m,8.5 m,3.0,,,Hiện trạng khác,,,,,,,,,,,
2025-10-04T00:16:31.957559,Cập nhật 8 ngày trước,"6,4 tỷ","Nhà ngõ, hẻm",40 m²,60 m²,160 triệu/m²,Đã có sổ,3 phòng,3 phòng,Hoàn thiện cơ bản,5 m,,2.0,,,"Hẻm xe hơi
Nhà nở hậu",,,,,,,,,,,
2025-10-04T00:16:33.700535,Cập nhật 8 ngày trước,"5,1 tỷ","Nhà ngõ, hẻm",28 m²,,"182,14 triệu/m²",Đã có sổ,3 phòng,4 phòng,Nội thất đầy đủ,,,5.0,,,Nhà nở hậu,,,,,,,,,,,
2025-10-04T00:16:37.120872,Cập nhật 5 ngày trước,8 tỷ,"Nhà ngõ, hẻm",33 m²,,"242,42 triệu/m²",Đã có sổ,3 phòng,,,4 m,,4.0,,,,,,,,,,,,,,
2025-10-04T00:16:37.618103,Cập nhật 3 ngày trước,"10,95 tỷ","Nhà ngõ, hẻm",45 m²,45 m²,"243,33 triệu/m²",Đã có sổ,4 phòng,5 phòng,Nội thất cao cấp,,,4.0,,,"Nhà nở hậu
Hẻm xe hơi",,,,,,,,,,,
2025-10-04T00:16:47.747660,Cập nhật 4 giờ trước,"7,19 tỷ",Nhà biệt thự,24 m²,144 m²,"299,58 triệu/m²",Đã có sổ,4 phòng,4 phòng,,3 m,8 m,6.0,,,"Hẻm xe hơi
Nhà nở hậu",,,,,,,,,,,
2025-10-04T00:16:55.283944,Cập nhật 8 ngày trước,"3,15 tỷ",,45 m²,,70 triệu/m²,Sổ hồng riêng,1 phòng,,,,,,Đã bàn giao,Chung cư,,,,,,,,,,,,
2025-10-04T00:16:57.620925,Cập nhật 9 ngày trước,"9,1 tỷ",,75.57 m²,,"120,42 triệu/m²",Đã có sổ,,,,5 m,15.27 m,,,,Mặt tiền,Đất thổ cư,m²,,,,Đấu Giá X9 nguyên khê,,,,,
2025-10-04T00:16:59.041935,Cập nhật 9 ngày trước,"7,9 tỷ","Nhà ngõ, hẻm",43 m²,,"183,72 triệu/m²",Đã có sổ,4 phòng,,,,,,,,,,,,,,,,,,,
2025-10-04T00:16:59.869462,Cập nhật 8 ngày trước,"13,93 tỷ","Nhà ngõ, hẻm",51 m²,,"273,14 triệu/m²",Đã có sổ,5 phòng,5 phòng,,3.8 m,,4.0,,,"Nhà nở hậu
Hẻm xe hơi",,,Tây Nam,,,,,,,,
2025-10-04T00:17:12.265091,Cập nhật 7 ngày trước,"8,123 tỷ","Nhà ngõ, hẻm",42 m²,42 m²,"193,40 triệu/m²",Đã có sổ,5 phòng,4 phòng,Nội thất đầy đủ,,,5.0,,,,,,,,,,,,,,
2025-10-04T00:17:18.196600,Cập nhật 8 ngày trước,"9,8 tỷ",,24 m²,,"408,33 triệu/m²",Đã có sổ,,,,,,,,,,,,,Mặt bằng kinh doanh,,,,,,,
2025-10-04T00:17:20.976111,Cập nhật 7 ngày trước,"4,3 tỷ",Nhà phố liền kề,32 m²,32 m²,"134,38 triệu/m²",Đã có sổ,4 phòng,,Nội thất cao cấp,4 m,8 m,5.0,,,"Hẻm xe hơi
Nhà nở hậu",,,,,,,,,,,
2025-10-04T00:17:25.995216,Cập nhật 9 ngày trước,"5,8 tỷ","Nhà mặt phố, mặt tiền",30.5 m²,30.5 m²,"190,16 triệu/m²",Đã có sổ,3 phòng,3 phòng,Nội thất cao cấp,3.6 m,10 m,5.0,,,Nhà nở hậu,,,,,,,,,,,
2025-10-04T00:17:36.336447,Cập nhật 8 ngày trước,"23,3 tỷ","Nhà ngõ, hẻm",76.8 m²,614 m²,"303,39 triệu/m²",Đã có sổ,9 phòng,,Nội thất cao cấp,6.4 m,12 m,8.0,,,Nhà nở hậu,,,,,,,,,,,
2025-10-04T00:17:41.040785,Cập nhật 8 ngày trước,5 tỷ,"Nhà ngõ, hẻm",30 m²,120 m²,"166,67 triệu/m²",Đã có sổ,3 phòng,4 phòng,Nội thất cao cấp,4 m,,4.0,,,"Hẻm xe hơi
Nhà nở hậu",,,,,,,,,,,
2025-10-04T00:17:45.642480,Cập nhật 7 ngày trước,"1,3 tỷ",,60 m²,,"21,67 triệu/m²",Đã có sổ,,,,,,,,,,Đất thổ cư,,,,,,,,,,
2025-10-04T00:17:50.139160,Cập nhật 7 ngày trước,"13,5 tỷ","Nhà ngõ, hẻm",60 m²,,225 triệu/m²,Đã có sổ,6 phòng,,Nội thất đầy đủ,,,,,,,,,,,,,,,,,
2025-10-04T00:17:57.538238,Cập nhật 7 ngày trước,"2,45 tỷ","Nhà ngõ, hẻm",40 m²,,"61,25 triệu/m²",Đã có sổ,2 phòng,,,,,,,,,,,,,,,,,,,
2025-10-04T00:17:58.029293,Cập nhật 8 ngày trước,10 tỷ,"Nhà ngõ, hẻm",38 m²,,"263,16 triệu/m²",Đã có sổ,3 phòng,,Nội thất đầy đủ,,,,,,"Hẻm xe hơi
Nhà nở hậu",,,,,,,,,,,
2025-10-04T00:17:59.697598,Cập nhật 7 ngày trước,65 tỷ,"Nhà mặt phố, mặt tiền",29 m²,,"2,24 tỷ/m²",Đã có sổ,6 phòng,6 phòng,Nội thất cao cấp,4 m,,4.0,,,,,,,,,,,,,,
2025-10-04T00:18:07.851642,Cập nhật 8 ngày trước,"13,9 tỷ","Nhà ngõ, hẻm",69 m²,,"201,45 triệu/m²",Đã có sổ,3 phòng,,,,,,,,,,,,,,,,,,,
2025-10-04T00:18:14.076121,Cập nhật 9 ngày trước,"15,2 tỷ",,105.6 m²,,"143,94 triệu/m²",Đã có sổ,,,,,,,,,,,,,Shophouse,,,,,,,
2025-10-04T00:18:20.325115,Cập nhật 8 ngày trước,"5,15 tỷ",,72 m²,,"71,53 triệu/m²",Sổ hồng riêng,3 phòng,2 phòng,,,,,Chưa bàn giao,Chung cư,,,,,,,,,,,,
2025-10-04T00:18:23.765842,Cập nhật 1 ngày trước,"4,23 tỷ",,47 m²,,90 triệu/m²,Đã có sổ,,,,,,,,,"Hẻm xe hơi
Mặt tiền
Nở hậu",Đất thổ cư,,,,,,,,,,
2025-10-04T00:18:29.603789,Cập nhật 2 ngày trước,"6,45 tỷ","Nhà ngõ, hẻm",28.3 m²,32 m²,"227,92 triệu/m²",Đã có sổ,3 phòng,4 phòng,Nội thất cao cấp,,,4.0,,,Hẻm xe hơi,,,Tây Bắc,,,,,,,,
2025-10-04T00:18:38.022846,Cập nhật 2 ngày trước,"5,65 tỷ","Nhà ngõ, hẻm",32 m²,45 m²,"176,56 triệu/m²",Đã có sổ,3 phòng,,,4 m,,5.0,,,Hẻm xe hơi,,,,,,,,,,,
2025-10-04T00:18:44.567720,Cập nhật 6 ngày trước,"12,8 tỷ","Nhà mặt phố, mặt tiền",42 m²,,"304,76 triệu/m²",Đã có sổ,4 phòng,5 phòng,Nội thất cao cấp,5.8 m,,7.0,,,"Hẻm xe hơi
Nhà nở hậu",,,,,,,,,,,
2025-10-04T00:18:51.932647,Cập nhật 2 ngày trước,"13,456 tỷ","Nhà ngõ, hẻm",55 m²,250 m²,"244,67 triệu/m²",Đã có sổ,6 phòng,5 phòng,Nội thất cao cấp,4.5 m,14 m,5.0,,,"Hẻm xe hơi
Nhà nở hậu",,,Đông Nam,,,,,,,,
2025-10-04T00:19:00.234337,Cập nhật 9 ngày trước,"1,59 tỷ","Nhà ngõ, hẻm",11 m²,,"144,55 triệu/m²",Không có sổ,2 phòng,2 phòng,Nội thất đầy đủ,,,4.0,,,,,,,,,,,,,,
2025-10-04T00:19:03.638626,Cập nhật 6 ngày trước,9 tỷ,"Nhà ngõ, hẻm",35 m²,42 m²,"257,14 triệu/m²",Đã có sổ,10 phòng,5 phòng,,,,5.0,,,,,,,,,,,,,,
2025-10-04T00:19:06.258776,Cập nhật 7 ngày trước,"11,7 tỷ","Nhà ngõ, hẻm",50 m²,50 m²,234 triệu/m²,Đã có sổ,6 phòng,4 phòng,,3.7 m,15 m,,,,"Hẻm xe hơi
Nhà nở hậu",,,,,,,,,,,
2025-10-04T00:19:17.350595,Cập nhật 7 ngày trước,890 triệu,,50 m²,,"17,80 triệu/m²",Sổ hồng riêng,2 phòng,1 phòng,Nội thất cao cấp,,,,Đã bàn giao,"Căn hộ dịch vụ, mini",,,,,,,,,,,,
2025-10-04T00:19:21.847078,Cập nhật 9 ngày trước,"6,75 tỷ","Nhà ngõ, hẻm",54 m²,,125 triệu/m²,Đã có sổ,1 phòng,,,,,1.0,,,,,,,,,,,,,,
2025-10-04T00:19:24.268413,Cập nhật 7 ngày trước,"43,5 tỷ",Nhà phố liền kề,118 m²,118 m²,"368,64 triệu/m²",Đã có sổ,nhiều hơn 10 phòng,,Nội thất cao cấp,5.6 m,20 m,7.0,,,Hẻm xe hơi,,,Đông Nam,,,,,,,,
2025-10-04T00:19:25.426922,Cập nhật 8 ngày trước,"4,55 tỷ",,65 m²,,70 triệu/m²,Sổ hồng riêng,2 phòng,2 phòng,Nội thất đầy đủ,,,,Chưa bàn giao,"Tập thể, cư xá",,,,,,,,,,,,
2025-10-04T00:19:30.217493,Cập nhật 7 ngày trước,"9,85 tỷ","Nhà ngõ, hẻm",43 m²,45 m²,"229,07 triệu/m²",Đã có sổ,4 phòng,,Nội thất cao cấp,5 m,,6.0,,,"Nhà nở hậu
Hẻm xe hơi",,,,,,,,,,,
2025-10-04T00:19:42.823521,Cập nhật 7 ngày trước,"3,72 tỷ","Nhà ngõ, hẻm",32 m²,,"116,25 triệu/m²",Đã có sổ,3 phòng,,Nội thất đầy đủ,,,5.0,,,,,,,,,,,,,,
2025-10-04T00:19:46.528334,Cập nhật 8 ngày trước,10 tỷ,"Nhà ngõ, hẻm",45 m²,,"222,22 triệu/m²",Đã có sổ,3 phòng,,Nội thất đầy đủ,,,,,,"Hẻm xe hơi
Nhà nở hậu",,,,,,,,,,,
2025-10-04T00:19:47.566592,Cập nhật 9 ngày trước,"7,5 tỷ","Nhà ngõ, hẻm",20 m²,20 m²,375 triệu/m²,Đã có sổ,4 phòng,,,,,,,,,,,,,,,,,,,
2025-10-04T00:19:49.405936,Cập nhật 9 ngày trước,"1,5 tỷ",,45 m²,,"33,33 triệu/m²",Hợp đồng mua bán,2 phòng,1 phòng,Nội thất đầy đủ,,,,Đã bàn giao,Chung cư,,,,,,,,,,,,
2025-10-04T00:20:01.687953,Cập nhật 1 ngày trước,7 tỷ,"Nhà ngõ, hẻm",51 m²,250 m²,"137,25 triệu/m²",Đã có sổ,5 phòng,5 phòng,Nội thất cao cấp,,,6.0,,,"Hẻm xe hơi
Nhà nở hậu",,,,,,,,,,,
2025-10-04T00:20:10.253847,Cập nhật 6 ngày trước,"36,5 tỷ","Nhà ngõ, hẻm",84 m²,700 m²,"434,52 triệu/m²",Đã có sổ,nhiều hơn 10 phòng,Nhiều hơn 6 phòng,Nội thất cao cấp,45 m,18 m,9.0,,,"Hẻm xe hơi
Nhà nở hậu",,,,,,,,,,,
2025-10-04T00:20:11.976233,Cập nhật 7 ngày trước,"1,4 tỷ",,63.7 m²,,"21,98 triệu/m²",Đã có sổ,,,,,,,,,,Đất thổ cư,m²,,,,,,,,,
2025-10-04T00:20:11.403410,Cập nhật 7 ngày trước,"17,9 tỷ",Nhà phố liền kề,48 m²,,"372,92 triệu/m²",Đã có sổ,4 phòng,3 phòng,Nội thất cao cấp,5 m,,5.0,,,"Hẻm xe hơi
Nhà nở hậu",,,,,,,,,,,
2025-10-04T00:20:24.308745,Cập nhật 7 ngày trước,"9,99 tỷ","Nhà ngõ, hẻm",45.8 m²,45.8 m²,"218,12 triệu/m²",Đã có sổ,3 phòng,2 phòng,Nội thất đầy đủ,4 m,12 m,4.0,,,,,,Đông Nam,,,,,,,,
2025-10-04T00:20:24.951501,Cập nhật 7 ngày trước,"13,25 tỷ","Nhà ngõ, hẻm",40 m²,,"331,25 triệu/m²",Đã có sổ,3 phòng,,,,,,,,Hẻm xe hơi,,,,,,,,,,,
2025-10-04T00:20:27.218347,Cập nhật 8 ngày trước,"3,82 tỷ",,55 m²,,"69,45 triệu/m²",Sổ hồng riêng,2 phòng,1 phòng,Nội thất cao cấp,,,,Đã bàn giao,Chung cư,,,,,,20.0,S2.05,Đông Nam,,,,
2025-10-04T00:20:34.917685,Cập nhật 9 ngày trước,"2,8 tỷ","Nhà ngõ, hẻm",55 m²,55 m²,"50,91 triệu/m²",Không có sổ,3 phòng,,Nội thất đầy đủ,5 m,,3.0,,,,,,,,,,,,,,
2025-10-04T00:20:35.945996,Cập nhật 9 ngày trước,"6,75 tỷ",,62 m²,,"108,87 triệu/m²",Đã có sổ,,,,,,,,,Nở hậu,Đất thổ cư,,,,,,,,,,
2025-10-04T00:20:47.183844,Cập nhật 7 ngày trước,"7,3 tỷ",,32 m²,,"228,12 triệu/m²",Đã có sổ,,,,4 m,8 m,,,,"Mặt tiền
Hẻm xe hơi
Nở hậu",Đất thổ cư,m²,,,,,,,,,
2025-10-04T00:20:48.315623,Cập nhật 8 ngày trước,"8,7 tỷ","Nhà ngõ, hẻm",45 m²,,"193,33 triệu/m²",Đã có sổ,5 phòng,5 phòng,Nội thất đầy đủ,3.3 m,,5.0,,,Hẻm xe hơi,,,,,,,,,,,
2025-10-04T00:20:58.272783,Cập nhật 8 ngày trước,"5,2 tỷ","Nhà ngõ, hẻm",30 m²,30 m²,"173,33 triệu/m²",Đã có sổ,3 phòng,4 phòng,Nội thất cao cấp,,,5.0,,,Nhà nở hậu,,,,,,,,,,,
2025-10-04T00:21:12.764832,Cập nhật 16 giờ trước,"6,6 tỷ","Nhà ngõ, hẻm",100 m²,300 m²,66 triệu/m²,Đã có sổ,4 phòng,3 phòng,,,,,,,Hẻm xe hơi,,,,,,,,,,,
2025-10-04T00:21:20.412800,Cập nhật 8 ngày trước,21 tỷ,"Nhà ngõ, hẻm",70 m²,400 m²,300 triệu/m²,Đã có sổ,6 phòng,Nhiều hơn 6 phòng,Nội thất đầy đủ,5 m,,6.0,,,"Hẻm xe hơi
Nhà nở hậu",,,Nam,,,,,,,,
2025-10-04T00:21:21.932665,Cập nhật 8 ngày trước,"10,3 tỷ","Nhà ngõ, hẻm",33 m²,,"312,12 triệu/m²",Đã có sổ,3 phòng,,Nội thất cao cấp,,,6.0,,,Nhà nở hậu,,,,,,,,,,,
2025-10-04T00:21:23.553754,Cập nhật 7 ngày trước,"4,9 tỷ",,430 m²,,"11,40 triệu/m²",Đã có sổ,,,,,,,,,,Đất thổ cư,m²,Đông Nam,,,,,,,,
2025-10-04T00:21:32.683395,Cập nhật 6 ngày trước,"17,5 tỷ",Nhà biệt thự,98 m²,400 m²,"178,57 triệu/m²",Đã có sổ,4 phòng,3 phòng,Bàn giao thô,6.5 m,15 m,4.0,,,Hẻm xe hơi,,,Tây Bắc,,,,,,,,
2025-10-04T00:21:35.269992,Cập nhật 7 ngày trước,"4,7 tỷ","Nhà ngõ, hẻm",39 m²,39 m²,"120,51 triệu/m²",Đã có sổ,4 phòng,4 phòng,Nội thất đầy đủ,3.5 m,12 m,4.0,,,Hiện trạng khác,,,,,,,,,,,
2025-10-04T00:21:44.547610,Cập nhật 7 ngày trước,"7,65 tỷ","Nhà ngõ, hẻm",28 m²,,"273,21 triệu/m²",Đã có sổ,4 phòng,4 phòng,Hoàn thiện cơ bản,,,5.0,,,,,,,,,,,,,,
2025-10-04T00:21:46.160489,Cập nhật 7 ngày trước,260 tỷ,"Nhà mặt phố, mặt tiền",280 m²,,"928,57 triệu/m²",Đã có sổ,nhiều hơn 10 phòng,Nhiều hơn 6 phòng,Nội thất cao cấp,8.5 m,,7.0,,,,,,,,,,,,,,
2025-10-04T00:21:49.568594,Cập nhật 8 ngày trước,"1,92 tỷ",,52 m²,,"36,92 triệu/m²",Hợp đồng mua bán,2 phòng,1 phòng,Nội thất đầy đủ,,,,Đã bàn giao,Chung cư,,,,,,3.0,11,,,Căn góc,,
2025-10-04T00:21:52.247586,Cập nhật 8 ngày trước,"18,6 tỷ","Nhà ngõ, hẻm",56 m²,,"332,14 triệu/m²",Đã có sổ,4 phòng,,,,,,,,"Hẻm xe hơi
Nhà nở hậu",,,,,,,,,,,
2025-10-04T00:22:04.655505,Cập nhật 9 ngày trước,"62,45 tỷ",Nhà biệt thự,207 m²,207 m²,"301,69 triệu/m²",Đã có sổ,5 phòng,5 phòng,Nội thất đầy đủ,9 m,,5.0,,,,,,,,,,,,,,
2025-10-04T00:22:06.260967,Cập nhật 9 ngày trước,12 tỷ,"Nhà ngõ, hẻm",45 m²,45 m²,"266,67 triệu/m²",Đã có sổ,4 phòng,3 phòng,Nội thất đầy đủ,,,5.0,,,,,,,,,,,,,,
2025-10-04T00:22:08.070189,Cập nhật 9 ngày trước,"6,38 tỷ",,100 m²,,"63,80 triệu/m²",Sổ hồng riêng,2 phòng,2 phòng,,,,,Chưa bàn giao,Chung cư,,,,,,,,,,,,
2025-10-04T00:22:16.315375,Cập nhật 9 ngày trước,"13,5 tỷ","Nhà ngõ, hẻm",48 m²,48 m²,"281,25 triệu/m²",Đã có sổ,4 phòng,5 phòng,Nội thất cao cấp,,,5.0,,,Hẻm xe hơi,,,,,,,,,,,
2025-10-04T00:22:24.788368,Cập nhật 7 ngày trước,4 tỷ,"Nhà ngõ, hẻm",35 m²,,"114,29 triệu/m²",Đang chờ sổ,3 phòng,,,3.5 m,,3.0,,,,,,,,,,,,,,
2025-10-04T00:22:25.549978,Cập nhật 2 ngày trước,5 tỷ,"Nhà ngõ, hẻm",32 m²,,"156,25 triệu/m²",Đã có sổ,3 phòng,,,,,5.0,,,,,,,,,,,,,,
2025-10-04T00:22:29.483424,Cập nhật 9 ngày trước,"9,9 tỷ",,73 m²,,"135,62 triệu/m²",Đã có sổ,,,,3.2 m,,,,,,Đất thổ cư,,,,,,,,,,
2025-10-04T00:22:31.393320,Cập nhật 3 ngày trước,"5,2 tỷ","Nhà ngõ, hẻm",35 m²,35 m²,"148,57 triệu/m²",Đã có sổ,3 phòng,4 phòng,Nội thất đầy đủ,4 m,,5.0,,,Nhà nở hậu,,,,,,,,,,,
2025-10-04T00:22:39.762673,Cập nhật 7 ngày trước,800 triệu,,50 m²,,16 triệu/m²,Sổ hồng riêng,2 phòng,1 phòng,Nội thất cao cấp,,,,Đã bàn giao,"Căn hộ dịch vụ, mini",,,,,,,,,,,,
2025-10-04T00:22:48.535294,Cập nhật 6 ngày trước,"19,5 tỷ","Nhà mặt phố, mặt tiền",45 m²,,"433,33 triệu/m²",Đã có sổ,6 phòng,5 phòng,,,,,,,,,,,,,,,,,,
2025-10-04T00:22:53.219658,Cập nhật 8 ngày trước,"7,93 tỷ","Nhà ngõ, hẻm",34 m²,,"233,24 triệu/m²",Đã có sổ,4 phòng,4 phòng,Nội thất đầy đủ,3.9 m,,,,,Nhà nở hậu,,,,,,,,,,,
2025-10-04T00:22:57.408187,Cập nhật 9 ngày trước,"3,65 tỷ","Nhà ngõ, hẻm",32.5 m²,32.5 m²,"112,31 triệu/m²",Đã có sổ,3 phòng,3 phòng,,,,,,,,,,Bắc,,,,,,,,
2025-10-04T00:23:04.276570,Cập nhật 9 ngày trước,"5,8 tỷ",,119 m²,,"48,74 triệu/m²",Đã có sổ,,,,6.5 m,18.5 m,,,,"Mặt tiền
Thổ cư toàn bộ
Hẻm xe hơi
Nở hậu",Đất thổ cư,m²,Tây Nam,,,,,,,,
2025-10-04T00:23:05.724729,Cập nhật 7 ngày trước,"12,8 tỷ",,61 m²,,"209,84 triệu/m²",Đã có sổ,,,,,,,,,"Hẻm xe hơi
Mặt tiền",Đất thổ cư,,Tây Nam,,,,,,,,
2025-10-04T00:23:13.622540,Cập nhật 7 ngày trước,18 tỷ,"Nhà mặt phố, mặt tiền",72 m²,,250 triệu/m²,Đã có sổ,nhiều hơn 10 phòng,Nhiều hơn 6 phòng,,,,8.0,,,,,,,,,,,,,,
2025-10-04T00:23:21.441285,Cập nhật 9 ngày trước,"3,55 tỷ",,60 m²,,"59,17 triệu/m²",Sổ hồng riêng,3 phòng,,,,,,Chưa bàn giao,Chung cư,,,,,,,,,,,,
2025-10-04T00:23:28.429515,Cập nhật 9 ngày trước,"6,3 tỷ",,150 m²,,42 triệu/m²,Sổ hồng riêng,4 phòng,2 phòng,Nội thất cao cấp,,,,Đã bàn giao,"Tập thể, cư xá",,,,,,2.0,,,,Căn góc,,
2025-10-04T00:23:32.551836,Cập nhật 7 ngày trước,"3,64 tỷ","Nhà ngõ, hẻm",43 m²,,"84,65 triệu/m²",Đã có sổ,3 phòng,3 phòng,Nội thất cao cấp,,,3.0,,,,,,,,,,,,,,
2025-10-04T00:23:34.512766,Cập nhật 7 ngày trước,"5,6 tỷ",,80 m²,,70 triệu/m²,Sổ hồng riêng,3 phòng,1 phòng,Nội thất đầy đủ,,,,Đã bàn giao,"Tập thể, cư xá",,,,Đông Nam,,5.0,Nhà H,Đông Nam,,,,
2025-10-04T00:23:36.107542,Cập nhật 7 ngày trước,16 tỷ,Nhà phố liền kề,55 m²,,"290,91 triệu/m²",Đã có sổ,4 phòng,,,,,,,,Hẻm xe hơi,,,,,,,,,,,
2025-10-04T00:23:47.036461,Cập nhật 9 ngày trước,"1,26 tỷ",,50 m²,,"25,20 triệu/m²",Hợp đồng mua bán,2 phòng,1 phòng,Nội thất cao cấp,,,,Đã bàn giao,Chung cư,,,,,,5.0,5,,,,,
2025-10-04T00:23:51.296150,Cập nhật 2 giờ trước,"6,25 tỷ",,50 m²,,125 triệu/m²,Đã có sổ,,,,4 m,,,,,Nở hậu,Đất thổ cư,m²,,,,,,,,,
2025-10-04T00:23:54.301957,Cập nhật 7 ngày trước,"25,8 tỷ","Nhà mặt phố, mặt tiền",72 m²,72 m²,"358,33 triệu/m²",Đã có sổ,4 phòng,4 phòng,Nội thất cao cấp,,,5.0,,,,,,,,,,,,,,
2025-10-04T00:24:07.779219,Cập nhật 8 ngày trước,"2,1 tỷ",,60 m²,,35 triệu/m²,Đã có sổ,,,,4 m,15 m,,,,,Đất thổ cư,m²,,,,,,,,,
2025-10-04T00:24:14.355446,Cập nhật 2 ngày trước,"7,2 tỷ","Nhà ngõ, hẻm",30 m²,120 m²,240 triệu/m²,Đã có sổ,3 phòng,3 phòng,Nội thất đầy đủ,4.1 m,,5.0,,,,,,,,,,,,,,
2025-10-04T00:24:13.512118,Cập nhật 8 ngày trước,"4,68 tỷ",,70 m²,,"66,86 triệu/m²",Sổ hồng riêng,2 phòng,1 phòng,Nội thất cao cấp,,,,Chưa bàn giao,"Tập thể, cư xá",,,,,,3.0,,,,,,
2025-10-04T00:24:29.906190,Cập nhật 7 ngày trước,"7,95 tỷ","Nhà ngõ, hẻm",28 m²,28 m²,"283,93 triệu/m²",Đã có sổ,4 phòng,,,,,,,,,,,,,,,,,,,
2025-10-04T00:24:35.003672,Cập nhật 7 ngày trước,30 tỷ,Nhà phố liền kề,80 m²,,375 triệu/m²,Đã có sổ,6 phòng,,,,,,,,Hẻm xe hơi,,,,,,,,,,,
2025-10-04T00:24:37.132015,Cập nhật 7 ngày trước,"5,55 tỷ",,64 m²,,"86,72 triệu/m²",Sổ hồng riêng,2 phòng,,Nội thất cao cấp,,,,Đã bàn giao,Chung cư,,,,,,,,,,Căn góc,,
2025-10-04T00:24:37.170431,Cập nhật 7 ngày trước,32 tỷ,"Nhà mặt phố, mặt tiền",56 m²,320 m²,"571,43 triệu/m²",Đã có sổ,6 phòng,Nhiều hơn 6 phòng,Nội thất cao cấp,4.3 m,15 m,8.0,,,"Hẻm xe hơi
Nhà nở hậu",,,Bắc,,,,,,,,
2025-10-04T00:24:45.944896,Cập nhật 7 ngày trước,"10,9 tỷ","Nhà ngõ, hẻm",40 m²,,"272,50 triệu/m²",Đã có sổ,3 phòng,,,,,,,,,,,,,,,,,,,
2025-10-04T00:24:52.124709,Cập nhật 3 ngày trước,"2,85 tỷ",,45 m²,,"63,33 triệu/m²",Sổ hồng riêng,2 phòng,1 phòng,Nội thất cao cấp,,,,Đã bàn giao,"Tập thể, cư xá",,,,,,2.0,,,,Căn góc,,
2025-10-04T00:24:54.014559,Cập nhật 8 ngày trước,6 tỷ,"Nhà ngõ, hẻm",30 m²,30 m²,200 triệu/m²,Đã có sổ,3 phòng,4 phòng,Nội thất đầy đủ,,,5.0,,,,,,,,,,,,,,
2025-10-04T00:25:01.078391,Cập nhật 7 ngày trước,"7,6 tỷ","Nhà ngõ, hẻm",42 m²,,"180,95 triệu/m²",Đã có sổ,8 phòng,,,,,,,,,,,,,,,,,,,
2025-10-04T00:24:59.479404,Cập nhật 9 ngày trước,1 tỷ,,50 m²,,20 triệu/m²,Sổ hồng riêng,2 phòng,1 phòng,,,,,Đã bàn giao,"Căn hộ dịch vụ, mini",,,,,,6.0,5,,,,,
2025-10-04T00:25:08.617668,Cập nhật 7 ngày trước,8 tỷ,"Nhà ngõ, hẻm",56 m²,,"142,86 triệu/m²",Đã có sổ,3 phòng,,,,,,,,,,,,,,,,,,,
2025-10-04T00:25:11.479854,Cập nhật 9 ngày trước,"6,5 tỷ","Nhà ngõ, hẻm",31 m²,31 m²,"209,68 triệu/m²",Đã có sổ,3 phòng,4 phòng,Nội thất đầy đủ,3.3 m,9.3 m,5.0,,,,,,Đông Nam,,,,,,,,
2025-10-04T00:25:10.588633,Cập nhật 7 ngày trước,6 tỷ,"Nhà ngõ, hẻm",40 m²,42 m²,150 triệu/m²,Đã có sổ,6 phòng,5 phòng,Nội thất đầy đủ,,,5.0,,,"Hẻm xe hơi
Nhà nở hậu",,,,,,,,,,,
2025-10-04T00:25:22.300379,Cập nhật 7 ngày trước,"10,5 tỷ","Nhà ngõ, hẻm",44 m²,,"238,64 triệu/m²",Đã có sổ,4 phòng,,,,,6.0,,,,,,,,,,,,,,
2025-10-04T00:25:22.791450,Cập nhật 8 ngày trước,"4,79 tỷ","Nhà ngõ, hẻm",121 m²,,"39,59 triệu/m²",Đã có sổ,4 phòng,,,,,,,,"Nhà nở hậu
Hẻm xe hơi",,,,,,,,,,,
2025-10-04T00:25:31.043525,Cập nhật 7 ngày trước,21 tỷ,"Nhà mặt phố, mặt tiền",55 m²,,"381,82 triệu/m²",Đã có sổ,4 phòng,5 phòng,Nội thất cao cấp,5.7 m,10 m,7.0,,,Hẻm xe hơi,,,,,,,,,,,
2025-10-04T00:25:36.193446,Cập nhật 8 ngày trước,"19,8 tỷ","Nhà ngõ, hẻm",64 m²,,"309,38 triệu/m²",Đã có sổ,6 phòng,6 phòng,Nội thất đầy đủ,4.1 m,15 m,6.0,,,Hẻm xe hơi,,,,,,,,,,,
2025-10-04T00:25:39.982304,Cập nhật 7 ngày trước,"20,5 tỷ","Nhà ngõ, hẻm",60 m²,,"341,67 triệu/m²",Đã có sổ,4 phòng,5 phòng,,4 m,,5.0,,,Hẻm xe hơi,,,,,,,,,,,
2025-10-04T00:25:50.997502,Cập nhật 9 ngày trước,"7,6 tỷ",,96 m²,,"79,17 triệu/m²",Sổ hồng riêng,2 phòng,2 phòng,,,,,Đã bàn giao,Chung cư,,,,,,,,,,,,
2025-10-04T00:25:53.336705,Cập nhật 1 ngày trước,"8,6 tỷ","Nhà ngõ, hẻm",36 m²,42 m²,"238,89 triệu/m²",Đã có sổ,10 phòng,6 phòng,Nội thất đầy đủ,12 m,,,,,Nhà nở hậu,,,,,,,,,,,
2025-10-04T00:25:59.951821,Cập nhật 8 ngày trước,"14,5 tỷ",,50 m²,,290 triệu/m²,Đã có sổ,,,,11 m,5 m,,,,"Mặt tiền
Hẻm xe hơi",Đất thổ cư,m²,,,,,,,,,
2025-10-04T00:26:01.779891,Cập nhật 9 ngày trước,"8,8 tỷ","Nhà ngõ, hẻm",36 m²,36 m²,"244,44 triệu/m²",Đã có sổ,3 phòng,4 phòng,Nội thất đầy đủ,5.1 m,7 m,6.0,,,,,,,,,,,,,,
2025-10-04T00:26:09.397216,Cập nhật 8 ngày trước,"22,9 tỷ","Nhà mặt phố, mặt tiền",68 m²,68 m²,"336,76 triệu/m²",Đã có sổ,5 phòng,6 phòng,Nội thất cao cấp,,,7.0,,,"Hẻm xe hơi
Nhà nở hậu",,,,,,,,,,,
2025-10-04T00:26:11.378482,Cập nhật 7 ngày trước,36 tỷ,"Nhà mặt phố, mặt tiền",85 m²,160 m²,"423,53 triệu/m²",Đã có sổ,2 phòng,2 phòng,Hoàn thiện cơ bản,5 m,17 m,2.0,,,,,,Tây Bắc,,,,,,,,
2025-10-04T00:26:15.500269,Cập nhật 9 ngày trước,"7,8 tỷ","Nhà ngõ, hẻm",36 m²,36 m²,"216,67 triệu/m²",Đã có sổ,4 phòng,5 phòng,Nội thất cao cấp,,,5.0,,,"Nhà nở hậu
Hẻm xe hơi",,,,,,,,,,,
2025-10-04T00:26:23.616273,Cập nhật 8 ngày trước,"2,85 tỷ","Nhà ngõ, hẻm",20 m²,,"142,50 triệu/m²",Đã có sổ,3 phòng,,,,,3.0,,,,,,,,,,,,,,
2025-10-04T00:26:26.491786,Cập nhật 7 ngày trước,"7,1 tỷ","Nhà ngõ, hẻm",37 m²,,"191,89 triệu/m²",Đã có sổ,3 phòng,4 phòng,Nội thất đầy đủ,3.5 m,10 m,5.0,,,,,,,,,,,,,,
2025-10-04T00:26:45.490067,Cập nhật 7 ngày trước,"7,8 tỷ","Nhà ngõ, hẻm",33 m²,33 m²,"236,36 triệu/m²",Đã có sổ,3 phòng,3 phòng,Nội thất cao cấp,3.5 m,,5.0,,,"Nhà nở hậu
Hẻm xe hơi",,,Đông Nam,,,,,,,,
2025-10-04T00:26:48.621575,Cập nhật 6 ngày trước,"3,95 tỷ","Nhà ngõ, hẻm",33.5 m²,,"117,91 triệu/m²",Đã có sổ,4 phòng,4 phòng,,,,5.0,,,,,,,,,,,,,,
2025-10-04T00:26:51.543911,Cập nhật 7 ngày trước,"7,9 tỷ","Nhà ngõ, hẻm",32 m²,32 m²,"246,88 triệu/m²",Đã có sổ,3 phòng,5 phòng,,3.5 m,9 m,,,,,,,,,,,,,,,
2025-10-04T00:26:56.224667,Cập nhật 8 ngày trước,"6,7 tỷ","Nhà ngõ, hẻm",37 m²,,"181,08 triệu/m²",Đã có sổ,3 phòng,,,,,,,,,,,,,,,,,,,
2025-10-04T00:27:01.425508,Cập nhật 7 ngày trước,21 tỷ,"Nhà ngõ, hẻm",55 m²,55 m²,"381,82 triệu/m²",Đã có sổ,5 phòng,,,,,,,,,,,,,,,,,,,
2025-10-04T00:27:08.808085,Cập nhật 9 ngày trước,"9,65 tỷ","Nhà ngõ, hẻm",45 m²,,"214,44 triệu/m²",Đã có sổ,6 phòng,,,,,5.0,,,,,,,,,,,,,,
2025-10-04T00:27:15.185673,Cập nhật 8 ngày trước,"10,425 tỷ","Nhà ngõ, hẻm",44 m²,38 m²,"236,93 triệu/m²",Đã có sổ,4 phòng,3 phòng,Hoàn thiện cơ bản,,,3.0,,,,,,,,,,,,,,
2025-10-04T00:27:19.987267,Cập nhật 8 ngày trước,"5,4 tỷ","Nhà mặt phố, mặt tiền",32 m²,,"168,75 triệu/m²",Đã có sổ,3 phòng,,,,,,,,Hẻm xe hơi,,,,,,,,,,,
2025-10-04T00:27:27.019848,Cập nhật 9 ngày trước,5 tỷ,"Nhà ngõ, hẻm",32 m²,,"156,25 triệu/m²",Đã có sổ,3 phòng,4 phòng,Hoàn thiện cơ bản,,,5.0,,,,,,,,,,,,,,
2025-10-04T00:27:32.594497,Cập nhật 8 ngày trước,"7,8 tỷ","Nhà ngõ, hẻm",51 m²,51 m²,"152,94 triệu/m²",Đã có sổ,2 phòng,1 phòng,,,,,,,,,,,,,,,,,,
2025-10-04T00:27:31.487044,Cập nhật 7 ngày trước,"13,5 tỷ","Nhà ngõ, hẻm",39 m²,42 m²,"346,15 triệu/m²",Đã có sổ,4 phòng,3 phòng,Nội thất đầy đủ,3.5 m,11 m,5.0,,,Hẻm xe hơi,,,,,,,,,,,
2025-10-04T00:27:42.246390,Cập nhật 8 ngày trước,"7,1 tỷ","Nhà ngõ, hẻm",28 m²,35 m²,"253,57 triệu/m²",Đã có sổ,2 phòng,2 phòng,Hoàn thiện cơ bản,,,3.0,,,Nhà nở hậu,,,,,,,,,,,
2025-10-04T00:27:47.062391,Cập nhật 9 ngày trước,"2,9 tỷ",,70 m²,,"41,43 triệu/m²",Sổ hồng riêng,3 phòng,2 phòng,Nội thất đầy đủ,,,,Chưa bàn giao,Chung cư,,,,,,,,,,,,
2025-10-04T00:27:49.068767,Cập nhật 1 ngày trước,"8,25 tỷ","Nhà ngõ, hẻm",55 m²,55 m²,150 triệu/m²,Đã có sổ,4 phòng,4 phòng,Nội thất cao cấp,,,4.0,,,,,,,,,,,,,,
2025-10-04T00:27:49.322321,Cập nhật 7 ngày trước,"7,9 tỷ","Nhà ngõ, hẻm",37.3 m²,,"211,80 triệu/m²",Đã có sổ,4 phòng,4 phòng,,,,5.0,,,,,,,,,,,,,,
2025-10-04T00:27:50.046249,Cập nhật 8 ngày trước,"6,5 tỷ","Nhà ngõ, hẻm",47 m²,47 m²,"138,30 triệu/m²",Đã có sổ,3 phòng,3 phòng,Bàn giao thô,4.4 m,,1.0,,,Hẻm xe hơi,,,,,,,,,,,
2025-10-04T00:28:05.246399,Cập nhật 8 ngày trước,"5,5 tỷ",,46 m²,,"119,57 triệu/m²",Đã có sổ,,,,,,,,,"Mặt tiền
Hẻm xe hơi
Nở hậu
Thổ cư toàn bộ",Đất thổ cư,m²,Đông Nam,,,,,,,,
2025-10-04T00:28:10.904729,Cập nhật 9 ngày trước,"7,2 tỷ","Nhà ngõ, hẻm",31 m²,31 m²,"232,26 triệu/m²",Đã có sổ,3 phòng,4 phòng,Nội thất đầy đủ,5 m,6.2 m,5.0,,,Hẻm xe hơi,,,,,,,,,,,
2025-10-04T00:28:11.107735,Cập nhật 7 ngày trước,"11,4 tỷ","Nhà ngõ, hẻm",50 m²,,228 triệu/m²,Đã có sổ,3 phòng,3 phòng,Nội thất cao cấp,4.5 m,,4.0,,,"Nhà nở hậu
Hẻm xe hơi",,,,,,,,,,,
2025-10-04T00:28:16.229840,Cập nhật 7 ngày trước,"7,8 tỷ","Nhà mặt phố, mặt tiền",46 m²,,"169,57 triệu/m²",Đã có sổ,4 phòng,,,,,,,,,,,,,,,,,,,
2025-10-04T00:28:26.152040,Cập nhật 7 ngày trước,11 tỷ,Nhà phố liền kề,50 m²,,220 triệu/m²,Đã có sổ,4 phòng,4 phòng,Nội thất đầy đủ,,,5.0,,,,,,,,,,,,,,
2025-10-04T00:28:30.115454,Cập nhật 8 ngày trước,"8,6 tỷ","Nhà ngõ, hẻm",42 m²,180 m²,"204,76 triệu/m²",Đã có sổ,3 phòng,4 phòng,Nội thất đầy đủ,4 m,10 m,5.0,,,,,,,,,,,,,,
2025-10-04T00:28:33.965463,Cập nhật 9 ngày trước,"6,95 tỷ","Nhà ngõ, hẻm",28 m²,130 m²,"248,21 triệu/m²",Đã có sổ,3 phòng,,,,,,,,,,,,,,,,,,,
2025-10-04T00:28:38.357402,Cập nhật 9 ngày trước,"10,5 tỷ","Nhà mặt phố, mặt tiền",45 m²,45 m²,"233,33 triệu/m²",Đã có sổ,4 phòng,3 phòng,Hoàn thiện cơ bản,3.5 m,11 m,4.0,,,,,,Đông Nam,,,1,,,,,
2025-10-04T00:28:48.706988,Cập nhật 6 ngày trước,"11,8 tỷ","Nhà mặt phố, mặt tiền",62 m²,62 m²,"190,32 triệu/m²",Đã có sổ,4 phòng,4 phòng,,,,3.0,,,,,,,,,,,,,,
2025-10-04T00:28:57.898741,Cập nhật 7 ngày trước,"2,15 tỷ",,52 m²,,"41,35 triệu/m²",Đã có sổ,,,,4 m,12 m,,,,,Đất thổ cư,m²,,,,,,,,,
2025-10-04T00:29:00.398473,Cập nhật 3 ngày trước,"1,75 tỷ",,100 m²,,"17,50 triệu/m²",Đã có sổ,,,,5 m,20 m,,,,"Mặt tiền
Thổ cư 1 phần",Đất thổ cư,m²,,,,,,,,,
2025-10-04T00:28:59.973422,Cập nhật 7 ngày trước,"4,55 tỷ",,42 m²,,"108,33 triệu/m²",Đã có sổ,,,,,,,,,,Đất thổ cư,m²,,,,,,,,,
2025-10-04T00:28:59.954028,Cập nhật 7 ngày trước,"4,19 tỷ",,58 m²,,"72,24 triệu/m²",Đã có sổ,,,,4 m,14 m,,,,"Mặt tiền
Hẻm xe hơi
Thổ cư toàn bộ",Đất thổ cư,,Nam,,,,,,,,
2025-10-04T00:29:22.926089,Cập nhật 7 ngày trước,"136,876 tỷ",,10200 m²,,"13,42 triệu/m²",Đã có sổ,,,,101 m,101 m,,,,Mặt tiền,Đất nền dự án,m²,,,,,,,,,
2025-10-04T00:29:23.353036,Cập nhật 8 ngày trước,15 tỷ,"Nhà ngõ, hẻm",60 m²,,250 triệu/m²,Đã có sổ,nhiều hơn 10 phòng,Nhiều hơn 6 phòng,Nội thất đầy đủ,,,7.0,,,,,,,,,,,,,,
2025-10-04T00:29:23.806073,Cập nhật 7 ngày trước,210 tỷ,"Nhà mặt phố, mặt tiền",436 m²,,"481,65 triệu/m²",Đã có sổ,nhiều hơn 10 phòng,,Nội thất cao cấp,10 m,,10.0,,,,,,,,,,,,,,
2025-10-04T00:29:26.150264,Cập nhật 8 ngày trước,26 tỷ,"Nhà ngõ, hẻm",52 m²,,500 triệu/m²,Đã có sổ,9 phòng,,,,,,,,Hẻm xe hơi,,,,,,,,,,,
2025-10-04T00:29:35.079901,Cập nhật 7 ngày trước,"5,2 tỷ",,982 m²,,"5,30 triệu/m²",Đã có sổ,,,,13.8 m,71 m,,,,"Mặt tiền
Nở hậu",Đất nông nghiệp,m²,,,,Thửa đất 51; tờ bản đồ TĐ04,,,,,
2025-10-04T00:29:37.072999,Cập nhật 9 ngày trước,"4,35 tỷ",,50 m²,,87 triệu/m²,Đã có sổ,,,,4 m,12.5 m,,,,"Mặt tiền
Hẻm xe hơi
Thổ cư toàn bộ",Đất thổ cư,m²,Đông Nam,,,,,,,,
2025-10-04T00:29:45.060335,Cập nhật 8 ngày trước,"19,6 tỷ","Nhà mặt phố, mặt tiền",55 m²,55 m²,"356,36 triệu/m²",Đã có sổ,4 phòng,4 phòng,Nội thất đầy đủ,5 m,11 m,4.0,,,"Hẻm xe hơi
Nhà nở hậu",,,Đông Nam,,,,,,,,
2025-10-04T00:29:46.867537,Cập nhật 6 ngày trước,10 tỷ,"Nhà ngõ, hẻm",40 m²,45 m²,250 triệu/m²,Đã có sổ,6 phòng,6 phòng,,,,7.0,,,,,,,,,,,,,,
2025-10-04T00:29:50.038057,Cập nhật 7 ngày trước,22 tỷ,Nhà phố liền kề,60 m²,60 m²,"366,67 triệu/m²",Đã có sổ,10 phòng,Nhiều hơn 6 phòng,Nội thất đầy đủ,7 m,9 m,7.0,,,Hẻm xe hơi,,,,,,,,,,,
2025-10-04T00:29:51.904056,Cập nhật 9 ngày trước,10 tỷ,"Nhà ngõ, hẻm",54 m²,54 m²,"185,19 triệu/m²",Đã có sổ,6 phòng,4 phòng,Nội thất cao cấp,6 m,9 m,5.0,,,,,,,,,,,,,,
2025-10-04T00:29:59.107343,Cập nhật 9 ngày trước,"12,5 tỷ","Nhà ngõ, hẻm",51 m²,200 m²,"245,10 triệu/m²",Đã có sổ,4 phòng,2 phòng,Nội thất đầy đủ,4.5 m,11.5 m,4.0,,,Hẻm xe hơi,,,Đông Bắc,,,,,,,,
2025-10-04T00:30:08.743272,Cập nhật 8 ngày trước,"14,987 tỷ","Nhà ngõ, hẻm",51 m²,220 m²,"293,86 triệu/m²",Đã có sổ,4 phòng,4 phòng,Nội thất cao cấp,6 m,9.8 m,4.0,,,,,,,,,,,,,,
2025-10-04T00:30:13.595735,Cập nhật 8 ngày trước,"8,58 tỷ","Nhà ngõ, hẻm",54 m²,54 m²,"158,89 triệu/m²",Đã có sổ,3 phòng,4 phòng,Nội thất đầy đủ,4.2 m,11 m,5.0,,,,,,Đông Nam,,,,,,,,
2025-10-04T00:30:14.957734,Cập nhật 8 ngày trước,"11,1 tỷ","Nhà ngõ, hẻm",38 m²,,"292,11 triệu/m²",Đã có sổ,8 phòng,4 phòng,Hoàn thiện cơ bản,3 m,,6.0,,,,,,,,,,,,,,
2025-10-04T00:30:23.265079,Cập nhật 2 ngày trước,"9,3 tỷ","Nhà mặt phố, mặt tiền",20 m²,80 m²,465 triệu/m²,Đã có sổ,3 phòng,4 phòng,Nội thất đầy đủ,2.8 m,,4.0,,,Hẻm xe hơi,,,,,,,,,,,
2025-10-04T00:30:30.306614,Cập nhật 7 ngày trước,"4,2 tỷ","Nhà ngõ, hẻm",43 m²,43 m²,"97,67 triệu/m²",Đã có sổ,3 phòng,3 phòng,Hoàn thiện cơ bản,4 m,11 m,3.0,,,,,,Tây Nam,,,,,,,,
2025-10-04T00:30:31.512781,Cập nhật 4 ngày trước,"22,5 tỷ","Nhà ngõ, hẻm",90 m²,360 m²,250 triệu/m²,Đã có sổ,4 phòng,,Nội thất đầy đủ,5.5 m,,4.0,,,Hẻm xe hơi,,,,,,,,,,,
2025-10-04T00:30:33.365304,Cập nhật 7 ngày trước,"11,4 tỷ","Nhà ngõ, hẻm",48 m²,48 m²,"237,50 triệu/m²",Đã có sổ,4 phòng,3 phòng,Nội thất đầy đủ,4.6 m,15 m,4.0,,,Nhà nở hậu,,,Tây,,,,,,,,
2025-10-04T00:30:38.128022,Cập nhật 8 ngày trước,13 tỷ,"Nhà ngõ, hẻm",38 m²,,"342,11 triệu/m²",Đã có sổ,3 phòng,,,,,,,,,,,,,,,,,,,
2025-10-04T00:30:47.376831,Cập nhật 8 ngày trước,"3,3 tỷ","Nhà ngõ, hẻm",35 m²,35 m²,"94,29 triệu/m²",Không có sổ,2 phòng,2 phòng,Nội thất cao cấp,4 m,9 m,2.0,,,,,,Tây,,,1,,,,,
2025-10-04T00:30:53.726806,Cập nhật 9 ngày trước,"7,5 tỷ","Nhà ngõ, hẻm",40 m²,,"187,50 triệu/m²",Đã có sổ,5 phòng,4 phòng,Hoàn thiện cơ bản,,,4.0,,,,,,,,,,,,,,
2025-10-04T00:30:55.469734,Cập nhật 5 ngày trước,"6,5 tỷ","Nhà ngõ, hẻm",37 m²,37 m²,"175,68 triệu/m²",Đã có sổ,5 phòng,4 phòng,Hoàn thiện cơ bản,,,,,,,,,,,,,,,,,
2025-10-04T00:31:01.985763,Cập nhật 8 ngày trước,"6,2 tỷ",,55 m²,,"112,73 triệu/m²",Sổ hồng riêng,3 phòng,2 phòng,,,,,Chưa bàn giao,Chung cư,,,,,,,,,,,,
2025-10-04T00:31:02.318586,Cập nhật 9 ngày trước,"8,1 tỷ","Nhà ngõ, hẻm",35 m²,,"231,43 triệu/m²",Đã có sổ,3 phòng,4 phòng,,,,5.0,,,Nhà nở hậu,,,,,,,,,,,
2025-10-04T00:31:09.381921,Cập nhật 6 ngày trước,15 tỷ,"Nhà mặt phố, mặt tiền",40 m²,40 m²,375 triệu/m²,Đã có sổ,3 phòng,4 phòng,Nội thất đầy đủ,4 m,10 m,,,,Hẻm xe hơi,,,,,,,,,,,
2025-10-04T00:31:10.663268,Cập nhật 9 ngày trước,"5,1 tỷ","Nhà ngõ, hẻm",22 m²,,"231,82 triệu/m²",Đã có sổ,2 phòng,3 phòng,,,,4.0,,,,,,,,,,,,,,
2025-10-04T00:31:19.589185,Cập nhật 8 ngày trước,24 tỷ,,3000 m²,,8 triệu/m²,Đã có sổ,,,,,,,,,"Mặt tiền
Thổ cư 1 phần",Đất thổ cư,,,,,,,,,,
2025-10-04T00:31:24.387237,Cập nhật 7 ngày trước,"3,85 tỷ",,31 m²,,"124,19 triệu/m²",Sổ hồng riêng,3 phòng,,,,,,Đã bàn giao,"Tập thể, cư xá",,,,,,,,,,,,
2025-10-04T00:31:24.789209,Cập nhật 9 ngày trước,"9,1 tỷ","Nhà ngõ, hẻm",48 m²,,"189,58 triệu/m²",Đã có sổ,4 phòng,,,,,,,,,,,,,,,,,,,
2025-10-04T00:31:31.746765,Cập nhật 7 ngày trước,"12,8 tỷ",Nhà phố liền kề,50 m²,,256 triệu/m²,Đã có sổ,4 phòng,4 phòng,Nội thất cao cấp,5 m,,5.0,,,Hẻm xe hơi,,,,,,,,,,,
2025-10-04T00:31:33.398161,Cập nhật 8 ngày trước,"6,3 tỷ","Nhà ngõ, hẻm",36 m²,,175 triệu/m²,Đã có sổ,4 phòng,4 phòng,Nội thất đầy đủ,,,5.0,,,Nhà nở hậu,,,,,,,,,,,
2025-10-04T00:31:41.384733,Cập nhật 7 ngày trước,14 tỷ,"Nhà mặt phố, mặt tiền",70 m²,,200 triệu/m²,Đã có sổ,4 phòng,,Nội thất cao cấp,5 m,,5.0,,,"Hẻm xe hơi
Nhà nở hậu",,,,,,,,,,,
2025-10-04T00:31:47.410787,Cập nhật 8 ngày trước,"5,9 tỷ","Nhà ngõ, hẻm",35 m²,35 m²,"168,57 triệu/m²",Đã có sổ,3 phòng,3 phòng,Nội thất đầy đủ,3.3 m,10 m,5.0,,,"Hẻm xe hơi
Nhà nở hậu",,,Nam,,,,,,,,
2025-10-04T00:31:54.282968,Cập nhật 8 ngày trước,"14,99 tỷ","Nhà mặt phố, mặt tiền",50 m²,,"299,80 triệu/m²",Đã có sổ,3 phòng,3 phòng,,,,,,,,,,,,,,,,,,
2025-10-04T00:31:55.810826,Cập nhật 9 ngày trước,"16,5 tỷ","Nhà ngõ, hẻm",205 m²,,"80,49 triệu/m²",Đã có sổ,4 phòng,3 phòng,Nội thất cao cấp,,,3.0,,,"Hẻm xe hơi
Nhà nở hậu",,,Đông Nam,,,,,,,,
2025-10-04T00:32:03.281969,Cập nhật 9 ngày trước,"7,8 tỷ",,80 m²,,"97,50 triệu/m²",Sổ hồng riêng,3 phòng,,,,,,Chưa bàn giao,Chung cư,,,,,,,,,,,,
2025-10-04T00:32:09.439555,Cập nhật 8 ngày trước,"7,95 tỷ","Nhà mặt phố, mặt tiền",45 m²,,"176,67 triệu/m²",Đã có sổ,4 phòng,,,,,,,,,,,,,,,,,,,
2025-10-04T00:32:09.925776,Cập nhật 7 ngày trước,"7,9 tỷ","Nhà ngõ, hẻm",30.1 m²,30.1 m²,"262,46 triệu/m²",Đã có sổ,4 phòng,3 phòng,Nội thất đầy đủ,,,4.0,,,,,,,,,,,,,,
2025-10-04T00:32:10.842890,Cập nhật 8 ngày trước,5 tỷ,"Nhà ngõ, hẻm",28 m²,28 m²,"178,57 triệu/m²",Đã có sổ,3 phòng,4 phòng,Nội thất cao cấp,4 m,7 m,4.0,,,Hiện trạng khác,,,,,,,,,,,
2025-10-04T00:32:24.069999,Cập nhật 9 ngày trước,"4,25 tỷ",,48 m²,,"88,54 triệu/m²",Đã có sổ,,,,4 m,12 m,,,,,Đất thổ cư,,,,,,,,,,
2025-10-04T00:32:30.161693,Cập nhật 8 ngày trước,"2,1 tỷ",,91 m²,,"23,08 triệu/m²",Đã có sổ,,,,5 m,18 m,,,,"Mặt tiền
Hẻm xe hơi",Đất thổ cư,m²,,,,Trường Điện Kim Anh Sóc Sơn,,98.0,,,
2025-10-04T00:32:30.956247,Cập nhật 7 ngày trước,"2,7 tỷ",,80 m²,,"33,75 triệu/m²",Đã có sổ,,,,5 m,16 m,,,,"Mặt tiền
Thổ cư toàn bộ
Không có thổ cư",Đất thổ cư,m²,Đông Nam,,,Đất trong dân,,,,,
2025-10-04T00:32:32.727509,Cập nhật 9 ngày trước,"5,6 tỷ","Nhà ngõ, hẻm",44 m²,44 m²,"127,27 triệu/m²",Đã có sổ,4 phòng,,Nội thất đầy đủ,4 m,,4.0,,,,,,,,,,,,,,
2025-10-04T00:32:46.356236,Cập nhật 9 ngày trước,"8,3 tỷ","Nhà ngõ, hẻm",44 m²,,"188,64 triệu/m²",Đã có sổ,6 phòng,4 phòng,Nội thất đầy đủ,,,5.0,,,,,,,,,,,,,,
2025-10-04T00:32:47.771502,Cập nhật 9 ngày trước,10 tỷ,"Nhà ngõ, hẻm",52 m²,52 m²,"192,31 triệu/m²",Đã có sổ,5 phòng,5 phòng,,4 m,12 m,5.0,,,Nhà nở hậu,,,,,,,,,,,
2025-10-04T00:32:49.493613,Cập nhật 8 ngày trước,"5,9 tỷ","Nhà ngõ, hẻm",26 m²,26 m²,"226,92 triệu/m²",Đã có sổ,2 phòng,3 phòng,Hoàn thiện cơ bản,3.5 m,,4.0,,,,,,,,,,,,,,
2025-10-04T00:32:52.611719,Cập nhật 7 ngày trước,"6,336 tỷ",,100 m²,,"63,36 triệu/m²",Sổ hồng riêng,3 phòng,2 phòng,,,,,Chưa bàn giao,Chung cư,,,,,,,,,,,,
2025-10-04T00:33:06.087441,Cập nhật 7 ngày trước,"7,2 tỷ","Nhà ngõ, hẻm",35 m²,,"205,71 triệu/m²",Đã có sổ,4 phòng,5 phòng,Hoàn thiện cơ bản,4 m,,6.0,,,,,,,,,,,,,,
2025-10-04T00:33:10.307221,Cập nhật 1 ngày trước,"20,6 tỷ",Nhà phố liền kề,78 m²,150 m²,"264,10 triệu/m²",Đã có sổ,2 phòng,2 phòng,Nội thất đầy đủ,5 m,15 m,2.0,,,Hẻm xe hơi,,,Đông Bắc,,,,,,,,
2025-10-04T00:33:16.484149,Cập nhật 7 ngày trước,"8,2 tỷ",Nhà biệt thự,48.3 m²,,"169,77 triệu/m²",Đã có sổ,4 phòng,4 phòng,Nội thất đầy đủ,3.5 m,,5.0,,,,,,,,,,,,,,
2025-10-04T00:33:33.512796,Cập nhật 8 ngày trước,"2,3 tỷ",,85.5 m²,,"26,90 triệu/m²",Đã có sổ,,,,4.5 m,19 m,,,,"Mặt tiền
Không có thổ cư",Đất thổ cư,m²,Đông Nam,,,,,,,,
2025-10-04T00:33:39.672823,Cập nhật 7 ngày trước,19 tỷ,"Nhà ngõ, hẻm",75 m²,,"253,33 triệu/m²",Đã có sổ,nhiều hơn 10 phòng,Nhiều hơn 6 phòng,Nội thất cao cấp,5 m,16 m,7.0,,,"Hẻm xe hơi
Nhà nở hậu",,,Đông Bắc,,,,,,,,
2025-10-04T00:33:48.665055,Cập nhật 8 ngày trước,"6,65 tỷ",,80 m²,,"83,12 triệu/m²",Sổ hồng riêng,2 phòng,,,,,,Đã bàn giao,Chung cư,,,,,,,,,,,,
2025-10-04T00:33:56.686416,Cập nhật 8 ngày trước,"10,7 tỷ",,125 m²,,"85,60 triệu/m²",Đang chờ sổ,3 phòng,,Nội thất đầy đủ,,,,Đã bàn giao,Chung cư,,,,,,,,Đông Nam,,Căn góc,,
2025-10-04T00:33:57.602088,Cập nhật 7 ngày trước,"10,8 tỷ","Nhà mặt phố, mặt tiền",30 m²,,360 triệu/m²,Đã có sổ,4 phòng,5 phòng,,,,5.0,,,,,,,,,,,,,,
2025-10-04T00:34:04.130191,Cập nhật 7 ngày trước,"4,5 tỷ",,72 m²,,"62,50 triệu/m²",Sổ hồng riêng,2 phòng,2 phòng,Nội thất đầy đủ,,,,Đã bàn giao,Chung cư,,,,,,,,,,,,
2025-10-04T00:34:10.936965,Cập nhật 3 ngày trước,10 tỷ,"Nhà ngõ, hẻm",52 m²,,"192,31 triệu/m²",Đã có sổ,5 phòng,,,,,,,,,,,,,,,,,,,
2025-10-04T00:34:17.132299,Cập nhật 7 ngày trước,6 tỷ,"Nhà ngõ, hẻm",33 m²,150 m²,"181,82 triệu/m²",Đã có sổ,3 phòng,3 phòng,Nội thất đầy đủ,5 m,5.8 m,4.0,,,,,,Tây,,,,,,,,
2025-10-04T00:34:21.145013,Cập nhật 8 ngày trước,"15,5 tỷ","Nhà ngõ, hẻm",50 m²,,310 triệu/m²,Đã có sổ,5 phòng,5 phòng,Nội thất đầy đủ,,,6.0,,,,,,,,,,,,,,
2025-10-04T00:34:24.836219,Cập nhật 8 ngày trước,"23,5 tỷ",Nhà phố liền kề,77 m²,,"305,19 triệu/m²",Đã có sổ,4 phòng,4 phòng,Nội thất đầy đủ,4.5 m,17 m,4.0,,,,,,Đông Nam,,,,,,,,
2025-10-04T00:34:26.257873,Cập nhật 9 ngày trước,"2,86 tỷ","Nhà ngõ, hẻm",20 m²,20 m²,143 triệu/m²,Đã có sổ,2 phòng,,,,,,,,,,,,,,,,,,,
2025-10-04T00:34:35.155100,Cập nhật 7 ngày trước,"9,5 tỷ","Nhà ngõ, hẻm",48 m²,,"197,92 triệu/m²",Đã có sổ,3 phòng,,,,,,,,,,,,,,,,,,,
2025-10-04T00:34:39.021460,Cập nhật 8 ngày trước,"6,9 tỷ","Nhà mặt phố, mặt tiền",40 m²,,"172,50 triệu/m²",Đã có sổ,6 phòng,,,,,,,,Nhà nở hậu,,,,,,,,,,,
2025-10-04T00:34:40.360035,Cập nhật 8 ngày trước,"5,2 tỷ",,100 m²,,52 triệu/m²,Đã có sổ,,,,,,,,,"Mặt tiền
Hẻm xe hơi",Đất thổ cư,m²,,,,,,,,,
2025-10-04T00:34:50.450617,Cập nhật 9 ngày trước,"10,25 tỷ","Nhà ngõ, hẻm",42 m²,,"244,05 triệu/m²",Đã có sổ,3 phòng,,,,,5.0,,,Nhà nở hậu,,,,,,,,,,,
2025-10-04T00:34:53.233888,Cập nhật 7 ngày trước,"3,75 tỷ",Nhà phố liền kề,41 m²,41 m²,"91,46 triệu/m²",Đã có sổ,4 phòng,,,4 m,10 m,4.0,,,"Hẻm xe hơi
Nhà nở hậu",,,,,,,,,,,
2025-10-04T00:34:59.537948,Cập nhật 8 ngày trước,"4,3 tỷ",,46.1 m²,,"93,28 triệu/m²",Đã có sổ,,,,4.8 m,,,,,"Mặt tiền
Hẻm xe hơi
Thổ cư toàn bộ",Đất thổ cư,,,,,,,,,,
2025-10-04T00:12:57.583293,Cập nhật 15 giờ trước,"7,8 tỷ","Nhà ngõ, hẻm",48 m²,,"162,50 triệu/m²",Đã có sổ,4 phòng,5 phòng,Nội thất đầy đủ,,,6.0,,,,,,,,,,,,,,
2025-10-04T00:12:58.562183,Cập nhật 7 ngày trước,"4,38 tỷ","Nhà ngõ, hẻm",32 m²,,"136,88 triệu/m²",Đã có sổ,3 phòng,,,,,,,,,,,,,,,,,,,
2025-10-04T00:13:00.342648,Cập nhật 8 ngày trước,"6,28 tỷ",,111 m²,,"56,58 triệu/m²",Đang chờ sổ,3 phòng,2 phòng,,,,,Đã bàn giao,Chung cư,,,,,,9.0,,,,,,
2025-10-04T00:13:00.404643,Cập nhật 1 ngày trước,"2,59 tỷ",,56.5 m²,,"45,84 triệu/m²",Đã có sổ,,,,7.3 m,7.7 m,,,,"Hẻm xe hơi
Thổ cư toàn bộ
Mặt tiền",Đất thổ cư,m²,,,,Xuân Bách,,,,,
2025-10-04T00:13:02.598530,Cập nhật 5 giờ trước,"8,3 tỷ","Nhà ngõ, hẻm",43 m²,,"193,02 triệu/m²",Đã có sổ,5 phòng,,,4 m,,,,,,,,,,,,,,,,
2025-10-04T00:13:09.893384,Cập nhật 8 ngày trước,"8,6 tỷ","Nhà ngõ, hẻm",48 m²,,"179,17 triệu/m²",Đã có sổ,4 phòng,,,,,,,,,,,,,,,,,,,
2025-10-04T00:13:12.778474,Cập nhật 8 ngày trước,9 tỷ,,45 m²,,200 triệu/m²,Đã có sổ,,,,4 m,11 m,,,,,Đất thổ cư,m²,,,,,,,,,
2025-10-04T00:13:15.401679,Cập nhật 1 ngày trước,"15,2 tỷ","Nhà mặt phố, mặt tiền",50 m²,50 m²,304 triệu/m²,Đã có sổ,6 phòng,5 phòng,,,,5.0,,,,,,,,,,,,,,
2025-10-04T00:13:20.045899,Cập nhật 9 ngày trước,"6,4 tỷ",,75 m²,,"85,33 triệu/m²",Đã có sổ,,,,4.3 m,,,,,Mặt tiền Hẻm xe hơi Thổ cư toàn bộ,Đất thổ cư,,,,,,,,,,
2025-10-04T00:13:20.189101,Cập nhật 9 ngày trước,"7,6 tỷ","Nhà ngõ, hẻm",39 m²,,"194,87 triệu/m²",Đã có sổ,4 phòng,,,,,,,,,,,,,,,,,,,
2025-10-04T00:13:20.752655,Cập nhật 6 ngày trước,"1,35 tỷ","Nhà ngõ, hẻm",18 m²,,75 triệu/m²,Không có sổ,2 phòng,,,,,3.0,,,,,,,,,,,,,,
2025-10-04T00:13:22.040032,Cập nhật 8 ngày trước,8 tỷ,"Nhà ngõ, hẻm",35 m²,35 m²,"228,57 triệu/m²",Đã có sổ,5 phòng,5 phòng,Nội thất cao cấp,,,7.0,,,Hẻm xe hơi,,,,,,,,,,,
2025-10-04T00:13:22.561840,Cập nhật 8 ngày trước,"9,29 tỷ","Nhà ngõ, hẻm",38 m²,38 m²,"244,47 triệu/m²",Đã có sổ,5 phòng,6 phòng,Nội thất cao cấp,,,7.0,,,,,,,,,,,,,,
2025-10-04T00:13:28.134553,Cập nhật 7 ngày trước,"5,1 tỷ","Nhà ngõ, hẻm",32 m²,,"159,38 triệu/m²",Đã có sổ,3 phòng,4 phòng,Hoàn thiện cơ bản,,,5.0,,,,,,,,,,,,,,
2025-10-04T00:13:28.456338,Cập nhật 8 ngày trước,"14,5 tỷ",,300 m²,,"48,33 triệu/m²",Đã có sổ,,,,12 m,25 m,,,,Mặt tiền Thổ cư toàn bộ,Đất thổ cư,m²,,,,Khu TĐC Linh Sơn Bình Yên,,23,,,
2025-10-04T00:13:28.872092,Cập nhật 6 ngày trước,15 tỷ,"Nhà ngõ, hẻm",55 m²,,"272,73 triệu/m²",Đã có sổ,3 phòng,,,,,,,,Hẻm xe hơi,,,,,,,,,,,
2025-10-04T00:13:29.942960,Cập nhật 7 ngày trước,"12,8 tỷ",,80 m²,,160 triệu/m²,Đã có sổ,,,,,,,,,,,,,Mặt bằng kinh doanh,,,,,,,
2025-10-04T00:13:30.462339,Cập nhật 9 ngày trước,"13,5 tỷ","Nhà ngõ, hẻm",56 m²,,"241,07 triệu/m²",Đã có sổ,4 phòng,3 phòng,,4 m,,,,,Hẻm xe hơi,,,,,,,,,,,
2025-10-04T00:13:35.365149,Cập nhật 9 ngày trước,"8,6 tỷ","Nhà ngõ, hẻm",50 m²,50 m²,172 triệu/m²,Đã có sổ,3 phòng,4 phòng,Hoàn thiện cơ bản,5 m,,4.0,,,Hẻm xe hơi Nhà nở hậu,,,,,,,,,,,
2025-10-04T00:13:36.091683,Cập nhật 8 ngày trước,"4,5 tỷ",,90 m²,,50 triệu/m²,Sổ hồng riêng,3 phòng,2 phòng,Nội thất đầy đủ,,,,Chưa bàn giao,"Tập thể, cư xá",,,,,,,,,,,,
2025-10-04T00:13:36.847457,Cập nhật 3 ngày trước,"14,4 tỷ",Nhà biệt thự,68 m²,68 m²,"211,76 triệu/m²",Đã có sổ,4 phòng,3 phòng,Nội thất cao cấp,5.8 m,11.8 m,4.0,,,Hiện trạng khác,,,,,,,,,,,
2025-10-04T00:13:37.763610,Cập nhật 3 ngày trước,"4,797 tỷ","Nhà ngõ, hẻm",18 m²,,"266,50 triệu/m²",Đã có sổ,3 phòng,3 phòng,Hoàn thiện cơ bản,3 m,6 m,4.0,,,Nhà nở hậu,,,,,,,,,,,
2025-10-04T00:13:38.506762,Cập nhật 8 ngày trước,"13,199 tỷ",,60 m²,,"219,98 triệu/m²",Đã có sổ,,,,4 m,15.6 m,,,,Hẻm xe hơi Thổ cư toàn bộ,Đất thổ cư,m²,,,,,,,,,
2025-10-04T00:13:42.561538,Cập nhật 3 ngày trước,"4,68 tỷ","Nhà ngõ, hẻm",25 m²,,"187,20 triệu/m²",Đã có sổ,3 phòng,,,,,,,,,,,,,,,,,,,
2025-10-04T00:13:44.942975,Cập nhật 2 ngày trước,"6,25 tỷ","Nhà ngõ, hẻm",35 m²,35 m²,"178,57 triệu/m²",Đã có sổ,2 phòng,3 phòng,Nội thất đầy đủ,,,3.0,,,Nhà nở hậu,,,Tây,,,,,,,,
2025-10-04T00:13:45.683379,Cập nhật 7 ngày trước,"9,2 tỷ",,46 m²,,200 triệu/m²,Đã có sổ,,,,3.8 m,,,,,Mặt tiền Hẻm xe hơi,Đất thổ cư,m²,,,,,,,,,
2025-10-04T00:13:47.141004,Cập nhật 8 ngày trước,"4,58 tỷ","Nhà ngõ, hẻm",14 m²,,"327,14 triệu/m²",Đã có sổ,3 phòng,,,,,,,,,,,,,,,,,,,
2025-10-04T00:13:50.304350,Cập nhật 9 ngày trước,3 tỷ,,30 m²,,100 triệu/m²,Đã có sổ,,,,3.15 m,10 m,,,,,Đất thổ cư,,,,,,,,,,
2025-10-04T00:13:50.662976,Cập nhật 2 ngày trước,11 tỷ,"Nhà mặt phố, mặt tiền",37 m²,42 m²,"297,30 triệu/m²",Đã có sổ,6 phòng,6 phòng,Nội thất cao cấp,,,4.0,,,Nhà nở hậu Hẻm xe hơi,,,Tây Bắc,,,,,,,,
2025-10-04T00:13:53.544866,Cập nhật 8 ngày trước,"8,7 tỷ","Nhà mặt phố, mặt tiền",21 m²,,"414,29 triệu/m²",Đã có sổ,2 phòng,2 phòng,Nội thất đầy đủ,,,4.0,,,,,,,,,,,,,,
2025-10-04T00:13:53.857709,Cập nhật 9 ngày trước,"7,8 tỷ","Nhà ngõ, hẻm",46 m²,,"169,57 triệu/m²",Đã có sổ,3 phòng,,,,,,,,,,,,,,,,,,,
2025-10-04T00:13:55.182850,Cập nhật 8 ngày trước,"3,19 tỷ","Nhà ngõ, hẻm",48 m²,48 m²,"66,46 triệu/m²",Đã có sổ,2 phòng,1 phòng,Nội thất cao cấp,4 m,12 m,1.0,,,Hẻm xe hơi Nhà nở hậu,,,,,,,,,,,
2025-10-04T00:13:59.137060,Cập nhật 7 ngày trước,"5,4 tỷ",,90 m²,,60 triệu/m²,Đang chờ sổ,3 phòng,,,,,,Chưa bàn giao,Chung cư,,,,,,,,,,,,
2025-10-04T00:13:59.272469,Cập nhật 9 giờ trước,18 tỷ,"Nhà ngõ, hẻm",48 m²,,375 triệu/m²,Đã có sổ,6 phòng,5 phòng,Nội thất cao cấp,,,5.0,,,Hẻm xe hơi,,,,,,,,,,,
2025-10-04T00:14:00.991878,Cập nhật 9 ngày trước,"7,5 tỷ","Nhà ngõ, hẻm",43 m²,,"174,42 triệu/m²",Đã có sổ,5 phòng,,,,,,,,,,,,,,,,,,,
2025-10-04T00:14:04.337318,Cập nhật 8 ngày trước,"2,55 tỷ",,81 m²,,"31,48 triệu/m²",Đã có sổ,,,,7 m,11.6 m,,,,Mặt tiền Hẻm xe hơi Nở hậu Thổ cư toàn bộ,Đất thổ cư,m²,Đông Nam,,,Đất phân lô,,,,,
2025-10-04T00:14:07.928919,Cập nhật 8 ngày trước,"4,85 tỷ",,63 m²,,"76,98 triệu/m²",Sổ hồng riêng,2 phòng,2 phòng,Nội thất cao cấp,,,,Đã bàn giao,Chung cư,,,,,,,,,,Căn góc,,
2025-10-04T00:14:08.596261,Cập nhật 6 ngày trước,"15,8 tỷ","Nhà ngõ, hẻm",49 m²,58 m²,"322,45 triệu/m²",Đã có sổ,5 phòng,3 phòng,,,,2.0,,,,,,,,,,,,,,
2025-10-04T00:14:08.905383,Cập nhật 9 ngày trước,"5,8 tỷ","Nhà ngõ, hẻm",36 m²,,"161,11 triệu/m²",Đã có sổ,3 phòng,,Nội thất đầy đủ,3 m,,6.0,,,,,,,,,,,,,,
2025-10-04T00:14:11.184703,Cập nhật 4 ngày trước,"6,35 tỷ","Nhà ngõ, hẻm",35 m²,140 m²,"181,43 triệu/m²",Đã có sổ,3 phòng,3 phòng,Hoàn thiện cơ bản,4 m,9 m,4.0,,,Nhà nở hậu,,,,,,,,,,,
2025-10-04T00:14:12.912461,Cập nhật 8 ngày trước,"4,1 tỷ","Nhà ngõ, hẻm",50 m²,,82 triệu/m²,Đã có sổ,4 phòng,,,,,,,,,,,,,,,,,,,
2025-10-04T00:14:16.615793,Cập nhật 7 ngày trước,"7,1 tỷ","Nhà ngõ, hẻm",55 m²,,"129,09 triệu/m²",Đã có sổ,3 phòng,,,,,,,,,,,,,,,,,,,
2025-10-04T00:14:16.817925,Cập nhật 7 ngày trước,"13,5 tỷ","Nhà mặt phố, mặt tiền",40 m²,40 m²,"337,50 triệu/m²",Đã có sổ,3 phòng,5 phòng,Nội thất cao cấp,,,,,,,,,,,,,,,,,
2025-10-04T00:14:17.148016,Cập nhật 8 ngày trước,"7,89 tỷ","Nhà ngõ, hẻm",40 m²,,"197,25 triệu/m²",Đã có sổ,3 phòng,4 phòng,,,,,,,,,,,,,,,,,,
2025-10-04T00:14:19.747877,Cập nhật 8 ngày trước,9 tỷ,"Nhà ngõ, hẻm",47 m²,,"191,49 triệu/m²",Đã có sổ,3 phòng,,,,,,,,,,,,,,,,,,,
2025-10-04T00:14:21.179747,Cập nhật 7 ngày trước,"3,2 tỷ",,50 m²,,64 triệu/m²,Sổ hồng riêng,2 phòng,,Nội thất đầy đủ,,,,Chưa bàn giao,"Tập thể, cư xá",,,,,,1.0,,,,,,
2025-10-04T00:14:25.362357,Cập nhật 7 ngày trước,26 tỷ,"Nhà mặt phố, mặt tiền",70 m²,,"371,43 triệu/m²",Đã có sổ,4 phòng,,,,,,,,,,,,,,,,,,,
2025-10-04T00:14:25.462702,Cập nhật 7 ngày trước,"46,5 tỷ",Nhà biệt thự,180 m²,,"258,33 triệu/m²",Đã có sổ,4 phòng,4 phòng,Nội thất đầy đủ,18 m,12 m,4.0,,,,,,,,,,,,,,
2025-10-04T00:14:25.559827,Cập nhật 8 ngày trước,"13,8 tỷ","Nhà ngõ, hẻm",40 m²,40 m²,345 triệu/m²,Đã có sổ,3 phòng,4 phòng,Nội thất cao cấp,5 m,8 m,5.0,,,,,,,,,,,,,,
2025-10-04T00:14:29.294201,Cập nhật 9 ngày trước,"3,9 tỷ",,51 m²,,"76,47 triệu/m²",Đã có sổ,,,,,,,,,,Đất thổ cư,m²,,,,,,,,,
2025-10-04T00:14:30.045677,Cập nhật 9 ngày trước,"6,5 tỷ","Nhà ngõ, hẻm",30 m²,,"216,67 triệu/m²",Đã có sổ,3 phòng,,,,,,,,,,,,,,,,,,,
2025-10-04T00:14:34.603270,Cập nhật 2 ngày trước,"5,2 tỷ","Nhà ngõ, hẻm",32 m²,,"162,50 triệu/m²",Đã có sổ,4 phòng,4 phòng,,,,5.0,,,,,,,,,,,,,,
2025-10-04T00:14:34.806440,Cập nhật 7 ngày trước,"4,8 tỷ","Nhà ngõ, hẻm",20 m²,,240 triệu/m²,Đã có sổ,3 phòng,4 phòng,Nội thất đầy đủ,,,55.0,,,,,,,,,,,,,,
2025-10-04T00:14:33.600403,Cập nhật 7 ngày trước,"2,9 tỷ",,40 m²,,"72,50 triệu/m²",Đã có sổ,,,,,,,,,,Đất thổ cư,m²,,,,,,,,,
2025-10-04T00:14:39.031983,Cập nhật 3 ngày trước,"4,25 tỷ","Nhà ngõ, hẻm",32 m²,160 m²,"132,81 triệu/m²",Đã có sổ,3 phòng,4 phòng,Nội thất đầy đủ,4.1 m,8 m,5.0,,,Hẻm xe hơi Nhà nở hậu,,,,,,,,,,,
2025-10-04T00:14:39.018380,Cập nhật 7 ngày trước,"1,8 tỷ","Nhà mặt phố, mặt tiền",34 m²,42 m²,"52,94 triệu/m²",Không có sổ,1 phòng,1 phòng,Hoàn thiện cơ bản,4 m,8.5 m,1.0,,,Hẻm xe hơi Nhà nát,,,Đông Bắc,,,,,,,,
2025-10-04T00:14:43.367613,Cập nhật 8 ngày trước,"17,9 tỷ","Nhà mặt phố, mặt tiền",47 m²,,"380,85 triệu/m²",Đã có sổ,4 phòng,,,,,4.0,,,,,,,,,,,,,,
2025-10-04T00:14:43.424186,Cập nhật 8 ngày trước,"8,3 tỷ","Nhà ngõ, hẻm",32 m²,32 m²,"259,38 triệu/m²",Đã có sổ,3 phòng,4 phòng,Nội thất đầy đủ,4 m,,6.0,,,Hẻm xe hơi,,,Đông Bắc,,,,,,,,
2025-10-04T00:14:47.393918,Cập nhật 8 ngày trước,"6,85 tỷ","Nhà mặt phố, mặt tiền",35 m²,,"195,71 triệu/m²",Đã có sổ,5 phòng,,,,,,,,Nhà nở hậu,,,,,,,,,,,
2025-10-04T00:14:51.646869,Cập nhật 4 giờ trước,"8,25 tỷ","Nhà ngõ, hẻm",35 m²,35 m²,"235,71 triệu/m²",Đã có sổ,4 phòng,3 phòng,Nội thất cao cấp,,,5.0,,,Nhà nở hậu,,,,,,,,,,,
2025-10-04T00:14:52.910764,Cập nhật 8 ngày trước,"7,5 tỷ","Nhà ngõ, hẻm",38 m²,,"197,37 triệu/m²",Đã có sổ,3 phòng,,,,,,,,,,,,,,,,,,,
2025-10-04T00:14:52.000723,Cập nhật 8 ngày trước,"9,4 tỷ","Nhà ngõ, hẻm",45 m²,45 m²,"208,89 triệu/m²",Đã có sổ,4 phòng,3 phòng,Nội thất cao cấp,4.5 m,10 m,4.0,,,Nhà nở hậu Hẻm xe hơi,,,,,,,,,,,
2025-10-04T00:14:55.768020,Cập nhật 8 ngày trước,"7,35 tỷ",,100 m²,,"73,50 triệu/m²",Đã có sổ,,,,,,,,,Thổ cư toàn bộ,Đất thổ cư,m²,Tây Nam,,,,,,,,
2025-10-04T00:14:57.241115,Cập nhật 9 ngày trước,"7,75 tỷ","Nhà ngõ, hẻm",45 m²,,"172,22 triệu/m²",Đã có sổ,3 phòng,,Nội thất đầy đủ,5 m,,3.0,,,,,,,,,,,,,,
2025-10-04T00:15:01.203585,Cập nhật 7 ngày trước,7 tỷ,"Nhà ngõ, hẻm",32 m²,,"218,75 triệu/m²",Đã có sổ,4 phòng,5 phòng,,,,5.0,,,Nhà nở hậu Hẻm xe hơi,,,Đông Bắc,,,,,,,,
2025-10-04T00:15:02.006472,Cập nhật 7 ngày trước,"4,75 tỷ","Nhà ngõ, hẻm",33 m²,33 m²,"143,94 triệu/m²",Đã có sổ,3 phòng,,Hoàn thiện cơ bản,6 m,,5.0,,,,,,,,,,,,,,
2025-10-04T00:15:04.728769,Cập nhật 7 ngày trước,"3,8 tỷ",,60 m²,,"63,33 triệu/m²",Sổ hồng riêng,2 phòng,2 phòng,Nội thất cao cấp,,,,Chưa bàn giao,Chung cư,,,,,,,,,,,,
2025-10-04T00:15:05.542976,Cập nhật 7 ngày trước,"23,19 tỷ","Nhà ngõ, hẻm",73 m²,73 m²,"317,67 triệu/m²",Đã có sổ,5 phòng,6 phòng,,6 m,,7.0,,,Hẻm xe hơi,,,,,,,,,,,
2025-10-04T00:15:08.751111,Cập nhật 7 ngày trước,15 tỷ,"Nhà ngõ, hẻm",58 m²,,"258,62 triệu/m²",Đã có sổ,6 phòng,,,,,,,,Hẻm xe hơi,,,,,,,,,,,
2025-10-04T00:15:09.542490,Cập nhật 7 ngày trước,"13,5 tỷ","Nhà mặt phố, mặt tiền",32 m²,110 m²,"421,88 triệu/m²",Đã có sổ,2 phòng,3 phòng,Hoàn thiện cơ bản,3.2 m,,4.0,,,Hẻm xe hơi,,,,,,,,,,,
2025-10-04T00:15:12.924159,Cập nhật 1 ngày trước,"5,45 tỷ","Nhà ngõ, hẻm",50 m²,,109 triệu/m²,Đã có sổ,2 phòng,,,,,2.0,,,Hẻm xe hơi,,,,,,,,,,,
2025-10-04T00:15:14.642662,Cập nhật 9 ngày trước,"7,5 tỷ","Nhà mặt phố, mặt tiền",38 m²,38 m²,"197,37 triệu/m²",Đã có sổ,3 phòng,,Hoàn thiện cơ bản,4 m,,6.0,,,,,,,,,,,,,,
2025-10-04T00:15:17.173936,Cập nhật 8 ngày trước,"6,9 tỷ","Nhà ngõ, hẻm",42 m²,,"164,29 triệu/m²",Đã có sổ,3 phòng,,,,,,,,,,,,,,,,,,,
2025-10-04T00:15:18.115253,Cập nhật 9 ngày trước,"8,2 tỷ","Nhà ngõ, hẻm",34 m²,,"241,18 triệu/m²",Đã có sổ,5 phòng,4 phòng,,,,5.0,,,Nhà nở hậu,,,Tây Bắc,,,,,,,,
2025-10-04T00:15:20.654792,Cập nhật 8 ngày trước,"20,5 tỷ","Nhà mặt phố, mặt tiền",25 m²,100 m²,820 triệu/m²,Đã có sổ,4 phòng,4 phòng,Nội thất cao cấp,3 m,,5.0,,,,,,,,,,,,,,
2025-10-04T00:15:22.171776,Cập nhật 8 ngày trước,"5,95 tỷ","Nhà ngõ, hẻm",32 m²,32 m²,"185,94 triệu/m²",Đã có sổ,3 phòng,4 phòng,Nội thất đầy đủ,7 m,,,,,Nhà nở hậu,,,,,,,,,,,
2025-10-04T00:15:26.171043,Cập nhật 8 ngày trước,"16,8 tỷ","Nhà mặt phố, mặt tiền",55 m²,60 m²,"305,45 triệu/m²",Đã có sổ,4 phòng,4 phòng,Nội thất đầy đủ,5.5 m,10 m,4.0,,,,,,Tây Bắc,,,,,,,,
2025-10-04T00:15:26.745679,Cập nhật 8 ngày trước,"7,5 tỷ","Nhà ngõ, hẻm",45 m²,,"166,67 triệu/m²",Đã có sổ,5 phòng,,,,,,,,,,,,,,,,,,,
2025-10-04T00:15:26.248691,Cập nhật 8 ngày trước,"4,88 tỷ",,95 m²,,"51,37 triệu/m²",Sổ hồng riêng,3 phòng,,,,,,Đã bàn giao,Chung cư,,,,,,,,,,,,
2025-10-04T00:15:28.619009,Cập nhật 4 ngày trước,"6,9 tỷ","Nhà ngõ, hẻm",54 m²,54 m²,"127,78 triệu/m²",Đã có sổ,3 phòng,3 phòng,,4 m,,5.0,,,,,,,,,,,,,,
2025-10-04T00:15:30.515557,Cập nhật 6 ngày trước,28 tỷ,,223 m²,,"125,56 triệu/m²",Đã có sổ,,,,8.2 m,28 m,,,,,Đất thổ cư,,,,,,,,,,
2025-10-04T00:15:33.484038,Cập nhật 7 ngày trước,"15,8 tỷ","Nhà ngõ, hẻm",48 m²,48 m²,"329,17 triệu/m²",Đã có sổ,4 phòng,,,,,,,,,,,,,,,,,,,
2025-10-04T00:15:34.865616,Cập nhật 8 ngày trước,"19,4 tỷ","Nhà ngõ, hẻm",59 m²,,"328,81 triệu/m²",Đã có sổ,5 phòng,,Nội thất đầy đủ,4.5 m,13 m,7.0,,,Hẻm xe hơi,,,,,,,,,,,
2025-10-04T00:15:35.346888,Cập nhật 7 ngày trước,"7,5 tỷ","Nhà ngõ, hẻm",40 m²,,"187,50 triệu/m²",Đã có sổ,4 phòng,3 phòng,Nội thất đầy đủ,5 m,8 m,,,,,,,,,,,,,,,
2025-10-04T00:15:36.658622,Cập nhật 3 giờ trước,9 tỷ,"Nhà ngõ, hẻm",52 m²,240 m²,"173,08 triệu/m²",Đã có sổ,3 phòng,4 phòng,Nội thất đầy đủ,4 m,13 m,6.0,,,Hẻm xe hơi,,,Đông Bắc,,,,,,,,
2025-10-04T00:15:39.241458,Cập nhật 9 ngày trước,"13,88 tỷ","Nhà mặt phố, mặt tiền",82 m²,,"169,27 triệu/m²",Đã có sổ,5 phòng,,,,,5.0,,,,,,,,,,,,,,
2025-10-04T00:15:42.540704,Cập nhật 8 ngày trước,"6,3 tỷ","Nhà ngõ, hẻm",36 m²,,175 triệu/m²,Đã có sổ,4 phòng,4 phòng,Nội thất đầy đủ,,,5.0,,,Nhà nở hậu,,,,,,,,,,,
2025-10-04T00:15:43.613622,Cập nhật 7 ngày trước,"4,1 tỷ",,65 m²,,"63,08 triệu/m²",Sổ hồng riêng,2 phòng,2 phòng,Nội thất đầy đủ,,,,Đã bàn giao,Chung cư,,,,,,,,,,,,
2025-10-04T00:15:44.885165,Cập nhật 1 ngày trước,3 tỷ,,39 m²,,"76,92 triệu/m²",Sổ hồng riêng,2 phòng,1 phòng,,,,,Đã bàn giao,"Tập thể, cư xá",,,,,,,,,,,,
2025-10-04T00:15:47.380533,Cập nhật 7 ngày trước,9 tỷ,"Nhà ngõ, hẻm",48 m²,48 m²,"187,50 triệu/m²",Đã có sổ,9 phòng,,Nội thất đầy đủ,,,5.0,,,Hiện trạng khác,,,,,,,,,,,
2025-10-04T00:15:50.252226,Cập nhật 8 ngày trước,"7,8 tỷ",,62 m²,,"125,81 triệu/m²",Đã có sổ,,,,5.2 m,,,,,Mặt tiền Thổ cư toàn bộ,Đất thổ cư,,,,,,,,,,
2025-10-04T00:15:51.746937,Cập nhật 2 ngày trước,19 tỷ,"Nhà mặt phố, mặt tiền",73 m²,,"260,27 triệu/m²",Đã có sổ,3 phòng,,,7 m,,,,,,,,,,,,,,,,
2025-10-04T00:15:52.707466,Cập nhật 9 ngày trước,800 triệu,,36 m²,,"22,22 triệu/m²",Sổ hồng riêng,2 phòng,1 phòng,Nội thất cao cấp,,,,Đã bàn giao,"Căn hộ dịch vụ, mini",,,,Nam,,,,Đông Nam,,,,
2025-10-04T00:15:55.349276,Cập nhật 8 ngày trước,"8,95 tỷ","Nhà ngõ, hẻm",50 m²,50 m²,179 triệu/m²,Đã có sổ,4 phòng,4 phòng,Hoàn thiện cơ bản,,,4.0,,,Hẻm xe hơi Nhà nở hậu,,,,,,,,,,,
2025-10-04T00:15:57.071102,Cập nhật 4 ngày trước,9 tỷ,"Nhà ngõ, hẻm",46.1 m²,46 m²,"195,23 triệu/m²",Đã có sổ,4 phòng,3 phòng,Hoàn thiện cơ bản,3.8 m,12 m,4.0,,,Nhà nở hậu,,,Đông Nam,,,,,,,,
2025-10-04T00:15:59.623447,Cập nhật 8 ngày trước,"2,85 tỷ",,83 m²,,"34,34 triệu/m²",Đã có sổ,,,,5 m,16 m,,,,,Đất thổ cư,m²,,,,,,,,,
2025-10-04T00:16:00.626631,Cập nhật 9 ngày trước,"18,9 tỷ",,90 m²,,210 triệu/m²,Đã có sổ,,,,4.4 m,20.45 m,,,,Mặt tiền Hẻm xe hơi Thổ cư toàn bộ,Đất thổ cư,m²,Đông Bắc,,,,,,,,
2025-10-04T00:16:05.227217,Cập nhật 7 ngày trước,"9,95 tỷ","Nhà ngõ, hẻm",45 m²,50 m²,"221,11 triệu/m²",Đã có sổ,4 phòng,5 phòng,Nội thất cao cấp,5 m,,6.0,,,Hẻm xe hơi Nhà nở hậu,,,,,,,,,,,
2025-10-04T00:16:07.771539,Cập nhật 8 ngày trước,10 tỷ,,50 m²,,200 triệu/m²,Đã có sổ,,,,,,,,,,Đất thổ cư,,,,,,,,,,
2025-10-04T00:16:08.942927,Cập nhật 7 ngày trước,"11,35 tỷ","Nhà ngõ, hẻm",43 m²,43 m²,"263,95 triệu/m²",Đã có sổ,4 phòng,5 phòng,,48 m,,6.0,,,Hẻm xe hơi,,,,,,,,,,,
2025-10-04T00:16:08.665978,Cập nhật 7 ngày trước,"12,5 tỷ",,76 m²,,"164,47 triệu/m²",Đã có sổ,,,,6.5 m,11.6 m,,,,Thổ cư toàn bộ,Đất thổ cư,m²,,,,,,,,,
2025-10-04T00:16:13.515312,Cập nhật 7 ngày trước,"8,3 tỷ","Nhà mặt phố, mặt tiền",30 m²,,"276,67 triệu/m²",Đã có sổ,5 phòng,,,,,,,,,,,,,,,,,,,
2025-10-04T00:16:15.979684,Cập nhật 8 ngày trước,"4,15 tỷ","Nhà ngõ, hẻm",40 m²,,"103,75 triệu/m²",Đã có sổ,3 phòng,2 phòng,Nội thất cao cấp,3.5 m,11.5 m,,,,Hẻm xe hơi,,,,,,,,,,,
2025-10-04T00:16:17.561038,Cập nhật 7 ngày trước,"7,95 tỷ","Nhà ngõ, hẻm",40 m²,,"198,75 triệu/m²",Đã có sổ,3 phòng,4 phòng,,,,,,,,,,,,,,,,,,
2025-10-04T00:16:17.489676,Cập nhật 9 ngày trước,"6,2 tỷ","Nhà ngõ, hẻm",43 m²,,"144,19 triệu/m²",Đã có sổ,4 phòng,,,,,4.0,,,,,,,,,,,,,,
2025-10-04T00:16:20.423082,Cập nhật 8 ngày trước,"6,6 tỷ","Nhà ngõ, hẻm",33 m²,33 m²,200 triệu/m²,Đã có sổ,4 phòng,3 phòng,Nội thất đầy đủ,3.7 m,9 m,4.0,,,Nhà nở hậu,,,Nam,,,,,,,,
2025-10-04T00:16:21.842789,Cập nhật 7 ngày trước,"4,68 tỷ",,68 m²,,"68,82 triệu/m²",Sổ hồng riêng,2 phòng,,,,,,Chưa bàn giao,"Tập thể, cư xá",,,,,,,,,,,,
2025-10-04T00:16:24.206896,Cập nhật 2 ngày trước,"3,69 tỷ","Nhà ngõ, hẻm",15 m²,18 m²,246 triệu/m²,Đã có sổ,3 phòng,3 phòng,,5 m,,,,,Hẻm xe hơi,,,,,,,,,,,
2025-10-04T00:16:26.129499,Cập nhật 7 ngày trước,"8,8 tỷ","Nhà ngõ, hẻm",37 m²,,"237,84 triệu/m²",Đã có sổ,5 phòng,5 phòng,Nội thất đầy đủ,6 m,,5.0,,,,,,,,,,,,,,
2025-10-04T00:16:26.692435,Cập nhật 8 ngày trước,"8,25 tỷ","Nhà ngõ, hẻm",32 m²,160 m²,"257,81 triệu/m²",Đã có sổ,3 phòng,4 phòng,Nội thất đầy đủ,3.8 m,,5.0,,,Hiện trạng khác,,,,,,,,,,,
2025-10-04T00:16:28.959682,Cập nhật 1 ngày trước,"6,4 tỷ","Nhà ngõ, hẻm",31 m²,54 m²,"206,45 triệu/m²",Đã có sổ,3 phòng,4 phòng,Nội thất đầy đủ,4 m,,5.0,,,,,,Nam,,,,,,,,
2025-10-04T00:16:33.297033,Cập nhật 9 ngày trước,"6,5 tỷ","Nhà ngõ, hẻm",30 m²,,"216,67 triệu/m²",Đã có sổ,3 phòng,,,,,4.0,,,,,,,,,,,,,,
2025-10-04T00:16:33.853913,Cập nhật 9 ngày trước,"9,39 tỷ","Nhà ngõ, hẻm",40 m²,40 m²,"234,75 triệu/m²",Đã có sổ,2 phòng,,,,,,,,,,,,,,,,,,,
2025-10-04T00:16:34.820465,Cập nhật 2 giờ trước,3 tỷ,,300 m²,,10 triệu/m²,Đã có sổ,,,,11 m,29 m,,,,Mặt tiền Hẻm xe hơi Nở hậu Chưa có thổ cư Không có thổ cư,Đất nông nghiệp,m²,Đông Bắc,,,,,,,,
2025-10-04T00:16:36.953148,Cập nhật 16 giờ trước,"15,8 tỷ",Nhà phố liền kề,50 m²,,316 triệu/m²,Đã có sổ,6 phòng,4 phòng,Hoàn thiện cơ bản,4 m,12 m,5.0,,,Hẻm xe hơi,,,Tây Bắc,,,,,,,,
2025-10-04T00:16:38.601117,Cập nhật 7 ngày trước,20 tỷ,Nhà biệt thự,327 m²,,"61,16 triệu/m²",Đã có sổ,4 phòng,4 phòng,Nội thất đầy đủ,,,3.0,,,,,,,,,,,,,,
2025-10-04T00:16:41.893451,Cập nhật 9 ngày trước,"20,5 tỷ","Nhà mặt phố, mặt tiền",58 m²,,"353,45 triệu/m²",Đã có sổ,10 phòng,Nhiều hơn 6 phòng,Nội thất cao cấp,,,7.0,,,,,,,,,,,,,,
2025-10-04T00:16:43.144710,Cập nhật 8 ngày trước,"15,4 tỷ","Nhà ngõ, hẻm",44 m²,220 m²,350 triệu/m²,Đã có sổ,6 phòng,,Nội thất đầy đủ,2.9 m,15 m,5.0,,,Nhà nở hậu,,,,,,,,,,,
2025-10-04T00:16:47.052161,Cập nhật 9 ngày trước,"5,5 tỷ",,61 m²,,"90,16 triệu/m²",Sổ hồng riêng,2 phòng,,,,,,Đã bàn giao,Chung cư,,,,,,,,,,,,
2025-10-04T00:16:47.403118,Cập nhật 9 ngày trước,"12,9 tỷ",,100 m²,,129 triệu/m²,Đã có sổ,,,,5 m,20 m,,,,Mặt tiền,Đất thổ cư,m²,Đông Bắc,,,,,,,,
2025-10-04T00:16:49.108449,Cập nhật 7 ngày trước,"1,26 tỷ",,35 m²,,36 triệu/m²,Hợp đồng mua bán,1 phòng,1 phòng,Nội thất đầy đủ,,,,Đã bàn giao,"Căn hộ dịch vụ, mini",,,,,,3.0,7,,,Căn góc,,
2025-10-04T00:16:49.847880,Cập nhật 7 ngày trước,"8,1 tỷ","Nhà ngõ, hẻm",45 m²,,180 triệu/m²,Đã có sổ,6 phòng,,Nội thất đầy đủ,,,5.0,,,,,,,,,,,,,,
2025-10-04T00:16:51.362787,Cập nhật 7 ngày trước,"9,6 tỷ","Nhà ngõ, hẻm",43 m²,147 m²,"223,26 triệu/m²",Đã có sổ,5 phòng,2 phòng,Nội thất đầy đủ,4.2 m,10 m,4.0,,,Nhà nở hậu Hẻm xe hơi,,,,,,,,,,,
2025-10-04T00:16:54.051860,Cập nhật 8 ngày trước,6 tỷ,,50 m²,,120 triệu/m²,Đã có sổ,,,,4.8 m,,,,,,Đất thổ cư,,,,,,,,,,
2025-10-04T00:16:56.372083,Cập nhật 8 ngày trước,25 tỷ,"Nhà mặt phố, mặt tiền",76 m²,76 m²,"328,95 triệu/m²",Đã có sổ,6 phòng,,Nội thất đầy đủ,,,6.0,,,,,,,,,,,,,,
2025-10-04T00:16:58.260426,Cập nhật 8 ngày trước,"14,5 tỷ",,50 m²,,290 triệu/m²,Đã có sổ,,,,11 m,5 m,,,,Mặt tiền Hẻm xe hơi,Đất thổ cư,m²,,,,,,,,,
2025-10-04T00:16:59.267493,Cập nhật 6 ngày trước,"7,9 tỷ",,38 m²,,"207,89 triệu/m²",Đã có sổ,,,,,,,,,Thổ cư toàn bộ,Đất thổ cư,,,,,,,,,,
2025-10-04T00:17:02.032172,Cập nhật 9 ngày trước,3 tỷ,,60 m²,,50 triệu/m²,Đã có sổ,,,,6 m,10 m,,,,,Đất thổ cư,m²,,,,,,,,,
2025-10-04T00:17:03.730989,Cập nhật 9 ngày trước,"11,5 tỷ",,80 m²,,"143,75 triệu/m²",Đã có sổ,,,,,,,,,,Đất thổ cư,m²,,,,,,,,,
2025-10-04T00:17:04.086932,Cập nhật 9 ngày trước,8 tỷ,"Nhà ngõ, hẻm",35 m²,,"228,57 triệu/m²",Đã có sổ,3 phòng,,Nội thất đầy đủ,,,,,,Hẻm xe hơi Nhà nở hậu,,,,,,,,,,,
2025-10-04T00:17:07.254914,Cập nhật 9 ngày trước,105 tỷ,,3500 m²,,30 triệu/m²,Đã có sổ,,,,,,,,,,,,,Mặt bằng kinh doanh,,,,,,,
2025-10-04T00:17:07.973842,Cập nhật 7 ngày trước,"7,6 tỷ","Nhà ngõ, hẻm",45 m²,,"168,89 triệu/m²",Đã có sổ,4 phòng,,Nội thất đầy đủ,,,,,,,,,,,,,,,,,
2025-10-04T00:17:10.328407,Cập nhật 7 ngày trước,"7,555 tỷ","Nhà ngõ, hẻm",37 m²,37 m²,"204,19 triệu/m²",Đã có sổ,4 phòng,4 phòng,Nội thất đầy đủ,3.6 m,,6.0,,,,,,,,,,,,,,
2025-10-04T00:17:12.656029,Cập nhật 9 ngày trước,"3,55 tỷ","Nhà ngõ, hẻm",19 m²,19 m²,"186,84 triệu/m²",Đã có sổ,2 phòng,2 phòng,Hoàn thiện cơ bản,3.25 m,,3.0,,,Nhà nở hậu Hẻm xe hơi,,,,,,,,,,,
2025-10-04T00:17:15.136439,Cập nhật 7 ngày trước,"14,5 tỷ",Nhà phố liền kề,52 m²,,"278,85 triệu/m²",Đã có sổ,4 phòng,4 phòng,Nội thất cao cấp,5 m,,4.0,,,Hẻm xe hơi,,,,,,,,,,,
2025-10-04T00:17:15.663162,Cập nhật 9 ngày trước,"6,59 tỷ","Nhà ngõ, hẻm",35 m²,35 m²,"188,29 triệu/m²",Đã có sổ,4 phòng,4 phòng,,3 m,,5.0,,,,,,Tây,,,,,,,,
2025-10-04T00:17:20.376479,Cập nhật 7 ngày trước,"4,85 tỷ","Nhà ngõ, hẻm",33 m²,,"146,97 triệu/m²",Đã có sổ,4 phòng,,,,,,,,,,,,,,,,,,,
2025-10-04T00:17:20.786750,Cập nhật 10 giờ trước,"7,98 tỷ","Nhà ngõ, hẻm",30 m²,30 m²,266 triệu/m²,Đã có sổ,3 phòng,4 phòng,Nội thất cao cấp,3.1 m,9.1 m,5.0,,,,,,Tây,,,,,,,,
2025-10-04T00:17:23.050920,Cập nhật 6 ngày trước,21 tỷ,"Nhà mặt phố, mặt tiền",82 m²,,"256,10 triệu/m²",Đã có sổ,nhiều hơn 10 phòng,Nhiều hơn 6 phòng,,,,7.0,,,,,,,,,,,,,,
2025-10-04T00:17:25.007926,Cập nhật 8 ngày trước,"7,2 tỷ","Nhà ngõ, hẻm",35 m²,,"205,71 triệu/m²",Đã có sổ,3 phòng,,,,,,,,,,,,,,,,,,,
2025-10-04T00:17:26.756094,Cập nhật 2 ngày trước,"6,5 tỷ","Nhà ngõ, hẻm",30 m²,30 m²,"216,67 triệu/m²",Đã có sổ,3 phòng,4 phòng,Nội thất cao cấp,3.5 m,,5.0,,,Nhà nở hậu,,,,,,,,,,,
2025-10-04T00:17:28.580467,Cập nhật 7 ngày trước,"8,85 tỷ","Nhà ngõ, hẻm",45 m²,,"196,67 triệu/m²",Đã có sổ,4 phòng,,,,,,,,,,,,,,,,,,,
2025-10-04T00:17:28.517412,Cập nhật 1 ngày trước,"9,9 tỷ","Nhà ngõ, hẻm",68 m²,500 m²,"145,59 triệu/m²",Đã có sổ,3 phòng,4 phòng,Nội thất cao cấp,4 m,17 m,3.0,,,,,,,,,,,,,,
2025-10-04T00:17:30.743737,Cập nhật 8 ngày trước,"5,25 tỷ",,120 m²,,"43,75 triệu/m²",Sổ hồng riêng,4 phòng,2 phòng,,,,,Chưa bàn giao,"Tập thể, cư xá",,,,,,,,,,,,
2025-10-04T00:17:32.661467,Cập nhật 8 ngày trước,8 tỷ,"Nhà ngõ, hẻm",38 m²,,"210,53 triệu/m²",Đã có sổ,4 phòng,,Nội thất đầy đủ,,,,,,Hẻm xe hơi Nhà nở hậu,,,,,,,,,,,
2025-10-04T00:17:34.428455,Cập nhật 8 ngày trước,"7,7 tỷ",,60 m²,,"128,33 triệu/m²",Đã có sổ,,,,,,,,,,Đất thổ cư,m²,,,,,,,,,
2025-10-04T00:17:36.718278,Cập nhật 9 ngày trước,"8,3 tỷ",,97 m²,,"85,57 triệu/m²",Sổ hồng riêng,3 phòng,,,,,,Đã bàn giao,Chung cư,,,,,,,,,,,,
2025-10-04T00:17:36.703267,Cập nhật 9 giờ trước,"13,98 tỷ",,50 m²,,"279,60 triệu/m²",Sổ hồng riêng,nhiều hơn 10 phòng,Nhiều hơn 6 phòng,Nội thất đầy đủ,,,,Đã bàn giao,"Căn hộ dịch vụ, mini",,,,,,,,,,,,
2025-10-04T00:17:38.564285,Cập nhật 9 ngày trước,"6,8 tỷ","Nhà ngõ, hẻm",47 m²,47 m²,"144,68 triệu/m²",Đã có sổ,4 phòng,3 phòng,Nội thất đầy đủ,6 m,7.75 m,4.0,,,Nhà nở hậu,,,Tây Nam,,,,,,,,
2025-10-04T00:17:40.213003,Cập nhật 5 ngày trước,"4,85 tỷ","Nhà ngõ, hẻm",32 m²,140 m²,"151,56 triệu/m²",Đã có sổ,4 phòng,4 phòng,Hoàn thiện cơ bản,3.5 m,,5.0,,,,,,,,,,,,,,
2025-10-04T00:17:42.602747,Cập nhật 11 giờ trước,"10,8 tỷ","Nhà ngõ, hẻm",56 m²,,"192,86 triệu/m²",Đã có sổ,10 phòng,,Nội thất đầy đủ,,,,,,,,,,,,,,,,,
2025-10-04T00:17:44.569334,Cập nhật 8 ngày trước,"7,9 tỷ","Nhà ngõ, hẻm",31 m²,,"254,84 triệu/m²",Đã có sổ,3 phòng,,,,,5.0,,,,,,,,,,,,,,
2025-10-04T00:17:45.535002,Cập nhật 9 ngày trước,"14,5 tỷ",Nhà phố liền kề,42 m²,,"345,24 triệu/m²",Đã có sổ,4 phòng,,,,,6.0,,,Hẻm xe hơi,,,,,,,,,,,
2025-10-04T00:17:46.475535,Cập nhật 7 ngày trước,"6,25 tỷ","Nhà ngõ, hẻm",34 m²,34 m²,"183,82 triệu/m²",Đã có sổ,3 phòng,,,,,,,,,,,,,,,,,,,
2025-10-04T00:17:48.014021,Cập nhật 7 ngày trước,"8,1 tỷ","Nhà ngõ, hẻm",48 m²,,"168,75 triệu/m²",Đã có sổ,4 phòng,4 phòng,Nội thất đầy đủ,,,4.0,,,,,,,,,,,,,,
2025-10-04T00:17:50.452072,Cập nhật 9 ngày trước,"7,1 tỷ","Nhà ngõ, hẻm",39 m²,,"182,05 triệu/m²",Đã có sổ,4 phòng,,,,,,,,,,,,,,,,,,,
2025-10-04T00:17:52.527539,Cập nhật 8 ngày trước,"7,5 tỷ","Nhà ngõ, hẻm",46 m²,,"163,04 triệu/m²",Đã có sổ,4 phòng,,Nội thất đầy đủ,,,,,,,,,,,,,,,,,
2025-10-04T00:17:54.005466,Cập nhật 7 ngày trước,"9,1 tỷ",,45 m²,,"202,22 triệu/m²",Đã có sổ,,,,,,,,,Nở hậu,Đất thổ cư,m²,,,,,,,,,
2025-10-04T00:17:55.375282,Cập nhật 7 ngày trước,"4,08 tỷ",,600 m²,,"6,80 triệu/m²",Đã có sổ,,,,16 m,36 m,,,,Mặt tiền Thổ cư 1 phần,Đất thổ cư,m²,,,,,,,,,
2025-10-04T00:17:56.334064,Cập nhật 8 ngày trước,"15,3 tỷ",Nhà phố liền kề,62 m²,,"246,77 triệu/m²",Đã có sổ,5 phòng,4 phòng,Nội thất cao cấp,,,5.0,,,,,,,,,,,,,,
2025-10-04T00:17:58.093716,Cập nhật 7 ngày trước,"9,1 tỷ",,100 m²,,91 triệu/m²,Đã có sổ,,,,,,,,,,Đất thổ cư,,,,,,,,,,
2025-10-04T00:18:02.175057,Cập nhật 8 ngày trước,"8,29 tỷ","Nhà ngõ, hẻm",41 m²,41 m²,"202,20 triệu/m²",Đã có sổ,3 phòng,5 phòng,Nội thất cao cấp,4.5 m,9 m,5.0,,,Nhà nở hậu Hiện trạng khác,,,,,,,,,,,
2025-10-04T00:18:03.310124,Cập nhật 7 ngày trước,"6,9 tỷ","Nhà ngõ, hẻm",38 m²,,"181,58 triệu/m²",Đã có sổ,4 phòng,,Nội thất đầy đủ,,,,,,,,,,,,,,,,,
2025-10-04T00:18:04.731099,Cập nhật 8 ngày trước,"6,5 tỷ","Nhà mặt phố, mặt tiền",40 m²,,"162,50 triệu/m²",Đã có sổ,5 phòng,,,,,,,,Nhà nở hậu,,,,,,,,,,,
2025-10-04T00:18:06.323059,Cập nhật 8 ngày trước,22 tỷ,"Nhà mặt phố, mặt tiền",57 m²,228 m²,"385,96 triệu/m²",Đã có sổ,4 phòng,,Nội thất đầy đủ,4.4 m,13 m,4.0,,,Nhà nở hậu,,,,,,,,,,,
2025-10-04T00:18:08.499924,Cập nhật 8 ngày trước,"18,3 tỷ","Nhà mặt phố, mặt tiền",45 m²,,"406,67 triệu/m²",Đã có sổ,4 phòng,,,,,,,,,,,,,,,,,,,
2025-10-04T00:18:09.537576,Cập nhật 9 ngày trước,7 tỷ,"Nhà ngõ, hẻm",35 m²,35 m²,200 triệu/m²,Đã có sổ,4 phòng,4 phòng,Nội thất đầy đủ,3.4 m,,4.0,,,Nhà nở hậu Hẻm xe hơi,,,,,,,,,,,
2025-10-04T00:18:11.202336,Cập nhật 7 ngày trước,"4,85 tỷ","Nhà ngõ, hẻm",30 m²,34 m²,"161,67 triệu/m²",Đã có sổ,3 phòng,3 phòng,Nội thất đầy đủ,,,5.0,,,,,,Đông Bắc,,,,,,,,
2025-10-04T00:18:14.845281,Cập nhật 9 ngày trước,72 tỷ,"Nhà mặt phố, mặt tiền",90 m²,90 m²,800 triệu/m²,Đã có sổ,4 phòng,,,,,,,,,,,,,,,,,,,
2025-10-04T00:18:17.323956,Cập nhật 8 ngày trước,"7,5 tỷ","Nhà ngõ, hẻm",38 m²,,"197,37 triệu/m²",Đã có sổ,3 phòng,,,,,4.0,,,,,,,,,,,,,,
2025-10-04T00:18:17.442270,Cập nhật 9 ngày trước,"4,5 tỷ","Nhà ngõ, hẻm",37 m²,,"121,62 triệu/m²",Không có sổ,2 phòng,2 phòng,,,,3.0,,,,,,,,,,,,,,
2025-10-04T00:18:19.719646,Cập nhật 8 ngày trước,"9,3 tỷ","Nhà ngõ, hẻm",42 m²,,"221,43 triệu/m²",Đã có sổ,6 phòng,,,,,,,,,,,,,,,,,,,
2025-10-04T00:18:21.337186,Cập nhật 8 ngày trước,"7,3 tỷ","Nhà ngõ, hẻm",45 m²,,"162,22 triệu/m²",Đã có sổ,6 phòng,5 phòng,Nội thất đầy đủ,,,5.0,,,Nhà nở hậu,,,,,,,,,,,
2025-10-04T00:18:22.713661,Cập nhật 8 ngày trước,"8,2 tỷ","Nhà ngõ, hẻm",32 m²,32 m²,"256,25 triệu/m²",Đã có sổ,4 phòng,5 phòng,Nội thất cao cấp,3.8 m,,5.0,,,Nhà nở hậu,,,,,,,,,,,
2025-10-04T00:18:25.730766,Cập nhật 8 ngày trước,"7,2 tỷ","Nhà ngõ, hẻm",40 m²,,180 triệu/m²,Đã có sổ,3 phòng,,,,,,,,,,,,,,,,,,,
2025-10-04T00:18:25.705632,Cập nhật 7 ngày trước,"13,46 tỷ","Nhà mặt phố, mặt tiền",63 m²,63 m²,"213,65 triệu/m²",Đã có sổ,2 phòng,1 phòng,Hoàn thiện cơ bản,5.8 m,,1.0,,,,,,,,,,,,,,
2025-10-04T00:18:27.619843,Cập nhật 8 ngày trước,"12,1 tỷ","Nhà ngõ, hẻm",39 m²,234 m²,"310,26 triệu/m²",Đã có sổ,3 phòng,6 phòng,Nội thất cao cấp,,,6.0,,,,,,,,,,,,,,
2025-10-04T00:18:29.629980,Cập nhật 3 ngày trước,38 tỷ,"Nhà ngõ, hẻm",86 m²,300 m²,"441,86 triệu/m²",Đã có sổ,8 phòng,4 phòng,Nội thất đầy đủ,8.3 m,,4.0,,,Hẻm xe hơi,,,,,,,,,,,
2025-10-04T00:18:34.277715,Cập nhật 7 ngày trước,12 tỷ,"Nhà ngõ, hẻm",40 m²,40 m²,300 triệu/m²,Đã có sổ,4 phòng,,Nội thất cao cấp,,,6.0,,,Hẻm xe hơi,,,,,,,,,,,
2025-10-04T00:18:34.419542,Cập nhật 7 ngày trước,"5,25 tỷ","Nhà ngõ, hẻm",25 m²,,210 triệu/m²,Đã có sổ,3 phòng,,Nội thất đầy đủ,,,5.0,,,,,,,,,,,,,,
2025-10-04T00:18:35.367528,Cập nhật 7 ngày trước,"8,1 tỷ","Nhà ngõ, hẻm",37 m²,,"218,92 triệu/m²",Đã có sổ,4 phòng,4 phòng,Nội thất đầy đủ,3.5 m,,,,,,,,,,,,,,,,
2025-10-04T00:18:38.396046,Cập nhật 9 ngày trước,"5,85 tỷ",,67 m²,,"87,31 triệu/m²",Đã có sổ,,,,4 m,16 m,,,,Hẻm xe hơi Thổ cư toàn bộ,Đất thổ cư,,Nam,,,,,,,,
2025-10-04T00:18:42.787190,Cập nhật 7 ngày trước,"7,8 tỷ","Nhà mặt phố, mặt tiền",33 m²,33 m²,"236,36 triệu/m²",Đã có sổ,3 phòng,3 phòng,Nội thất đầy đủ,4 m,,3.0,,,Hẻm xe hơi Nhà nở hậu,,,,,,,,,,,
2025-10-04T00:18:42.948873,Cập nhật 6 ngày trước,"4,6 tỷ","Nhà ngõ, hẻm",33 m²,,"139,39 triệu/m²",Đã có sổ,3 phòng,4 phòng,Hoàn thiện cơ bản,3.3 m,10 m,5.0,,,,,,,,,,,,,,
2025-10-04T00:18:43.667308,Cập nhật 8 ngày trước,"6,45 tỷ","Nhà ngõ, hẻm",23 m²,23 m²,"280,43 triệu/m²",Đã có sổ,3 phòng,3 phòng,Nội thất cao cấp,3.3 m,,5.0,,,,,,,,,,,,,,
2025-10-04T00:18:46.936071,Cập nhật 9 ngày trước,"3,45 tỷ",,59 m²,,"58,47 triệu/m²",Đã có sổ,,,,6 m,9 m,,,,,Đất thổ cư,m²,,,,,,,,,
2025-10-04T00:18:50.796857,Cập nhật 8 ngày trước,9 tỷ,"Nhà ngõ, hẻm",42 m²,,"214,29 triệu/m²",Đã có sổ,4 phòng,,Nội thất cao cấp,,,6.0,,,,,,,,,,,,,,
2025-10-04T00:18:52.872501,Cập nhật 8 ngày trước,9 tỷ,"Nhà ngõ, hẻm",48 m²,48 m²,"187,50 triệu/m²",Đã có sổ,9 phòng,,Nội thất đầy đủ,,,5.0,,,Hiện trạng khác,,,,,,,,,,,
2025-10-04T00:18:56.741655,Cập nhật 8 ngày trước,"2,5 tỷ",,100 m²,,25 triệu/m²,Đã có sổ,,,,5 m,20 m,,,,Mặt tiền Hẻm xe hơi Thổ cư toàn bộ Nở hậu,Đất thổ cư,m²,,,,,,,,,
2025-10-04T00:18:59.070622,Cập nhật 8 ngày trước,25 tỷ,"Nhà ngõ, hẻm",109 m²,436 m²,"229,36 triệu/m²",Đã có sổ,3 phòng,3 phòng,Nội thất đầy đủ,6.5 m,,4.0,,,Hẻm xe hơi,,,,,,,,,,,
2025-10-04T00:19:02.348378,Cập nhật 8 ngày trước,"8,45 tỷ","Nhà ngõ, hẻm",35 m²,35 m²,"241,43 triệu/m²",Đã có sổ,3 phòng,4 phòng,Nội thất đầy đủ,,,5.0,,,Nhà nở hậu,,,,,,,,,,,
2025-10-04T00:19:02.010056,Cập nhật 8 ngày trước,"7,2 tỷ","Nhà ngõ, hẻm",42 m²,42 m²,"171,43 triệu/m²",Đã có sổ,5 phòng,5 phòng,Nội thất đầy đủ,4.2 m,,5.0,,,Hiện trạng khác,,,,,,,,,,,
2025-10-04T00:19:05.332813,Cập nhật 9 ngày trước,"13,9 tỷ","Nhà ngõ, hẻm",48 m²,,"289,58 triệu/m²",Đã có sổ,2 phòng,2 phòng,,,,3.0,,,,,,,,,,,,,,
2025-10-04T00:19:06.707033,Cập nhật 9 ngày trước,6 tỷ,"Nhà ngõ, hẻm",100 m²,100 m²,60 triệu/m²,Đã có sổ,2 phòng,2 phòng,Hoàn thiện cơ bản,5 m,20 m,,,,Hẻm xe hơi,,,Nam,,,,,,,,
2025-10-04T00:19:06.919266,Cập nhật 9 ngày trước,"5,7 tỷ","Nhà ngõ, hẻm",83 m²,,"68,67 triệu/m²",Đã có sổ,4 phòng,3 phòng,Hoàn thiện cơ bản,57 m,,3.0,,,Nhà nở hậu,,,,,,,,,,,
2025-10-04T00:19:10.834071,Cập nhật 7 ngày trước,"5,5 tỷ",,63 m²,,"87,30 triệu/m²",Đã có sổ,,,,5.3 m,12 m,,,,Nở hậu Mặt tiền,Đất thổ cư,m²,,,,,,,,,
2025-10-04T00:19:13.113453,Cập nhật 8 ngày trước,"19,7 tỷ","Nhà ngõ, hẻm",78 m²,312 m²,"252,56 triệu/m²",Đã có sổ,4 phòng,,Nội thất đầy đủ,4.7 m,17 m,4.0,,,Nhà nở hậu,,,,,,,,,,,
2025-10-04T00:19:15.206898,Cập nhật 8 ngày trước,12 tỷ,"Nhà ngõ, hẻm",41 m²,,"292,68 triệu/m²",Đã có sổ,4 phòng,,Nội thất đầy đủ,,,,,,Hẻm xe hơi,,,,,,,,,,,
2025-10-04T00:19:16.722125,Cập nhật 9 giờ trước,"5,25 tỷ","Nhà ngõ, hẻm",22 m²,22 m²,"238,64 triệu/m²",Đã có sổ,4 phòng,4 phòng,Nội thất đầy đủ,3.3 m,8 m,5.0,,,Hẻm xe hơi Nhà nở hậu,,,Nam,,,04,,,,,
2025-10-04T00:19:18.978723,Cập nhật 7 ngày trước,42 tỷ,"Nhà mặt phố, mặt tiền",42 m²,,1 tỷ/m²,Đã có sổ,1 phòng,,,,,,,,Nhà nở hậu,,,,,,,,,,,
2025-10-04T00:19:21.359843,Cập nhật 7 ngày trước,"5,4 tỷ",,82.1 m²,,"65,77 triệu/m²",Đang chờ sổ,3 phòng,,,,,,Đã bàn giao,Chung cư,,,,,,,,,,,,
2025-10-04T00:19:23.289528,Cập nhật 8 ngày trước,"5,29 tỷ",,75 m²,,"70,53 triệu/m²",Sổ hồng riêng,3 phòng,2 phòng,,,,,Đã bàn giao,"Tập thể, cư xá",,,,,,,,,,,,
2025-10-04T00:19:23.551676,Cập nhật 7 ngày trước,70 tỷ,,85 m²,,"823,53 triệu/m²",Đã có sổ,,,Nội thất đầy đủ,,,,,,,,,,Văn phòng,,,,,,,
2025-10-04T00:19:25.117203,Cập nhật 9 ngày trước,"7,5 tỷ","Nhà mặt phố, mặt tiền",25 m²,,300 triệu/m²,Đã có sổ,5 phòng,,,,,,,,,,,,,,,,,,,
2025-10-04T00:19:27.190764,Cập nhật 8 ngày trước,"8,9 tỷ","Nhà ngõ, hẻm",48 m²,,"185,42 triệu/m²",Đã có sổ,4 phòng,4 phòng,,,,,,,,,,,,,,,,,,
2025-10-04T00:19:29.541487,Cập nhật 8 ngày trước,"24,98 tỷ",,66 m²,,"378,48 triệu/m²",Đã có sổ,,,,5.4 m,14 m,,,,Mặt tiền Thổ cư toàn bộ,Đất thổ cư,,,,,,,,,,
2025-10-04T00:19:31.861481,Cập nhật 9 ngày trước,"7,2 tỷ","Nhà ngõ, hẻm",42 m²,,"171,43 triệu/m²",Đã có sổ,4 phòng,,,,,,,,,,,,,,,,,,,
2025-10-04T00:19:31.598054,Cập nhật 8 ngày trước,"19,6 tỷ","Nhà ngõ, hẻm",95 m²,100 m²,"206,32 triệu/m²",Đã có sổ,9 phòng,3 phòng,,10 m,10 m,3.0,,,Nhà nở hậu,,,Tây,,,,,,,,
2025-10-04T00:19:33.185221,Cập nhật 9 ngày trước,"6,7 tỷ","Nhà mặt phố, mặt tiền",40 m²,,"167,50 triệu/m²",Đã có sổ,3 phòng,,,,,,,,,,,,,,,,,,,
2025-10-04T00:19:35.564374,Cập nhật 9 ngày trước,3 tỷ,"Nhà mặt phố, mặt tiền",41 m²,41 m²,"73,17 triệu/m²",Đã có sổ,1 phòng,1 phòng,,3 m,14 m,,,,,,,,,,,,,,,
2025-10-04T00:19:37.500398,Cập nhật 7 ngày trước,"24,5 tỷ","Nhà mặt phố, mặt tiền",61 m²,305 m²,"401,64 triệu/m²",Đã có sổ,3 phòng,,Nội thất cao cấp,3.5 m,17 m,5.0,,,Nhà nở hậu,,,,,,,,,,,
2025-10-04T00:19:40.808978,Cập nhật 9 ngày trước,"17,96 tỷ","Nhà mặt phố, mặt tiền",46 m²,,"390,43 triệu/m²",Đã có sổ,3 phòng,,Nội thất đầy đủ,45 m,,7.0,,,Hẻm xe hơi,,,,,,,,,,,
2025-10-04T00:19:41.503894,Cập nhật 9 ngày trước,"7,9 tỷ","Nhà ngõ, hẻm",45 m²,,"175,56 triệu/m²",Đã có sổ,3 phòng,3 phòng,Nội thất đầy đủ,,,5.0,,,,,,,,,,,,,,
2025-10-04T00:19:41.578239,Cập nhật 8 ngày trước,"6,3 tỷ","Nhà ngõ, hẻm",25 m²,175 m²,252 triệu/m²,Đã có sổ,6 phòng,6 phòng,Nội thất đầy đủ,,,7.0,,,Hẻm xe hơi,,,,,,,,,,,
2025-10-04T00:19:44.572730,Cập nhật 4 ngày trước,"5,25 tỷ","Nhà ngõ, hẻm",22 m²,22 m²,"238,64 triệu/m²",Đã có sổ,4 phòng,4 phòng,Nội thất đầy đủ,3.3 m,8 m,5.0,,,Hẻm xe hơi Nhà nở hậu,,,Nam,,,03,,,,,
2025-10-04T00:19:46.107519,Cập nhật 8 ngày trước,"4,58 tỷ",,60 m²,,"76,33 triệu/m²",Sổ hồng riêng,2 phòng,,,,,,Đã bàn giao,"Tập thể, cư xá",,,,,,,,,,,,
2025-10-04T00:19:50.193296,Cập nhật 9 ngày trước,"3,45 tỷ",,48 m²,,"71,88 triệu/m²",Sổ hồng riêng,1 phòng,1 phòng,Nội thất đầy đủ,,,,Đã bàn giao,Chung cư,,,,,,24.0,S1.05,Đông Bắc,2408,0,,
2025-10-04T00:19:50.517588,Cập nhật 8 ngày trước,"19,5 tỷ",Nhà phố liền kề,87 m²,,"224,14 triệu/m²",Đã có sổ,4 phòng,4 phòng,Bàn giao thô,6 m,,4.0,,,,,,,,,,,,,,
2025-10-04T00:19:54.984666,Cập nhật 8 ngày trước,"17,9 tỷ","Nhà ngõ, hẻm",50 m²,50 m²,358 triệu/m²,Đã có sổ,4 phòng,5 phòng,Nội thất đầy đủ,3.3 m,15 m,5.0,,,Nhà nở hậu,,,,,,,,,,,
2025-10-04T00:19:54.459013,Cập nhật 8 ngày trước,8 tỷ,"Nhà ngõ, hẻm",56 m²,,"142,86 triệu/m²",Đã có sổ,4 phòng,,,,,,,,,,,,,,,,,,,
2025-10-04T00:19:57.772576,Cập nhật 9 ngày trước,"8,3 tỷ","Nhà ngõ, hẻm",30 m²,30 m²,"276,67 triệu/m²",Đã có sổ,3 phòng,4 phòng,Nội thất đầy đủ,3.6 m,,5.0,,,Hẻm xe hơi Nhà nở hậu,,,Đông Nam,,,,,,,,
2025-10-04T00:19:59.385928,Cập nhật 9 ngày trước,"4,7 tỷ",,85 m²,,"55,29 triệu/m²",Sổ hồng riêng,3 phòng,2 phòng,Hoàn thiện cơ bản,,,,Đã bàn giao,Chung cư,,,,,,,,,,,,
2025-10-04T00:20:03.774147,Cập nhật 7 ngày trước,200 tỷ,"Nhà mặt phố, mặt tiền",223 m²,,"896,86 triệu/m²",Đã có sổ,nhiều hơn 10 phòng,Nhiều hơn 6 phòng,Nội thất cao cấp,8 m,,12.0,,,,,,,,,,,,,,
2025-10-04T00:20:05.344953,Cập nhật 4 ngày trước,11 tỷ,"Nhà ngõ, hẻm",64 m²,,"171,88 triệu/m²",Đã có sổ,4 phòng,,,,,,,,,,,,,,,,,,,
2025-10-04T00:20:05.825852,Cập nhật 7 ngày trước,"7,2 tỷ","Nhà mặt phố, mặt tiền",48 m²,,150 triệu/m²,Đã có sổ,4 phòng,,,,,,,,,,,,,,,,,,,
2025-10-04T00:20:07.361671,Cập nhật 8 ngày trước,"6,7 tỷ","Nhà ngõ, hẻm",33 m²,33 m²,"203,03 triệu/m²",Đã có sổ,3 phòng,4 phòng,Nội thất đầy đủ,,,5.0,,,Nhà nở hậu,,,,,,,,,,,
2025-10-04T00:20:11.471943,Cập nhật 7 ngày trước,"3,75 tỷ","Nhà ngõ, hẻm",45 m²,43 m²,"83,33 triệu/m²",Không có sổ,4 phòng,3 phòng,,4.5 m,,4.0,,,Nhà nở hậu,,,,,,,,,,,
2025-10-04T00:20:12.877626,Cập nhật 8 ngày trước,7 tỷ,"Nhà ngõ, hẻm",33 m²,,"212,12 triệu/m²",Đã có sổ,4 phòng,,Nội thất đầy đủ,,,,,,Hẻm xe hơi,,,,,,,,,,,
2025-10-04T00:20:13.196294,Cập nhật 7 ngày trước,34 tỷ,"Nhà ngõ, hẻm",99 m²,99 m²,"343,43 triệu/m²",Đã có sổ,nhiều hơn 10 phòng,,Nội thất cao cấp,5.2 m,19 m,7.0,,,Hẻm xe hơi,,,,,,,,,,,
2025-10-04T00:20:19.729961,Cập nhật 7 ngày trước,"3,33 tỷ",,114 m²,,"29,21 triệu/m²",Đã có sổ,,,,4 m,28.5 m,,,,Mặt tiền,Đất thổ cư,,Nam,,,,,,,,
2025-10-04T00:20:21.672697,Cập nhật 9 ngày trước,17 tỷ,"Nhà mặt phố, mặt tiền",60 m²,,"283,33 triệu/m²",Đã có sổ,4 phòng,5 phòng,,,,4.0,,,,,,,,,,,,,,
2025-10-04T00:20:21.762415,Cập nhật 7 ngày trước,6 tỷ,"Nhà ngõ, hẻm",85 m²,,"70,59 triệu/m²",Đã có sổ,3 phòng,,,,,,,,,,,,,,,,,,,
2025-10-04T00:20:21.746018,Cập nhật 8 ngày trước,"4,38 tỷ",,40 m²,,"109,50 triệu/m²",Đã có sổ,,,,4 m,10 m,,,,,Đất thổ cư,m²,Tây Nam,,,,,,,,
2025-10-04T00:20:23.140500,Cập nhật 9 ngày trước,"9,3 tỷ","Nhà mặt phố, mặt tiền",42 m²,,"221,43 triệu/m²",Đã có sổ,4 phòng,,,,,,,,,,,,,,,,,,,
2025-10-04T00:20:29.069284,Cập nhật 9 ngày trước,"4,2 tỷ","Nhà ngõ, hẻm",12 m²,16 m²,350 triệu/m²,Đã có sổ,3 phòng,3 phòng,Nội thất cao cấp,,,5.0,,,Nhà nở hậu,,,,,,,,,,,
2025-10-04T00:20:31.095408,Cập nhật 9 ngày trước,"5,8 tỷ","Nhà ngõ, hẻm",45 m²,45 m²,"128,89 triệu/m²",Đã có sổ,6 phòng,,Nội thất đầy đủ,4 m,,5.0,,,,,,,,,,,,,,
2025-10-04T00:20:30.491121,Cập nhật 7 ngày trước,"7,5 tỷ","Nhà ngõ, hẻm",45.5 m²,,"164,84 triệu/m²",Đã có sổ,4 phòng,,Nội thất cao cấp,,,5.0,,,,,,,,,,,,,,
2025-10-04T00:20:31.791628,Cập nhật 7 ngày trước,"29,5 tỷ",,85 m²,,"347,06 triệu/m²",Sổ hồng riêng,nhiều hơn 10 phòng,,,,,,Chưa bàn giao,"Căn hộ dịch vụ, mini",,,,,,,,,,,,
2025-10-04T00:20:31.725724,Cập nhật 8 ngày trước,"9,7 tỷ",Nhà phố liền kề,38 m²,38 m²,"255,26 triệu/m²",Đã có sổ,2 phòng,2 phòng,Hoàn thiện cơ bản,3 m,,2.0,,,Hẻm xe hơi,,,,,,,,,,,
2025-10-04T00:20:37.314535,Cập nhật 15 giờ trước,"5,99 tỷ","Nhà ngõ, hẻm",26 m²,,"230,38 triệu/m²",Đã có sổ,5 phòng,,Nội thất đầy đủ,3 m,,6.0,,,Hẻm xe hơi Nhà nở hậu,,,,,,,,,,,
2025-10-04T00:20:39.415429,Cập nhật 9 ngày trước,"2,6 tỷ","Nhà ngõ, hẻm",30 m²,,"86,67 triệu/m²",Sổ chung / công chứng vi bằng,2 phòng,2 phòng,,,,,,,,,,,,,,,,,,
2025-10-04T00:20:40.336518,Cập nhật 8 ngày trước,"7,5 tỷ","Nhà ngõ, hẻm",42 m²,,"178,57 triệu/m²",Đã có sổ,4 phòng,,,,,,,,,,,,,,,,,,,
2025-10-04T00:20:40.558398,Cập nhật 8 ngày trước,"7,8 tỷ","Nhà ngõ, hẻm",36 m²,36 m²,"216,67 triệu/m²",Đã có sổ,3 phòng,4 phòng,Nội thất cao cấp,3.5 m,,5.0,,,Hẻm xe hơi Nhà nở hậu,,,Tây,,,,,,,,
2025-10-04T00:20:45.630190,Cập nhật 7 ngày trước,"3,35 tỷ","Nhà ngõ, hẻm",32 m²,,"104,69 triệu/m²",Đã có sổ,3 phòng,,,,,,,,Hẻm xe hơi,,,,,,,,,,,
2025-10-04T00:20:46.529946,Cập nhật 8 ngày trước,"7,5 tỷ","Nhà ngõ, hẻm",29 m²,145 m²,"258,62 triệu/m²",Đã có sổ,3 phòng,4 phòng,Nội thất cao cấp,6.4 m,,4.0,,,Hiện trạng khác,,,,,,,,,,,
2025-10-04T00:20:47.769811,Cập nhật 9 ngày trước,2 tỷ,,80 m²,,25 triệu/m²,Đã có sổ,,,,5 m,16 m,,,,,Đất thổ cư,m²,,,,,,,,,
2025-10-04T00:20:49.159603,Cập nhật 9 ngày trước,"8,9 tỷ","Nhà ngõ, hẻm",39 m²,,"228,21 triệu/m²",Đã có sổ,4 phòng,,,,,5.0,,,Nhà nở hậu,,,,,,,,,,,
2025-10-04T00:20:54.120616,Cập nhật 8 ngày trước,"6,2 tỷ",,33 m²,,"187,88 triệu/m²",Đã có sổ,,,,4.1 m,,,,,Mặt tiền Hẻm xe hơi Thổ cư toàn bộ,Đất thổ cư,m²,,,,,,,,,
2025-10-04T00:20:54.432230,Cập nhật 8 ngày trước,"6,9 tỷ","Nhà ngõ, hẻm",48 m²,48 m²,"143,75 triệu/m²",Đã có sổ,7 phòng,Nhiều hơn 6 phòng,Nội thất đầy đủ,,,,,,,,,,,,,,,,,
2025-10-04T00:20:55.696949,Cập nhật 7 ngày trước,"5,5 tỷ",,45 m²,,"122,22 triệu/m²",Đã có sổ,,,,4 m,,,,,Hẻm xe hơi Nở hậu,Đất thổ cư,,Nam,,,,,,,,
2025-10-04T00:20:56.201032,Cập nhật 9 ngày trước,5 tỷ,,32.7 m²,,"152,91 triệu/m²",Sổ hồng riêng,1 phòng,,,,,,Đã bàn giao,"Căn hộ dịch vụ, mini",,,,,,,,,,,,
2025-10-04T00:20:57.956745,Cập nhật 11 giờ trước,"6,5 tỷ","Nhà ngõ, hẻm",48 m²,48 m²,"135,42 triệu/m²",Đã có sổ,3 phòng,,,4 m,,5.0,,,,,,,,,,,,,,
2025-10-04T00:21:02.485696,Cập nhật 8 ngày trước,"5,2 tỷ",,75 m²,,"69,33 triệu/m²",Sổ hồng riêng,3 phòng,1 phòng,Nội thất đầy đủ,,,,Chưa bàn giao,"Tập thể, cư xá",,,,,,1.0,,,,,,
2025-10-04T00:21:03.411394,Cập nhật 8 ngày trước,5 tỷ,,89 m²,,"56,18 triệu/m²",Đã có sổ,,,,4.5 m,20 m,,,,,Đất thổ cư,,,,,,,,,,
2025-10-04T00:21:10.220323,Cập nhật 8 ngày trước,"19,6 tỷ","Nhà ngõ, hẻm",85 m²,,"230,59 triệu/m²",Đã có sổ,3 phòng,,Nội thất đầy đủ,,,4.0,,,Hẻm xe hơi Nhà nở hậu,,,,,,,,,,,
2025-10-04T00:21:10.745812,Cập nhật 7 ngày trước,"5,35 tỷ","Nhà mặt phố, mặt tiền",33 m²,,"162,12 triệu/m²",Đã có sổ,3 phòng,,,,,,,,,,,,,,,,,,,
2025-10-04T00:21:10.734917,Cập nhật 8 ngày trước,"16,2 tỷ","Nhà mặt phố, mặt tiền",75 m²,80 m²,216 triệu/m²,Đã có sổ,5 phòng,5 phòng,Nội thất đầy đủ,4 m,,5.0,,,Hẻm xe hơi Nhà nở hậu,,,,,,,,,,,
2025-10-04T00:21:12.535421,Cập nhật 8 ngày trước,"1,7 tỷ","Nhà ngõ, hẻm",35 m²,75 m²,"48,57 triệu/m²",Không có sổ,2 phòng,2 phòng,,3.5 m,10 m,,,,,,,,,,,,,,,
2025-10-04T00:21:14.702735,Cập nhật 9 ngày trước,"10,5 tỷ","Nhà ngõ, hẻm",46 m²,,"228,26 triệu/m²",Đã có sổ,3 phòng,,,,,,,,Hẻm xe hơi,,,,,,,,,,,
2025-10-04T00:21:19.400232,Cập nhật 7 ngày trước,"23,5 tỷ",Nhà biệt thự,92 m²,360 m²,"255,43 triệu/m²",Đã có sổ,4 phòng,4 phòng,Nội thất đầy đủ,6.7 m,13.7 m,5.0,,,Hẻm xe hơi,,,Đông Nam,,,,,,,,
2025-10-04T00:21:20.919544,Cập nhật 4 giờ trước,13 tỷ,"Nhà ngõ, hẻm",45 m²,270 m²,"288,89 triệu/m²",Đã có sổ,4 phòng,4 phòng,,4.5 m,10 m,6.0,,,Hẻm xe hơi Nhà nở hậu,,,,,,,,,,,
2025-10-04T00:21:22.082443,Cập nhật 9 ngày trước,7 tỷ,,344 m²,,"20,35 triệu/m²",Đã có sổ,,,,9 m,38 m,,,,Mặt tiền,Đất thổ cư,m²,,,,,,,,,
2025-10-04T00:21:25.627031,Cập nhật 7 ngày trước,"7,4 tỷ","Nhà ngõ, hẻm",43 m²,,"172,09 triệu/m²",Đã có sổ,3 phòng,,,,,,,,,,,,,,,,,,,
2025-10-04T00:21:27.782047,Cập nhật 7 ngày trước,"9,6 tỷ","Nhà ngõ, hẻm",41 m²,,"234,15 triệu/m²",Đã có sổ,10 phòng,5 phòng,,,,7.0,,,,,,,,,,,,,,
2025-10-04T00:21:28.485883,Cập nhật 7 ngày trước,"4,3 tỷ",,55 m²,,"78,18 triệu/m²",Sổ hồng riêng,2 phòng,1 phòng,Nội thất cao cấp,,,,Đã bàn giao,"Tập thể, cư xá",,,,,,,,,,Căn góc,,
2025-10-04T00:21:27.775781,Cập nhật 7 ngày trước,"7,5 tỷ","Nhà ngõ, hẻm",47 m²,,"159,57 triệu/m²",Đã có sổ,5 phòng,,Nội thất cao cấp,,,,,,,,,,,,,,,,,
2025-10-04T00:21:35.740639,Cập nhật 8 ngày trước,"18,6 tỷ","Nhà mặt phố, mặt tiền",82 m²,82 m²,"226,83 triệu/m²",Đã có sổ,3 phòng,2 phòng,Hoàn thiện cơ bản,4.4 m,18.6 m,,,,Nhà nở hậu,,,Đông Nam,,,,,,,,
2025-10-04T00:21:36.192062,Cập nhật 7 ngày trước,11 tỷ,,50 m²,,220 triệu/m²,Đã có sổ,,,,,,,,,,Đất thổ cư,,,,,,,,,,
2025-10-04T00:21:38.203156,Cập nhật 7 ngày trước,200 triệu,,100 m²,,2 triệu/m²,Đã có sổ,,,,,,,,,,,,,Mặt bằng kinh doanh,,,,,,,
2025-10-04T00:21:42.116959,Cập nhật 7 ngày trước,"3,85 tỷ",,75 m²,,"51,33 triệu/m²",Sổ hồng riêng,3 phòng,1 phòng,,,,,Chưa bàn giao,"Tập thể, cư xá",,,,,,,,,,,,
2025-10-04T00:21:45.058136,Cập nhật 8 ngày trước,12 tỷ,"Nhà ngõ, hẻm",34 m²,,"352,94 triệu/m²",Đã có sổ,3 phòng,,,,,,,,,,,,,,,,,,,
2025-10-04T00:21:45.128794,Cập nhật 7 ngày trước,"7,5 tỷ","Nhà mặt phố, mặt tiền",45 m²,,"166,67 triệu/m²",Đã có sổ,4 phòng,,,,,,,,,,,,,,,,,,,
2025-10-04T00:21:46.867032,Cập nhật 9 ngày trước,"1,95 tỷ","Nhà ngõ, hẻm",23 m²,90 m²,"84,78 triệu/m²",Đang chờ sổ,3 phòng,4 phòng,Nội thất đầy đủ,,,4.0,,,,,,,,,,,,,,
2025-10-04T00:21:45.601682,Cập nhật 3 ngày trước,"22,4 tỷ","Nhà ngõ, hẻm",74 m²,,"302,70 triệu/m²",Đã có sổ,6 phòng,6 phòng,,5 m,,6.0,,,Hẻm xe hơi,,,,,,,,,,,
2025-10-04T00:21:50.262731,Cập nhật 8 ngày trước,"1,86 tỷ",,46 m²,,"40,43 triệu/m²",Hợp đồng mua bán,2 phòng,1 phòng,Nội thất cao cấp,,,,Đã bàn giao,"Căn hộ dịch vụ, mini",,,,,,5.0,,,,,,
2025-10-04T00:21:53.389716,Cập nhật 7 ngày trước,"8,7 tỷ","Nhà ngõ, hẻm",36 m²,,"241,67 triệu/m²",Đã có sổ,3 phòng,,,,,,,,,,,,,,,,,,,
2025-10-04T00:21:55.240028,Cập nhật 6 ngày trước,"4,4 tỷ","Nhà ngõ, hẻm",55 m²,,80 triệu/m²,Đã có sổ,3 phòng,3 phòng,,,,3.0,,,,,,,,,,,,,,
2025-10-04T00:21:59.562389,Cập nhật 2 ngày trước,"8,1 tỷ","Nhà ngõ, hẻm",35 m²,35 m²,"231,43 triệu/m²",Đã có sổ,3 phòng,4 phòng,Hoàn thiện cơ bản,,,,,,,,,,,,,,,,,
2025-10-04T00:22:02.045614,Cập nhật 7 ngày trước,"12,95 tỷ","Nhà mặt phố, mặt tiền",45 m²,45 m²,"287,78 triệu/m²",Đã có sổ,5 phòng,6 phòng,Nội thất đầy đủ,5 m,,6.0,,,Hẻm xe hơi Nhà nở hậu,,,,,,,,,,,
2025-10-04T00:22:03.576250,Cập nhật 9 ngày trước,"7,7 tỷ",,170 m²,,"45,29 triệu/m²",Sổ hồng riêng,6 phòng,4 phòng,,,,,Chưa bàn giao,Duplex,,,,,,,,,,,,
2025-10-04T00:22:03.855197,Cập nhật 9 ngày trước,23 tỷ,"Nhà mặt phố, mặt tiền",51 m²,,"450,98 triệu/m²",Đã có sổ,6 phòng,5 phòng,Nội thất cao cấp,,,7.0,,,Nhà nở hậu Hẻm xe hơi,,,,,,,,,,,
2025-10-04T00:22:04.043469,Cập nhật 7 ngày trước,"1,35 tỷ","Nhà ngõ, hẻm",50 m²,50 m²,27 triệu/m²,Đang chờ sổ,2 phòng,1 phòng,Nội thất đầy đủ,,,2.0,,,Hẻm xe hơi,,,,,,,,,,,
2025-10-04T00:22:07.652034,Cập nhật 7 ngày trước,"19,2 tỷ",Nhà biệt thự,90 m²,360 m²,"213,33 triệu/m²",Đã có sổ,4 phòng,3 phòng,Bàn giao thô,7.6 m,11.8 m,5.0,,,Hẻm xe hơi,,,Tây Bắc,,,,,,,,
2025-10-04T00:22:10.031278,Cập nhật 2 ngày trước,"1,75 tỷ",,130 m²,,"13,46 triệu/m²",Đang chờ sổ,,,,8 m,,,,,Mặt tiền,Đất thổ cư,m²,,,,,,,,,
2025-10-04T00:22:10.795020,Cập nhật 9 ngày trước,"4,5 tỷ","Nhà mặt phố, mặt tiền",30 m²,150 m²,150 triệu/m²,Đã có sổ,3 phòng,3 phòng,,5 m,,5.0,,,,,,,,,,,,,,
2025-10-04T00:22:12.439043,Cập nhật 5 ngày trước,"7,5 tỷ","Nhà mặt phố, mặt tiền",40 m²,42 m²,"187,50 triệu/m²",Đã có sổ,5 phòng,6 phòng,Nội thất cao cấp,,,,,,Nhà nở hậu,,,,,,,,,,,
2025-10-04T00:22:12.743902,Cập nhật 8 ngày trước,"8,8 tỷ","Nhà ngõ, hẻm",30 m²,30 m²,"293,33 triệu/m²",Đã có sổ,4 phòng,,,,,,,,,,,,,,,,,,,
2025-10-04T00:22:16.766635,Cập nhật 3 ngày trước,"8,85 tỷ","Nhà mặt phố, mặt tiền",35 m²,35 m²,"252,86 triệu/m²",Đã có sổ,4 phòng,1 phòng,Nội thất đầy đủ,9 m,4 m,5.0,,,,,,Bắc,,,,,,,,
2025-10-04T00:22:17.893129,Cập nhật 9 ngày trước,"19,5 tỷ","Nhà ngõ, hẻm",100 m²,100 m²,195 triệu/m²,Đã có sổ,nhiều hơn 10 phòng,Nhiều hơn 6 phòng,Nội thất đầy đủ,7 m,14.28 m,6.0,,,Nhà nở hậu,,,,,,,,,,,
2025-10-04T00:22:19.477074,Cập nhật 8 ngày trước,"8,7 tỷ","Nhà ngõ, hẻm",39 m²,,"223,08 triệu/m²",Đã có sổ,8 phòng,,Nội thất đầy đủ,,,6.0,,,,,,,,,,,,,,
2025-10-04T00:22:20.003614,Cập nhật 9 ngày trước,"1,26 tỷ",,80 m²,,"15,75 triệu/m²",Đã có sổ,,,,,,,,,Nở hậu Thổ cư toàn bộ,Đất thổ cư,m²,Đông Nam,,,,,,,,
2025-10-04T00:22:20.481874,Cập nhật 9 ngày trước,"7,2 tỷ","Nhà ngõ, hẻm",36 m²,,200 triệu/m²,Đã có sổ,3 phòng,,Nội thất đầy đủ,4.2 m,8.5 m,5.0,,,Nhà nở hậu,,,,,,,,,,,
2025-10-04T00:22:24.541336,Cập nhật 9 ngày trước,"8,2 tỷ","Nhà ngõ, hẻm",43 m²,43 m²,"190,70 triệu/m²",Đã có sổ,4 phòng,4 phòng,Nội thất đầy đủ,,,4.0,,,,,,,,,,,,,,
2025-10-04T00:22:26.758277,Cập nhật 7 ngày trước,"12,8 tỷ",,80 m²,,160 triệu/m²,Đã có sổ,,,,,,,,,,,,,Văn phòng,,,,,,,
2025-10-04T00:22:27.485589,Cập nhật 7 ngày trước,"5,6 tỷ","Nhà ngõ, hẻm",30 m²,26 m²,"186,67 triệu/m²",Đã có sổ,4 phòng,,Nội thất đầy đủ,,,,,,,,,,,,,,,,,
2025-10-04T00:22:28.807478,Cập nhật 7 ngày trước,"7,6 tỷ","Nhà ngõ, hẻm",61 m²,63 m²,"124,59 triệu/m²",Đã có sổ,9 phòng,Nhiều hơn 6 phòng,Nội thất đầy đủ,3.5 m,,5.0,,,Nhà nở hậu,,,,,,,,,,,
2025-10-04T00:22:29.518044,Cập nhật 8 ngày trước,"8,38 tỷ","Nhà ngõ, hẻm",30 m²,,"279,33 triệu/m²",Đã có sổ,4 phòng,4 phòng,Nội thất đầy đủ,5 m,6 m,5.0,,,,,,Tây Bắc,,,,,,,,
2025-10-04T00:22:34.535160,Cập nhật 8 ngày trước,"4,85 tỷ","Nhà ngõ, hẻm",32 m²,150 m²,"151,56 triệu/m²",Đã có sổ,3 phòng,4 phòng,Nội thất đầy đủ,,,5.0,,,,,,,,,,,,,,
2025-10-04T00:22:35.309476,Cập nhật 8 ngày trước,"5,3 tỷ",,63 m²,,"84,13 triệu/m²",Đã có sổ,,,,,,,,,,Đất thổ cư,m²,,,,,,,,,
2025-10-04T00:22:38.294163,Cập nhật 9 ngày trước,"8,35 tỷ","Nhà ngõ, hẻm",40 m²,,"208,75 triệu/m²",Đã có sổ,5 phòng,,Nội thất đầy đủ,,,4.0,,,,,,,,,,,,,,
2025-10-04T00:22:41.231442,Cập nhật 7 ngày trước,"6,8 tỷ","Nhà mặt phố, mặt tiền",22 m²,25 m²,"309,09 triệu/m²",Đã có sổ,3 phòng,3 phòng,Nội thất đầy đủ,3.5 m,6.5 m,5.0,,,Hẻm xe hơi,,,Nam,,,,,,,,
2025-10-04T00:22:42.476401,Cập nhật 8 ngày trước,"1,8 tỷ",,150 m²,,12 triệu/m²,Đã có sổ,,,,5 m,30 m,,,,,Đất thổ cư,,,,,,,,,,
2025-10-04T00:22:43.713206,Cập nhật 7 ngày trước,"12,9 tỷ","Nhà ngõ, hẻm",65 m²,65 m²,"198,46 triệu/m²",Đã có sổ,4 phòng,4 phòng,Nội thất đầy đủ,4 m,16 m,7.0,,,Hẻm xe hơi Nhà nở hậu,,,,,,,,,,,
2025-10-04T00:22:43.773128,Cập nhật 7 ngày trước,8 tỷ,"Nhà ngõ, hẻm",44 m²,176 m²,"181,82 triệu/m²",Đã có sổ,3 phòng,3 phòng,Hoàn thiện cơ bản,4.8 m,9.3 m,4.0,,,,,,,,,,,,,,
2025-10-04T00:22:47.674014,Cập nhật 9 ngày trước,"12,9 tỷ","Nhà ngõ, hẻm",95 m²,,"135,79 triệu/m²",Đã có sổ,1 phòng,,,,,1.0,,,,,,,,,,,,,,
2025-10-04T00:22:51.284903,Cập nhật 9 ngày trước,"6,6 tỷ","Nhà ngõ, hẻm",38 m²,38 m²,"173,68 triệu/m²",Đã có sổ,3 phòng,4 phòng,Nội thất đầy đủ,4 m,10 m,5.0,,,Hẻm xe hơi,,,,,,,,,,,
2025-10-04T00:22:52.846057,Cập nhật 7 ngày trước,"17,8 tỷ",,83 m²,,"214,46 triệu/m²",Đã có sổ,,,,4 m,20.7 m,,,,Mặt tiền,Đất thổ cư,m²,Đông Bắc,,,,,,,,
2025-10-04T00:22:52.971778,Cập nhật 4 giờ trước,"6,7 tỷ","Nhà ngõ, hẻm",35 m²,35 m²,"191,43 triệu/m²",Đã có sổ,4 phòng,,,,,6.0,,,,,,,,,,,,,,
2025-10-04T00:22:56.921215,Cập nhật 9 ngày trước,"5,6 tỷ","Nhà ngõ, hẻm",33 m²,35 m²,"169,70 triệu/m²",Đã có sổ,3 phòng,4 phòng,Nội thất đầy đủ,3.5 m,9 m,5.0,,,,,,,,,,,,,,
2025-10-04T00:22:59.482172,Cập nhật 7 ngày trước,165 tỷ,"Nhà mặt phố, mặt tiền",133 m²,,"1,24 tỷ/m²",Đã có sổ,nhiều hơn 10 phòng,Nhiều hơn 6 phòng,Nội thất cao cấp,7.1 m,,10.0,,,,,,,,,,,,,,
2025-10-04T00:23:01.150979,Cập nhật 9 ngày trước,"7,3 tỷ","Nhà ngõ, hẻm",41 m²,,"178,05 triệu/m²",Đã có sổ,3 phòng,4 phòng,Nội thất đầy đủ,,,5.0,,,,,,,,,,,,,,
2025-10-04T00:23:03.188688,Cập nhật 7 ngày trước,"15,6 tỷ","Nhà ngõ, hẻm",68 m²,68 m²,"229,41 triệu/m²",Đã có sổ,nhiều hơn 10 phòng,Nhiều hơn 6 phòng,,6 m,11 m,6.0,,,,,,,,,,,,,,
2025-10-04T00:23:04.730802,Cập nhật 8 ngày trước,"6,66 tỷ",,80 m²,,"83,25 triệu/m²",Đã có sổ,,,,6 m,13 m,,,,,Đất thổ cư,m²,Tây Nam,,,,,,,,
2025-10-04T00:23:06.670637,Cập nhật 7 ngày trước,"31,45 tỷ",Nhà phố liền kề,80 m²,80 m²,"393,12 triệu/m²",Đã có sổ,5 phòng,5 phòng,Nội thất đầy đủ,5.5 m,,6.0,,,Hẻm xe hơi,,,,,,,,,,,
2025-10-04T00:23:15.671534,Cập nhật 8 ngày trước,40 tỷ,Nhà biệt thự,100 m²,100 m²,400 triệu/m²,Đã có sổ,5 phòng,5 phòng,,5 m,20 m,,,,,,,,,,,,,,,
2025-10-04T00:23:16.233706,Cập nhật 9 ngày trước,"16,5 tỷ",Nhà phố liền kề,55 m²,,300 triệu/m²,Đã có sổ,4 phòng,4 phòng,Nội thất cao cấp,,,5.0,,,"Hẻm xe hơi
Nhà nở hậu",,,,,,,,,,,
2025-10-04T00:23:20.692599,Cập nhật 12 giờ trước,850 triệu,,25 m²,,34 triệu/m²,Đang chờ sổ,1 phòng,1 phòng,Hoàn thiện cơ bản,,,,Đã bàn giao,"Tập thể, cư xá",,,,,,2.0,,,,,,
2025-10-04T00:23:30.907686,Cập nhật 8 ngày trước,20 tỷ,"Nhà ngõ, hẻm",103 m²,,"194,17 triệu/m²",Đã có sổ,2 phòng,2 phòng,,,,3.0,,,,,,,,,,,,,,
2025-10-04T00:23:38.811614,Cập nhật 9 ngày trước,"1,35 tỷ",,44 m²,,"30,68 triệu/m²",Đã có sổ,,,,,,,,,"Mặt tiền
Hẻm xe hơi",Đất thổ cư,,Đông Nam,,,,,,,,
2025-10-04T00:23:31.183566,Cập nhật 8 ngày trước,"8,5 tỷ","Nhà ngõ, hẻm",38 m²,38 m²,"223,68 triệu/m²",Đã có sổ,4 phòng,4 phòng,Nội thất đầy đủ,,,5.0,,,,,,,,,,,,,,
2025-10-04T00:23:37.754756,Cập nhật 8 ngày trước,"4,59 tỷ","Nhà mặt phố, mặt tiền",45 m²,,102 triệu/m²,Đã có sổ,3 phòng,3 phòng,,7 m,6.5 m,4.0,,,"Hẻm xe hơi
Nhà nở hậu",,,Đông,,,,,,,,
2025-10-04T00:23:49.889264,Cập nhật 9 ngày trước,"13,15 tỷ","Nhà ngõ, hẻm",55 m²,55 m²,"239,09 triệu/m²",Đã có sổ,9 phòng,Nhiều hơn 6 phòng,Nội thất đầy đủ,7 m,8 m,,,,Nhà nở hậu,,,,,,,,,,,
2025-10-04T00:23:54.660660,Cập nhật 2 ngày trước,33 tỷ,,120 m²,,275 triệu/m²,Đã có sổ,,,,6 m,20 m,,,,Mặt tiền,Đất nền dự án,m²,Bắc,,,,,,,,
2025-10-04T00:23:55.961343,Cập nhật 8 ngày trước,"1,8 tỷ",,50 m²,,36 triệu/m²,Hợp đồng mua bán,2 phòng,1 phòng,Nội thất đầy đủ,,,,Đã bàn giao,"Căn hộ dịch vụ, mini",,,,,,2.0,7,,,Căn góc,,
2025-10-04T00:23:56.564851,Cập nhật 7 ngày trước,8 tỷ,"Nhà ngõ, hẻm",38 m²,,"210,53 triệu/m²",Đã có sổ,3 phòng,,Nội thất cao cấp,,,6.0,,,,,,,,,,,,,,
2025-10-04T00:23:58.542322,Cập nhật 9 ngày trước,"8,35 tỷ","Nhà ngõ, hẻm",38 m²,38 m²,"219,74 triệu/m²",Đã có sổ,6 phòng,4 phòng,Nội thất đầy đủ,,,5.0,,,"Hẻm xe hơi
Nhà nở hậu",,,,,,,,,,,
2025-10-04T00:24:07.080623,Cập nhật 7 ngày trước,"7,4 tỷ","Nhà ngõ, hẻm",40 m²,40 m²,185 triệu/m²,Đã có sổ,4 phòng,5 phòng,Nội thất cao cấp,4.1 m,,6.0,,,,,,,,,,,,,,
2025-10-04T00:24:08.834567,Cập nhật 7 ngày trước,"4,75 tỷ","Nhà ngõ, hẻm",48 m²,,"98,96 triệu/m²",Đã có sổ,5 phòng,,,,,,,,,,,Nam,,,,,,,,
2025-10-04T00:24:08.693135,Cập nhật 8 ngày trước,"7,6 tỷ","Nhà ngõ, hẻm",31 m²,31 m²,"245,16 triệu/m²",Đã có sổ,4 phòng,,,,,,,,,,,,,,,,,,,
2025-10-04T00:24:10.694225,Cập nhật 9 ngày trước,15 tỷ,"Nhà mặt phố, mặt tiền",65 m²,,"230,77 triệu/m²",Đã có sổ,6 phòng,5 phòng,Nội thất cao cấp,5 m,13 m,6.0,,,"Hẻm xe hơi
Nhà nở hậu",,,Đông Bắc,,,,,,,,
2025-10-04T00:24:12.986518,Cập nhật 7 ngày trước,8 tỷ,"Nhà ngõ, hẻm",42 m²,,"190,48 triệu/m²",Đã có sổ,3 phòng,,,,,,,,,,,,,,,,,,,
2025-10-04T00:24:22.239340,Cập nhật 15 giờ trước,6 tỷ,"Nhà ngõ, hẻm",30 m²,,200 triệu/m²,Đã có sổ,3 phòng,,,,,6.0,,,,,,,,,,,,,,
2025-10-04T00:24:22.235849,Cập nhật 4 ngày trước,"15,4 tỷ","Nhà ngõ, hẻm",50 m²,50 m²,308 triệu/m²,Đã có sổ,3 phòng,3 phòng,Nội thất cao cấp,6.1 m,8 m,6.0,,,"Hẻm xe hơi
Nhà nở hậu",,,,,,,,,,,
2025-10-04T00:24:22.463816,Cập nhật 7 ngày trước,"1,55 tỷ",,55 m²,,"28,18 triệu/m²",Hợp đồng mua bán,2 phòng,1 phòng,Nội thất cao cấp,,,,Đã bàn giao,Chung cư,,,,,,,,,,Căn góc,,
2025-10-04T00:24:24.453882,Cập nhật 9 ngày trước,12 tỷ,"Nhà ngõ, hẻm",36 m²,,"333,33 triệu/m²",Đã có sổ,4 phòng,,,,,6.0,,,,,,,,,,,,,,
2025-10-04T00:24:29.291910,Cập nhật 9 ngày trước,"5,5 tỷ","Nhà ngõ, hẻm",37 m²,37 m²,"148,65 triệu/m²",Đã có sổ,3 phòng,3 phòng,Nội thất đầy đủ,4.4 m,8.4 m,3.0,,,Nhà nở hậu,,,,,,,,2,,,
2025-10-04T00:24:35.184556,Cập nhật 9 ngày trước,"6,725 tỷ","Nhà ngõ, hẻm",35 m²,,"192,14 triệu/m²",Đã có sổ,4 phòng,,,,,4.0,,,Nhà nở hậu,,,,,,,,,,,
2025-10-04T00:24:36.251741,Cập nhật 5 ngày trước,"3,15 tỷ","Nhà ngõ, hẻm",33 m²,33 m²,"95,45 triệu/m²",Đã có sổ,3 phòng,3 phòng,Hoàn thiện cơ bản,,,,,,Nhà nở hậu,,,,,,,,,,,
2025-10-04T00:24:38.980175,Cập nhật 8 ngày trước,"9,3 tỷ","Nhà ngõ, hẻm",40 m²,40 m²,"232,50 triệu/m²",Đã có sổ,3 phòng,4 phòng,Nội thất cao cấp,4 m,,5.0,,,"Nhà nở hậu
Hẻm xe hơi",,,Tây,,,,,,,,
2025-10-04T00:24:41.038402,Cập nhật 8 ngày trước,"4,662 tỷ",,103.6 m²,,45 triệu/m²,Đã có sổ,,,,8 m,13 m,,,,"Mặt tiền
Hẻm xe hơi
Nở hậu
Thổ cư toàn bộ",Đất thổ cư,m²,,,,Đấu giá thôn Yên Trường,,Lk 03-07,,,
2025-10-04T00:24:46.470705,Cập nhật 6 ngày trước,"16,5 tỷ","Nhà mặt phố, mặt tiền",54 m²,,"305,56 triệu/m²",Đã có sổ,3 phòng,2 phòng,Nội thất đầy đủ,,,2.0,,,,,,,,,,,,,,
2025-10-04T00:24:48.401807,Cập nhật 9 ngày trước,22 tỷ,"Nhà mặt phố, mặt tiền",93 m²,100 m²,"236,56 triệu/m²",Đã có sổ,6 phòng,,Nội thất đầy đủ,5.3 m,17 m,6.0,,,Nhà nở hậu,,,,,,,,,,,
2025-10-04T00:24:52.974021,Cập nhật 7 ngày trước,"6,8 tỷ","Nhà ngõ, hẻm",35 m²,,"194,29 triệu/m²",Đã có sổ,3 phòng,,,,,,,,,,,,,,,,,,,
2025-10-04T00:24:57.732717,Cập nhật 8 ngày trước,"3,1 tỷ","Nhà ngõ, hẻm",36 m²,36 m²,"86,11 triệu/m²",Giấy tờ viết tay,4 phòng,3 phòng,Nội thất đầy đủ,,,3.0,,,,,,,,,,,,,,
2025-10-04T00:24:59.181447,Cập nhật 9 ngày trước,"5,75 tỷ","Nhà mặt phố, mặt tiền",35 m²,35 m²,"164,29 triệu/m²",Đã có sổ,3 phòng,4 phòng,,,,5.0,,,Nhà nở hậu,,,,,,,,,,,
2025-10-04T00:25:01.928285,Cập nhật 3 ngày trước,7 tỷ,"Nhà mặt phố, mặt tiền",40 m²,40 m²,175 triệu/m²,Đã có sổ,3 phòng,2 phòng,Nội thất đầy đủ,4 m,10 m,2.0,,,"Nhà nở hậu
Hẻm xe hơi",,,,,,,,,,,
2025-10-04T00:25:03.165734,Cập nhật 9 ngày trước,16 tỷ,,80 m²,,200 triệu/m²,Đã có sổ,,,,,,,,,"Mặt tiền
Hẻm xe hơi",Đất thổ cư,m²,,,,,,,,,
2025-10-04T00:25:08.602145,Cập nhật 9 ngày trước,25 tỷ,Nhà phố liền kề,75 m²,375 m²,"333,33 triệu/m²",Đã có sổ,5 phòng,5 phòng,,6 m,12.5 m,5.0,,,Hẻm xe hơi,,,,,,,,,,,
2025-10-04T00:25:12.976220,Cập nhật 8 ngày trước,"8,25 tỷ","Nhà ngõ, hẻm",51 m²,,"161,76 triệu/m²",Đã có sổ,5 phòng,4 phòng,,,,5.0,,,,,,,,,,,,,,
2025-10-04T00:25:11.339849,Cập nhật 9 ngày trước,"3,95 tỷ",,60 m²,,"65,83 triệu/m²",Đã có sổ,,,,,,,,,,Đất thổ cư,m²,,,,,,,,,
2025-10-04T00:25:17.415464,Cập nhật 2 ngày trước,"8,2 tỷ","Nhà ngõ, hẻm",36 m²,36 m²,"227,78 triệu/m²",Đã có sổ,3 phòng,,Nội thất cao cấp,4 m,,5.0,,,"Hẻm xe hơi
Nhà nở hậu",,,Tây,,,,,,,,
2025-10-04T00:25:21.763972,Cập nhật 8 ngày trước,8 tỷ,"Nhà ngõ, hẻm",35 m²,,"228,57 triệu/m²",Đã có sổ,3 phòng,,Nội thất cao cấp,,,5.0,,,,,,,,,,,,,,
2025-10-04T00:25:26.079351,Cập nhật 7 ngày trước,"12,9 tỷ",,78 m²,,"165,38 triệu/m²",Đã có sổ,,,,5.08 m,14 m,,,,"Mặt tiền
Hẻm xe hơi",Đất thổ cư,m²,,,,Khu phân lô Đầm Ấu,,,,,
2025-10-04T00:25:29.446190,Cập nhật 3 giờ trước,"2,3 tỷ","Nhà mặt phố, mặt tiền",36 m²,,"63,89 triệu/m²",Sổ chung / công chứng vi bằng,3 phòng,2 phòng,,3.3 m,10 m,3.0,,,Nhà nở hậu,,,Đông Nam,,,,,,,,
2025-10-04T00:25:33.807334,Cập nhật 8 ngày trước,"3,5 tỷ",,52 m²,,"67,31 triệu/m²",Đã có sổ,,,,3.5 m,,,,,"Mặt tiền
Thổ cư toàn bộ",Đất thổ cư,m²,,,,,,,,,
2025-10-04T00:25:37.048984,Cập nhật 7 ngày trước,"4,985 tỷ",,96.8 m²,,"51,50 triệu/m²",Đã có sổ,,,,,,,,,Hẻm xe hơi,Đất thổ cư,m²,Tây,,,Bán đất Dược Thượng sát Thị Trấn,,,,,
2025-10-04T00:25:38.490724,Cập nhật 9 ngày trước,3 tỷ,,40 m²,,75 triệu/m²,Đã có sổ,,,,5 m,8 m,,,,,Đất thổ cư,,,,,,,,,,
2025-10-04T00:25:38.183209,Cập nhật 8 ngày trước,"4,056 tỷ",Nhà phố liền kề,80 m²,,"50,70 triệu/m²",Đã có sổ,3 phòng,4 phòng,Bàn giao thô,5 m,,3.0,,,,,,Bắc,,,,,,,,
2025-10-04T00:25:44.486916,Cập nhật 8 ngày trước,"8,5 tỷ","Nhà ngõ, hẻm",40 m²,40 m²,"212,50 triệu/m²",Đã có sổ,7 phòng,5 phòng,Nội thất đầy đủ,4 m,11 m,5.0,,,Hẻm xe hơi,,,,,,,,,,,
2025-10-04T00:25:46.931525,Cập nhật 7 ngày trước,"5,9 tỷ","Nhà ngõ, hẻm",25 m²,,236 triệu/m²,Đã có sổ,3 phòng,4 phòng,Nội thất đầy đủ,,,4.0,,,Nhà nở hậu,,,,,,,,,,,
2025-10-04T00:25:50.338817,Cập nhật 9 ngày trước,"9,5 tỷ","Nhà ngõ, hẻm",39 m²,,"243,59 triệu/m²",Đã có sổ,3 phòng,,Nội thất cao cấp,,,,,,Hẻm xe hơi,,,,,,,,,,,
2025-10-04T00:25:52.664061,Cập nhật 15 giờ trước,"2,75 tỷ",,55 m²,,50 triệu/m²,Sổ hồng riêng,2 phòng,2 phòng,Nội thất đầy đủ,,,,Đã bàn giao,Chung cư,,,,,,,,,,,,
2025-10-04T00:25:54.031121,Cập nhật 9 ngày trước,"9,5 tỷ","Nhà ngõ, hẻm",52 m²,,"182,69 triệu/m²",Đã có sổ,4 phòng,,,,,,,,,,,,,,,,,,,
2025-10-04T00:26:00.881843,Cập nhật 5 ngày trước,"7,25 tỷ","Nhà ngõ, hẻm",30.5 m²,33 m²,"237,70 triệu/m²",Đã có sổ,4 phòng,4 phòng,Nội thất đầy đủ,3.5 m,,,,,"Hẻm xe hơi
Nhà nở hậu",,,Bắc,,,,,,,,
2025-10-04T00:26:05.295950,Cập nhật 8 ngày trước,"7,7 tỷ",,90 m²,,"85,56 triệu/m²",Đã có sổ,,,,6.5 m,,,,,"Mặt tiền
Hẻm xe hơi
Thổ cư toàn bộ",Đất thổ cư,,,,,,,,,,
2025-10-04T00:26:10.127182,Cập nhật 9 ngày trước,"8,8 tỷ","Nhà ngõ, hẻm",52 m²,52 m²,"169,23 triệu/m²",Đã có sổ,3 phòng,3 phòng,Nội thất đầy đủ,6 m,,3.0,,,Nhà nở hậu,,,,,,,,,,,
2025-10-04T00:26:10.224472,Cập nhật 8 ngày trước,"5,6 tỷ","Nhà mặt phố, mặt tiền",30 m²,,"186,67 triệu/m²",Đã có sổ,3 phòng,,,,,,,,,,,,,,,,,,,
2025-10-04T00:26:15.128978,Cập nhật 7 ngày trước,290 tỷ,"Nhà mặt phố, mặt tiền",225 m²,,"1,29 tỷ/m²",Đã có sổ,10 phòng,Nhiều hơn 6 phòng,,11 m,,10.0,,,,,,,,,,,,,,
2025-10-04T00:26:18.548059,Cập nhật 8 ngày trước,"6,3 tỷ","Nhà ngõ, hẻm",35 m²,,180 triệu/m²,Đã có sổ,3 phòng,,,,,,,,,,,,,,,,,,,
2025-10-04T00:26:24.966756,Cập nhật 8 ngày trước,37 tỷ,"Nhà mặt phố, mặt tiền",55 m²,55 m²,"672,73 triệu/m²",Đã có sổ,6 phòng,Nhiều hơn 6 phòng,Nội thất đầy đủ,5 m,11 m,8.0,,,,,,,,,,,,,,
2025-10-04T00:26:25.799687,Cập nhật 7 ngày trước,"8,4 tỷ","Nhà ngõ, hẻm",47 m²,,"178,72 triệu/m²",Đã có sổ,4 phòng,,,,,,,,,,,,,,,,,,,
2025-10-04T00:26:27.134316,Cập nhật 9 ngày trước,"5,18 tỷ","Nhà ngõ, hẻm",32 m²,,"161,88 triệu/m²",Đã có sổ,3 phòng,,,,,,,,,,,,,,,,,,,
2025-10-04T00:26:30.350746,Cập nhật 8 ngày trước,"9,95 tỷ",,42 m²,,"236,90 triệu/m²",Đã có sổ,,,,,,,,,,Đất thổ cư,,,,,,,,,,
2025-10-04T00:26:32.433902,Cập nhật 8 ngày trước,7 tỷ,"Nhà ngõ, hẻm",40 m²,40 m²,175 triệu/m²,Đã có sổ,3 phòng,3 phòng,,4 m,,4.0,,,,,,,,,,,,,,
2025-10-04T00:26:37.217230,Cập nhật 8 ngày trước,"7,498 tỷ",,44 m²,,"170,41 triệu/m²",Đã có sổ,,,,,,,,,Hẻm xe hơi,Đất thổ cư,,,,,,,,,,
2025-10-04T00:26:37.501317,Cập nhật 8 ngày trước,"4,5 tỷ","Nhà mặt phố, mặt tiền",31 m²,31 m²,"145,16 triệu/m²",Đã có sổ,3 phòng,3 phòng,Nội thất đầy đủ,3.27 m,12 m,4.0,,,Nhà nở hậu,,,,,,,,,,,
2025-10-04T00:26:40.964702,Cập nhật 9 ngày trước,"10,8 tỷ","Nhà mặt phố, mặt tiền",41 m²,200 m²,"263,41 triệu/m²",Đã có sổ,6 phòng,4 phòng,Nội thất đầy đủ,4 m,,4.0,,,"Hẻm xe hơi
Nhà nở hậu",,,,,,,,,,,
2025-10-04T00:26:46.666632,Cập nhật 8 ngày trước,12 tỷ,,55 m²,,"218,18 triệu/m²",Đã có sổ,,,,,,,,,"Mặt tiền
Nở hậu",Đất thổ cư,m²,,,,,,,,,
2025-10-04T00:26:50.133861,Cập nhật 9 ngày trước,"13,5 tỷ","Nhà ngõ, hẻm",55 m²,55 m²,"245,45 triệu/m²",Đã có sổ,6 phòng,5 phòng,Nội thất đầy đủ,5 m,11 m,7.0,,,Hẻm xe hơi,,,,,,,,,,,
2025-10-04T00:26:52.299931,Cập nhật 9 ngày trước,"7,75 tỷ","Nhà ngõ, hẻm",36 m²,36 m²,"215,28 triệu/m²",Đã có sổ,3 phòng,4 phòng,Nội thất đầy đủ,3.3 m,11 m,5.0,,,Hẻm xe hơi,,,,,,,,,,,
2025-10-04T00:26:52.601535,Cập nhật 7 ngày trước,8 tỷ,"Nhà ngõ, hẻm",40 m²,40 m²,200 triệu/m²,Đã có sổ,4 phòng,4 phòng,Nội thất đầy đủ,,,,,,Hiện trạng khác,,,,,,,,,,,
2025-10-04T00:26:56.259029,Cập nhật 7 ngày trước,"5,9 tỷ",,43.8 m²,,"134,70 triệu/m²",Đã có sổ,,,,3.5 m,12.5 m,,,,,Đất thổ cư,m²,Bắc,,,,,,,,
2025-10-04T00:27:07.137220,Cập nhật 8 ngày trước,"4,5 tỷ","Nhà ngõ, hẻm",31 m²,31 m²,"145,16 triệu/m²",Đã có sổ,3 phòng,3 phòng,Nội thất đầy đủ,,,,,,,,,,,,,,,,,
2025-10-04T00:27:05.274590,Cập nhật 9 ngày trước,"7,9 tỷ","Nhà ngõ, hẻm",42 m²,,"188,10 triệu/m²",Đã có sổ,3 phòng,,,,,,,,,,,,,,,,,,,
2025-10-04T00:27:12.473781,Cập nhật 5 ngày trước,"11,99 tỷ","Nhà ngõ, hẻm",40 m²,40 m²,"299,75 triệu/m²",Đã có sổ,3 phòng,4 phòng,Nội thất cao cấp,6 m,8 m,6.0,,,Hẻm xe hơi,,,,,,,,,,,
2025-10-04T00:27:10.600672,Cập nhật 8 ngày trước,"6,76 tỷ","Nhà ngõ, hẻm",26.2 m²,32 m²,"258,02 triệu/m²",Đã có sổ,6 phòng,4 phòng,Nội thất đầy đủ,3 m,9 m,4.0,,,Nhà nở hậu,,,Đông,,,,,,,,
2025-10-04T00:27:23.163408,Cập nhật 5 ngày trước,"7,35 tỷ","Nhà ngõ, hẻm",35 m²,,210 triệu/m²,Đã có sổ,4 phòng,,Nội thất đầy đủ,,,5.0,,,,,,,,,,,,,,
2025-10-04T00:27:23.344973,Cập nhật 8 ngày trước,"10,9 tỷ","Nhà ngõ, hẻm",35 m²,,"311,43 triệu/m²",Đã có sổ,3 phòng,,,,,5.0,,,Hẻm xe hơi,,,,,,,,,,,
2025-10-04T00:27:21.374758,Cập nhật 7 ngày trước,29 tỷ,"Nhà mặt phố, mặt tiền",65 m²,65 m²,"446,15 triệu/m²",Đã có sổ,3 phòng,4 phòng,Nội thất đầy đủ,6 m,11 m,3.0,,,Hiện trạng khác,,,Tây,,,,,,,,
2025-10-04T00:27:27.812011,Cập nhật 7 ngày trước,"3,3 tỷ",,116 m²,,"28,45 triệu/m²",Đã có sổ,,,,4 m,29 m,,,,"Thổ cư toàn bộ
Hẻm xe hơi",Đất thổ cư,m²,,,,,,,,,
2025-10-04T00:27:25.339348,Cập nhật 6 ngày trước,"13,9 tỷ","Nhà ngõ, hẻm",39 m²,39 m²,"356,41 triệu/m²",Đã có sổ,4 phòng,4 phòng,Nội thất đầy đủ,3.5 m,,5.0,,,Nhà nở hậu,,,,,,,,,,,
2025-10-04T00:27:32.950522,Cập nhật 8 ngày trước,"7,5 tỷ","Nhà ngõ, hẻm",37 m²,,"202,70 triệu/m²",Đã có sổ,3 phòng,5 phòng,Nội thất đầy đủ,,,,,,,,,,,,,,,,,
2025-10-04T00:27:36.728829,Cập nhật 9 ngày trước,"3,25 tỷ",,70 m²,,"46,43 triệu/m²",Đang chờ sổ,2 phòng,2 phòng,Nội thất đầy đủ,,,,Đã bàn giao,Chung cư,,,,,,,,,,,,
2025-10-04T00:27:40.765890,Cập nhật 8 ngày trước,"6,6 tỷ","Nhà mặt phố, mặt tiền",40 m²,,165 triệu/m²,Đã có sổ,4 phòng,,,,,,,,Nhà nở hậu,,,,,,,,,,,
2025-10-04T00:27:49.421283,Cập nhật 8 ngày trước,"17,5 tỷ","Nhà mặt phố, mặt tiền",45 m²,45 m²,"388,89 triệu/m²",Đã có sổ,4 phòng,,,,,,,,,,,,,,,,,,,
2025-10-04T00:27:47.966994,Cập nhật 9 ngày trước,"5,9 tỷ","Nhà ngõ, hẻm",21 m²,,"280,95 triệu/m²",Đã có sổ,2 phòng,,,,,,,,,,,,,,,,,,,
2025-10-04T00:27:54.675366,Cập nhật 6 ngày trước,"8,15 tỷ","Nhà mặt phố, mặt tiền",61 m²,,"133,61 triệu/m²",Đã có sổ,6 phòng,,Nội thất cao cấp,,,6.0,,,Hẻm xe hơi,,,,,,,,,,,
2025-10-04T00:27:58.742867,Cập nhật 9 ngày trước,"4,8 tỷ","Nhà ngõ, hẻm",32 m²,,150 triệu/m²,Đã có sổ,4 phòng,,,,,,,,,,,,,,,,,,,
2025-10-04T00:28:04.728679,Cập nhật 7 ngày trước,4 tỷ,"Nhà ngõ, hẻm",45 m²,,"88,89 triệu/m²",Đã có sổ,4 phòng,3 phòng,Nội thất cao cấp,,,4.0,,,,,,,,,,,,,,
2025-10-04T00:28:05.175896,Cập nhật 2 ngày trước,"6,5 tỷ","Nhà ngõ, hẻm",48 m²,,"135,42 triệu/m²",Đã có sổ,4 phòng,,,,,5.0,,,Hẻm xe hơi,,,,,,,,,,,
2025-10-04T00:28:06.974803,Cập nhật 9 ngày trước,"5,5 tỷ",,60 m²,,"91,67 triệu/m²",Sổ hồng riêng,3 phòng,,,,,,Chưa bàn giao,Chung cư,,,,,,,,,,,,
2025-10-04T00:28:12.011894,Cập nhật 9 ngày trước,"8,35 tỷ","Nhà ngõ, hẻm",45 m²,,"185,56 triệu/m²",Đã có sổ,4 phòng,,Nội thất cao cấp,,,5.0,,,,,,,,,,,,,,
2025-10-04T00:28:15.920666,Cập nhật 8 ngày trước,"8,25 tỷ","Nhà ngõ, hẻm",40 m²,,"206,25 triệu/m²",Đã có sổ,3 phòng,,,,,,,,,,,,,,,,,,,
2025-10-04T00:28:18.423966,Cập nhật 7 ngày trước,"6,1 tỷ",,80 m²,,"76,25 triệu/m²",Sổ hồng riêng,3 phòng,,Nội thất đầy đủ,,,,Chưa bàn giao,Chung cư,,,,,,,,,,,,
2025-10-04T00:28:20.131422,Cập nhật 8 ngày trước,"12,6 tỷ","Nhà ngõ, hẻm",58 m²,,"217,24 triệu/m²",Đã có sổ,4 phòng,4 phòng,Nội thất đầy đủ,6.8 m,8.5 m,4.0,,,Hẻm xe hơi,,,,,,,,,,,
2025-10-04T00:28:24.165051,Cập nhật 8 ngày trước,"6,2 tỷ","Nhà ngõ, hẻm",60 m²,60 m²,"103,33 triệu/m²",Đã có sổ,2 phòng,2 phòng,Nội thất đầy đủ,,,3.0,,,,,,,,,,,,,,
2025-10-04T00:28:28.182832,Cập nhật 9 ngày trước,"4,68 tỷ",,68 m²,,"68,82 triệu/m²",Sổ hồng riêng,2 phòng,2 phòng,Nội thất cao cấp,,,,Chưa bàn giao,"Tập thể, cư xá",,,,,,,,,,,,
2025-10-04T00:28:35.490003,Cập nhật 8 ngày trước,"4,48 tỷ","Nhà ngõ, hẻm",22 m²,22 m²,"203,64 triệu/m²",Đã có sổ,3 phòng,3 phòng,,7 m,3.3 m,4.0,,,"Hiện trạng khác
Nhà nở hậu
Hẻm xe hơi",,,,,,,,,,,
2025-10-04T00:28:41.738523,Cập nhật 8 ngày trước,"5,9 tỷ","Nhà ngõ, hẻm",35 m²,35 m²,"168,57 triệu/m²",Đã có sổ,3 phòng,4 phòng,Nội thất cao cấp,3.5 m,10 m,5.0,,,"Hẻm xe hơi
Nhà nở hậu",,,Nam,,,,,,,,
2025-10-04T00:28:45.053273,Cập nhật 8 ngày trước,"6,75 tỷ","Nhà ngõ, hẻm",44 m²,,"153,41 triệu/m²",Đã có sổ,3 phòng,,,,,4.0,,,,,,,,,,,,,,
2025-10-04T00:28:49.982999,Cập nhật 9 ngày trước,"4,6 tỷ",,78 m²,,"58,97 triệu/m²",Sổ hồng riêng,2 phòng,2 phòng,,,,,Đã bàn giao,"Tập thể, cư xá",,,,,,,,,,,,
2025-10-04T00:28:50.184896,Cập nhật 7 ngày trước,"8,6 tỷ",,85 m²,,"101,18 triệu/m²",Đã có sổ,,,,5.3 m,16 m,,,,,Đất thổ cư,,,,,,,,,,
2025-10-04T00:28:53.614019,Cập nhật 7 ngày trước,"16,45 tỷ",Nhà phố liền kề,63 m²,63 m²,"261,11 triệu/m²",Đã có sổ,4 phòng,5 phòng,Nội thất đầy đủ,5 m,,6.0,,,,,,,,,,,,,,
2025-10-04T00:28:56.064567,Cập nhật 9 ngày trước,"6,7 tỷ","Nhà ngõ, hẻm",38 m²,,"176,32 triệu/m²",Đã có sổ,3 phòng,,,,,,,,,,,,,,,,,,,
2025-10-04T00:28:58.515921,Cập nhật 9 ngày trước,"8,23 tỷ","Nhà ngõ, hẻm",47 m²,,"175,11 triệu/m²",Đã có sổ,5 phòng,,,,,,,,,,,,,,,,,,,
2025-10-04T00:29:04.623879,Cập nhật 8 ngày trước,"5,755 tỷ","Nhà mặt phố, mặt tiền",32 m²,32 m²,"179,84 triệu/m²",Đã có sổ,3 phòng,3 phòng,Nội thất đầy đủ,,,4.0,,,Nhà nở hậu,,,,,,,,,,,
2025-10-04T00:29:04.792895,Cập nhật 3 giờ trước,5 tỷ,"Nhà ngõ, hẻm",35 m²,150 m²,"142,86 triệu/m²",Đã có sổ,3 phòng,4 phòng,Nội thất đầy đủ,4 m,9 m,5.0,,,"Hẻm xe hơi
Nhà nở hậu",,,Tây Bắc,,,,,,,,
2025-10-04T00:29:06.676695,Cập nhật 8 ngày trước,"7,6 tỷ","Nhà ngõ, hẻm",35 m²,35 m²,"217,14 triệu/m²",Đã có sổ,3 phòng,4 phòng,Nội thất cao cấp,3.5 m,10 m,5.0,,,"Nhà nở hậu
Hẻm xe hơi",,,,,,,,,,,
2025-10-04T00:29:12.582254,Cập nhật 8 ngày trước,"5,5 tỷ",,66 m²,,"83,33 triệu/m²",Sổ hồng riêng,2 phòng,2 phòng,Nội thất đầy đủ,,,,Đã bàn giao,Chung cư,,,,,,,,,,,,
2025-10-04T00:29:12.472341,Cập nhật 1 ngày trước,"6,95 tỷ","Nhà ngõ, hẻm",33 m²,33 m²,"210,61 triệu/m²",Đã có sổ,3 phòng,4 phòng,Nội thất cao cấp,,,5.0,,,Hẻm xe hơi,,,,,,,,,,,
2025-10-04T00:29:19.096148,Cập nhật 7 ngày trước,18 tỷ,,335 m²,,"53,73 triệu/m²",Đã có sổ,,,,15 m,22 m,,,,Mặt tiền,Đất thổ cư,m²,,,,sát bờ đê,,,,,
2025-10-04T00:29:20.014699,Cập nhật 9 ngày trước,"5,7 tỷ","Nhà ngõ, hẻm",33.5 m²,,"170,15 triệu/m²",Đã có sổ,5 phòng,3 phòng,Nội thất đầy đủ,,,4.0,,,,,,,,,,,,,,
2025-10-04T00:29:27.979695,Cập nhật 7 ngày trước,"5,38 tỷ","Nhà ngõ, hẻm",45 m²,45 m²,"119,56 triệu/m²",Đã có sổ,3 phòng,,Hoàn thiện cơ bản,4 m,,4.0,,,,,,,,,,,,,,
2025-10-04T00:29:28.185647,Cập nhật 7 ngày trước,"5,95 tỷ","Nhà ngõ, hẻm",30 m²,30 m²,"198,33 triệu/m²",Đã có sổ,3 phòng,4 phòng,Hoàn thiện cơ bản,4 m,,5.0,,,Hẻm xe hơi,,,,,,,,,,,
2025-10-04T00:29:30.622564,Cập nhật 8 ngày trước,14 tỷ,Nhà phố liền kề,57 m²,,"245,61 triệu/m²",Đã có sổ,4 phòng,4 phòng,Nội thất cao cấp,5 m,,4.0,,,"Hẻm xe hơi
Nhà nở hậu",,,,,,,,,,,
2025-10-04T00:29:35.218380,Cập nhật 2 ngày trước,"2,7 tỷ",,125 m²,,"21,60 triệu/m²",Đã có sổ,,,,6 m,21 m,,,,"Mặt tiền
Hẻm xe hơi
Thổ cư toàn bộ",Đất thổ cư,,Đông Nam,,,,,,,,
2025-10-04T00:29:35.626928,Cập nhật 2 ngày trước,"4,95 tỷ","Nhà ngõ, hẻm",49 m²,,"101,02 triệu/m²",Đã có sổ,4 phòng,2 phòng,Hoàn thiện cơ bản,4.8 m,11 m,2.0,,,,,,,,,,,,,,
2025-10-04T00:29:44.464317,Cập nhật 7 ngày trước,"3,58 tỷ",,70 m²,,"51,14 triệu/m²",Sổ hồng riêng,2 phòng,2 phòng,Nội thất đầy đủ,,,,Đã bàn giao,"Tập thể, cư xá",,,,,,,,,,,,
2025-10-04T00:29:44.735674,Cập nhật 7 ngày trước,"11,5 tỷ","Nhà ngõ, hẻm",35 m²,35 m²,"328,57 triệu/m²",Đã có sổ,3 phòng,,,,,,,,"Hẻm xe hơi
Nhà nở hậu",,,,,,,,,,,
2025-10-04T00:29:44.481278,Cập nhật 13 giờ trước,"4,1 tỷ",,90 m²,,"45,56 triệu/m²",Sổ hồng riêng,3 phòng,2 phòng,Nội thất cao cấp,,,,Đã bàn giao,"Tập thể, cư xá",,,,,,4.0,5,,,,,
2025-10-04T00:29:48.833899,Cập nhật 7 ngày trước,"6,9 tỷ","Nhà ngõ, hẻm",31 m²,,"222,58 triệu/m²",Đã có sổ,3 phòng,4 phòng,Nội thất đầy đủ,,,5.0,,,"Hẻm xe hơi
Nhà nở hậu",,,,,,,,,,,
2025-10-04T00:29:51.935679,Cập nhật 9 ngày trước,"7,345 tỷ","Nhà ngõ, hẻm",32 m²,32 m²,"229,53 triệu/m²",Đã có sổ,3 phòng,4 phòng,Nội thất đầy đủ,3.7 m,,5.0,,,,,,,,,,,,,,
2025-10-04T00:29:59.432556,Cập nhật 9 ngày trước,25 tỷ,"Nhà mặt phố, mặt tiền",78 m²,,"320,51 triệu/m²",Đã có sổ,4 phòng,4 phòng,,6.8 m,,5.0,,,,,,,,,,,,,,
2025-10-04T00:29:57.989729,Cập nhật 7 ngày trước,7 tỷ,"Nhà ngõ, hẻm",38 m²,38 m²,"184,21 triệu/m²",Đã có sổ,3 phòng,4 phòng,Nội thất cao cấp,4.8 m,,5.0,,,,,,,,,,,,,,
2025-10-04T00:30:04.756600,Cập nhật 7 ngày trước,"8,6 tỷ","Nhà ngõ, hẻm",40 m²,,215 triệu/m²,Đã có sổ,4 phòng,,,,,6.0,,,,,,,,,,,,,,
2025-10-04T00:30:07.809377,Cập nhật 9 ngày trước,"10,9 tỷ","Nhà mặt phố, mặt tiền",75 m²,,"145,33 triệu/m²",Đã có sổ,3 phòng,3 phòng,,5 m,15 m,3.0,,,,,,,,,,,,,,
2025-10-04T00:30:07.911239,Cập nhật 9 ngày trước,"18,8 tỷ",Nhà phố liền kề,83 m²,332 m²,"226,51 triệu/m²",Đã có sổ,4 phòng,3 phòng,,5 m,16.6 m,4.0,,,Hẻm xe hơi,,,,,,,,,,,
2025-10-04T00:30:05.437680,Cập nhật 9 ngày trước,"7,2 tỷ",,80 m²,,90 triệu/m²,Đã có sổ,,,,3.9 m,,,,,Thổ cư toàn bộ,Đất thổ cư,m²,,,,,,,,,
2025-10-04T00:30:11.002143,Cập nhật 8 ngày trước,"18,9 tỷ","Nhà ngõ, hẻm",69 m²,69 m²,"273,91 triệu/m²",Đã có sổ,4 phòng,,Nội thất cao cấp,,,4.0,,,Hẻm xe hơi,,,,,,,,,,,
2025-10-04T00:30:14.265207,Cập nhật 7 ngày trước,"5,6 tỷ","Nhà ngõ, hẻm",33 m²,33 m²,"169,70 triệu/m²",Đã có sổ,3 phòng,3 phòng,,3.5 m,9.5 m,,,,,,,,,,,,,,,
2025-10-04T00:30:16.981684,Cập nhật 7 ngày trước,"9,5 tỷ","Nhà ngõ, hẻm",55 m²,,"172,73 triệu/m²",Đã có sổ,6 phòng,,,5 m,,,,,,,,,,,,,,,,
2025-10-04T00:30:17.136142,Cập nhật 5 ngày trước,"9,5 tỷ","Nhà ngõ, hẻm",40 m²,,"237,50 triệu/m²",Đã có sổ,5 phòng,5 phòng,Nội thất đầy đủ,3.6 m,11 m,6.0,,,,,,Bắc,,,,,,,,
2025-10-04T00:30:22.590973,Cập nhật 9 ngày trước,"8,8 tỷ","Nhà ngõ, hẻm",32 m²,35 m²,275 triệu/m²,Đã có sổ,4 phòng,,,,,,,,,,,,,,,,,,,
2025-10-04T00:30:25.945038,Cập nhật 7 ngày trước,"6,4 tỷ","Nhà ngõ, hẻm",37 m²,,"172,97 triệu/m²",Đã có sổ,4 phòng,,,,,,,,,,,,,,,,,,,
2025-10-04T00:30:26.021712,Cập nhật 2 ngày trước,5 tỷ,"Nhà ngõ, hẻm",38 m²,,"131,58 triệu/m²",Đã có sổ,3 phòng,4 phòng,,,,5.0,,,,,,,,,,,,,,
2025-10-04T00:30:26.706650,Cập nhật 9 ngày trước,"9,5 tỷ","Nhà ngõ, hẻm",52 m²,,"182,69 triệu/m²",Đã có sổ,5 phòng,,,,,,,,,,,,,,,,,,,
2025-10-04T00:30:28.142655,Cập nhật 7 ngày trước,"17,2 tỷ","Nhà mặt phố, mặt tiền",46 m²,,"373,91 triệu/m²",Đã có sổ,5 phòng,4 phòng,,,,5.0,,,,,,,,,,,,,,
2025-10-04T00:30:34.916301,Cập nhật 7 ngày trước,"8,9 tỷ","Nhà ngõ, hẻm",55 m²,,"161,82 triệu/m²",Đã có sổ,2 phòng,2 phòng,Nội thất đầy đủ,4.2 m,,2.0,,,Hẻm xe hơi,,,,,,,,,,,
2025-10-04T00:30:35.486117,Cập nhật 8 ngày trước,"7,6 tỷ","Nhà ngõ, hẻm",40 m²,,190 triệu/m²,Đã có sổ,4 phòng,,,,,,,,,,,,,,,,,,,
2025-10-04T00:30:36.619023,Cập nhật 8 ngày trước,"7,09 tỷ","Nhà ngõ, hẻm",43 m²,,"164,88 triệu/m²",Đã có sổ,3 phòng,,Nội thất đầy đủ,4.6 m,,5.0,,,Hẻm xe hơi,,,,,,,,,,,
2025-10-04T00:30:39.867117,Cập nhật 8 ngày trước,"27,9 tỷ",Nhà phố liền kề,77 m²,,"362,34 triệu/m²",Đã có sổ,4 phòng,4 phòng,Nội thất đầy đủ,7 m,13.5 m,5.0,,,,,,,,,,,,,,
2025-10-04T00:30:44.316095,Cập nhật 8 ngày trước,13 tỷ,"Nhà ngõ, hẻm",37 m²,,"351,35 triệu/m²",Đã có sổ,4 phòng,,,,,5.0,,,,,,,,,,,,,,
2025-10-04T00:30:44.736610,Cập nhật 7 ngày trước,"6,7 tỷ","Nhà ngõ, hẻm",65 m²,65 m²,"103,08 triệu/m²",Đã có sổ,4 phòng,,Nội thất cao cấp,5 m,,4.0,,,,,,,,,,,,,,
2025-10-04T00:30:45.047599,Cập nhật 7 ngày trước,85 tỷ,,448.8 m²,,"189,39 triệu/m²",Đã có sổ,,,,,,,,,Mặt tiền Nở hậu Hẻm xe hơi Thổ cư toàn bộ Thổ cư 1 phần,Đất thổ cư,m²,,,,,,,,,
2025-10-04T00:30:48.561740,Cập nhật 7 ngày trước,"5,6 tỷ","Nhà ngõ, hẻm",22 m²,,"254,55 triệu/m²",Đã có sổ,4 phòng,,,,,,,,,,,,,,,,,,,
2025-10-04T00:30:50.009889,Cập nhật 7 ngày trước,"5,4 tỷ","Nhà ngõ, hẻm",32 m²,,"168,75 triệu/m²",Đã có sổ,4 phòng,,Nội thất đầy đủ,,,5.0,,,,,,Tây Bắc,,,,,,,,
2025-10-04T00:30:52.907983,Cập nhật 8 ngày trước,"14,8 tỷ","Nhà mặt phố, mặt tiền",35 m²,,"422,86 triệu/m²",Đã có sổ,5 phòng,3 phòng,Nội thất đầy đủ,,,5.0,,,Hẻm xe hơi,,,,,,,,,,,
2025-10-04T00:30:54.739730,Cập nhật 7 ngày trước,"9,4 tỷ","Nhà ngõ, hẻm",47 m²,,200 triệu/m²,Đã có sổ,4 phòng,,,,,,,,,,,,,,,,,,,
2025-10-04T00:30:56.693293,Cập nhật 7 ngày trước,20 tỷ,Nhà phố liền kề,48 m²,,"416,67 triệu/m²",Đã có sổ,4 phòng,4 phòng,Nội thất đầy đủ,4 m,10 m,5.0,,,,,,Đông Nam,,,,,,,,
2025-10-04T00:30:58.716513,Cập nhật 7 ngày trước,29 tỷ,Nhà biệt thự,134 m²,,"216,42 triệu/m²",Đã có sổ,4 phòng,,,,,,,,,,,,,,,,,,,
2025-10-04T00:30:59.308366,Cập nhật 7 ngày trước,"4,7 tỷ",,100 m²,,47 triệu/m²,Sổ hồng riêng,3 phòng,2 phòng,Nội thất đầy đủ,,,,Đã bàn giao,"Tập thể, cư xá",,,,,,3.0,,,,Căn góc,,
2025-10-04T00:31:03.176863,Cập nhật 1 ngày trước,"2,59 tỷ",,56.5 m²,,"45,84 triệu/m²",Đã có sổ,,,,7.3 m,7.7 m,,,,Hẻm xe hơi Thổ cư toàn bộ Mặt tiền,Đất thổ cư,m²,,,,Xuân Bách,,,,,
2025-10-04T00:31:08.188841,Cập nhật 7 ngày trước,"6,5 tỷ",,35 m²,,"185,71 triệu/m²",Đã có sổ,,,,4.4 m,,,,,Hẻm xe hơi Nở hậu,Đất thổ cư,m²,Bắc,,,,,,,,
2025-10-04T00:31:08.401964,Cập nhật 9 ngày trước,"3,95 tỷ",,75 m²,,"52,67 triệu/m²",Sổ hồng riêng,2 phòng,2 phòng,Nội thất đầy đủ,,,,Chưa bàn giao,"Tập thể, cư xá",,,,,,,,,,Căn góc,,
2025-10-04T00:31:10.700149,Cập nhật 7 ngày trước,29 tỷ,,70 m²,,"414,29 triệu/m²",Đã có sổ,,,Nội thất cao cấp,,,,,,,,,,Mặt bằng kinh doanh,,,,,,,
2025-10-04T00:31:11.876245,Cập nhật 3 giờ trước,7 tỷ,"Nhà ngõ, hẻm",33 m²,180 m²,"212,12 triệu/m²",Đã có sổ,3 phòng,4 phòng,Nội thất đầy đủ,3.5 m,9 m,6.0,,,Hẻm xe hơi Nhà nở hậu,,,Tây Nam,,,,,,,,
2025-10-04T00:31:16.973212,Cập nhật 1 ngày trước,530 tỷ,"Nhà mặt phố, mặt tiền",420 m²,,"1,26 tỷ/m²",Đã có sổ,8 phòng,Nhiều hơn 6 phòng,,15 m,,6.0,,,Nhà nở hậu,,,Bắc,,,,,,,,
2025-10-04T00:31:18.518532,Cập nhật 6 ngày trước,"10,3 tỷ","Nhà ngõ, hẻm",32 m²,,"321,88 triệu/m²",Đã có sổ,3 phòng,,,,,,,,,,,,,,,,,,,
2025-10-04T00:31:20.552080,Cập nhật 17 giờ trước,"3,25 tỷ",,37 m²,,"87,84 triệu/m²",Sổ hồng riêng,3 phòng,1 phòng,Nội thất đầy đủ,,,,Đã bàn giao,"Tập thể, cư xá",,,,Tây Bắc,,4.0,22,Đông Nam,,,,
2025-10-04T00:31:25.686361,Cập nhật 7 ngày trước,"5,2 tỷ","Nhà ngõ, hẻm",30.5 m²,30.5 m²,"170,49 triệu/m²",Đã có sổ,3 phòng,3 phòng,Hoàn thiện cơ bản,4.06 m,10 m,4.0,,,Nhà nở hậu,,,,,,,,,,,
2025-10-04T00:31:26.073280,Cập nhật 8 ngày trước,"8,6 tỷ","Nhà ngõ, hẻm",36 m²,,"238,89 triệu/m²",Đã có sổ,10 phòng,Nhiều hơn 6 phòng,Nội thất đầy đủ,,,6.0,,,,,,,,,,,,,,
2025-10-04T00:31:25.927952,Cập nhật 3 ngày trước,"6,5 tỷ","Nhà ngõ, hẻm",45 m²,180 m²,"144,44 triệu/m²",Đã có sổ,5 phòng,4 phòng,,4 m,,4.0,,,,,,Đông Bắc,,,,,,,,
2025-10-04T00:31:33.224800,Cập nhật 9 ngày trước,22 tỷ,"Nhà ngõ, hẻm",77 m²,,"285,71 triệu/m²",Đã có sổ,4 phòng,4 phòng,Nội thất cao cấp,,,5.0,,,Hẻm xe hơi Nhà nở hậu,,,,,,,,,,,
2025-10-04T00:31:35.062527,Cập nhật 9 ngày trước,5 tỷ,"Nhà ngõ, hẻm",40 m²,200 m²,125 triệu/m²,Đã có sổ,3 phòng,4 phòng,Hoàn thiện cơ bản,,,5.0,,,,,,Đông Nam,,,,,,,,
2025-10-04T00:31:35.000274,Cập nhật 8 ngày trước,"26,5 tỷ","Nhà ngõ, hẻm",60 m²,,"441,67 triệu/m²",Đã có sổ,5 phòng,4 phòng,,,,5.0,,,Hẻm xe hơi,,,,,,,,,,,
2025-10-04T00:31:34.573996,Cập nhật 7 ngày trước,"1,3 tỷ",,60 m²,,"21,67 triệu/m²",Đã có sổ,,,,,,,,,,Đất thổ cư,m²,,,,,,,,,
2025-10-04T00:31:40.836074,Cập nhật 8 ngày trước,"10,4 tỷ","Nhà ngõ, hẻm",50 m²,50 m²,208 triệu/m²,Đã có sổ,5 phòng,4 phòng,Nội thất đầy đủ,4.5 m,11 m,5.0,,,Hẻm xe hơi,,,,,,,,,,,
2025-10-04T00:31:43.354750,Cập nhật 8 ngày trước,"3,8 tỷ",,48 m²,,"79,17 triệu/m²",Đã có sổ,,,,,,,,,Mặt tiền Hẻm xe hơi,Đất thổ cư,,,,,,,,,,
2025-10-04T00:31:44.180196,Cập nhật 9 ngày trước,"7,8 tỷ","Nhà ngõ, hẻm",33 m²,,"236,36 triệu/m²",Đã có sổ,3 phòng,,,,,,,,Hẻm xe hơi,,,,,,,,,,,
2025-10-04T00:31:44.751733,Cập nhật 7 ngày trước,"7,65 tỷ","Nhà ngõ, hẻm",37 m²,,"206,76 triệu/m²",Đã có sổ,3 phòng,,,,,,,,,,,,,,,,,,,
2025-10-04T00:31:44.989269,Cập nhật 8 ngày trước,"11,52 tỷ",,72 m²,,160 triệu/m²,Đã có sổ,,,,4 m,,,,,Mặt tiền Hẻm xe hơi Thổ cư toàn bộ,Đất thổ cư,,,,,,,,,,
2025-10-04T00:31:49.149782,Cập nhật 7 ngày trước,"3,1 tỷ",Nhà phố liền kề,41 m²,41 m²,"75,61 triệu/m²",Đã có sổ,3 phòng,3 phòng,Nội thất đầy đủ,3.5 m,12.5 m,2.0,,,Hẻm xe hơi Nhà nở hậu,,,,,,,,,,,
2025-10-04T00:31:50.809885,Cập nhật 8 ngày trước,10 tỷ,"Nhà ngõ, hẻm",38 m²,,"263,16 triệu/m²",Đã có sổ,3 phòng,,Nội thất đầy đủ,,,6.0,,,,,,,,,,,,,,
2025-10-04T00:31:52.723357,Cập nhật 5 giờ trước,34 tỷ,"Nhà ngõ, hẻm",107 m²,,"317,76 triệu/m²",Đã có sổ,6 phòng,,,,,,,,Nhà nở hậu Hẻm xe hơi,,,,,,,,,,,
2025-10-04T00:31:53.196382,Cập nhật 5 ngày trước,"15,5 tỷ",,116 m²,,"133,62 triệu/m²",Sổ hồng riêng,3 phòng,2 phòng,,,,,Chưa bàn giao,Chung cư,,,,,,,,,,,,
2025-10-04T00:31:57.028382,Cập nhật 7 ngày trước,"4,5 tỷ","Nhà mặt phố, mặt tiền",63 m²,,"71,43 triệu/m²",Đã có sổ,4 phòng,4 phòng,,,,5.0,,,,,,Đông Nam,,,,,,,,
2025-10-04T00:31:58.579754,Cập nhật 9 ngày trước,"7,4 tỷ","Nhà ngõ, hẻm",30 m²,34 m²,"246,67 triệu/m²",Đã có sổ,3 phòng,3 phòng,,,,,,,Nhà nở hậu,,,,,,,,,,,
2025-10-04T00:32:00.927312,Cập nhật 8 ngày trước,"7,6 tỷ","Nhà ngõ, hẻm",35 m²,,"217,14 triệu/m²",Đã có sổ,3 phòng,,,,,,,,,,,,,,,,,,,
2025-10-04T00:32:02.427380,Cập nhật 7 ngày trước,5 tỷ,"Nhà ngõ, hẻm",30 m²,30 m²,"166,67 triệu/m²",Đã có sổ,3 phòng,4 phòng,Nội thất cao cấp,4.5 m,6.6 m,5.0,,,Hẻm xe hơi,,,,,,,,,,,
2025-10-04T00:32:02.444896,Cập nhật 7 ngày trước,"48,5 tỷ","Nhà mặt phố, mặt tiền",89.5 m²,,"541,90 triệu/m²",Đã có sổ,3 phòng,,,,,,,,,,,,,,,,,,,
2025-10-04T00:32:06.708868,Cập nhật 9 ngày trước,"23,9 tỷ","Nhà mặt phố, mặt tiền",82 m²,,"291,46 triệu/m²",Đã có sổ,5 phòng,3 phòng,Nội thất đầy đủ,4.1 m,,5.0,,,Hẻm xe hơi,,,,,,,,,,,
2025-10-04T00:32:09.217410,Cập nhật 8 ngày trước,"12,5 tỷ","Nhà ngõ, hẻm",51 m²,200 m²,"245,10 triệu/m²",Đã có sổ,4 phòng,3 phòng,Nội thất đầy đủ,,,4.0,,,,,,,,,,,,,,
2025-10-04T00:32:10.891847,Cập nhật 3 ngày trước,"1,6 tỷ","Nhà ngõ, hẻm",17 m²,68 m²,"94,12 triệu/m²",Sổ chung / công chứng vi bằng,2 phòng,2 phòng,,3 m,5.5 m,4.0,,,,,,,,,,,,,,
2025-10-04T00:32:10.926329,Cập nhật 7 ngày trước,36 tỷ,"Nhà ngõ, hẻm",70 m²,70 m²,"514,29 triệu/m²",Đã có sổ,nhiều hơn 10 phòng,Nhiều hơn 6 phòng,Nội thất cao cấp,7 m,10 m,9.0,,,Nhà nở hậu Hẻm xe hơi,,,Đông Nam,,,,,,,,
2025-10-04T00:32:12.796290,Cập nhật 8 ngày trước,"36,5 tỷ","Nhà mặt phố, mặt tiền",50 m²,50 m²,730 triệu/m²,Đã có sổ,8 phòng,,,,,,,,Nhà nở hậu,,,,,,,,,,,
2025-10-04T00:32:17.163858,Cập nhật 9 ngày trước,"9,5 tỷ","Nhà mặt phố, mặt tiền",50 m²,50 m²,190 triệu/m²,Đã có sổ,4 phòng,,Nội thất cao cấp,4.5 m,,5.0,,,Nhà nở hậu,,,,,,,,,,,
2025-10-04T00:32:19.039657,Cập nhật 8 ngày trước,"5,15 tỷ",,60 m²,,"85,83 triệu/m²",Sổ hồng riêng,2 phòng,,Nội thất đầy đủ,,,,Chưa bàn giao,"Tập thể, cư xá",,,,,,,,,,,,
2025-10-04T00:32:19.337259,Cập nhật 7 ngày trước,"12,45 tỷ",,202 m²,,"61,63 triệu/m²",Sổ hồng riêng,4 phòng,3 phòng,Nội thất cao cấp,,,,Chưa bàn giao,Chung cư,,,,,,,,,,,,
2025-10-04T00:32:23.841456,Cập nhật 8 ngày trước,"44,41 tỷ","Nhà ngõ, hẻm",100 m²,,"444,10 triệu/m²",Đã có sổ,2 phòng,2 phòng,,4 m,,,,,Nhà nở hậu Hẻm xe hơi,,,,,,,,,,,
2025-10-04T00:32:27.751522,Cập nhật 7 ngày trước,"24,4 tỷ","Nhà ngõ, hẻm",104 m²,,"234,62 triệu/m²",Đã có sổ,3 phòng,3 phòng,Nội thất đầy đủ,8 m,13 m,4.0,,,,,,,,,,,,,,
2025-10-04T00:32:29.018572,Cập nhật 8 ngày trước,7 tỷ,"Nhà ngõ, hẻm",39 m²,,"179,49 triệu/m²",Đã có sổ,3 phòng,,,,,,,,,,,,,,,,,,,
2025-10-04T00:32:33.374436,Cập nhật 8 ngày trước,7 tỷ,"Nhà ngõ, hẻm",33 m²,33 m²,"212,12 triệu/m²",Đã có sổ,3 phòng,,Nội thất đầy đủ,,,5.0,,,Nhà nở hậu,,,,,,,,,,,
2025-10-04T00:32:35.202140,Cập nhật 9 ngày trước,"2,05 tỷ",,55 m²,,"37,27 triệu/m²",Hợp đồng mua bán,2 phòng,2 phòng,Nội thất đầy đủ,,,,Đã bàn giao,Chung cư,,,,,,,,,,,,
2025-10-04T00:32:37.065362,Cập nhật 8 ngày trước,53 tỷ,"Nhà mặt phố, mặt tiền",77 m²,,"688,31 triệu/m²",Đã có sổ,3 phòng,,,,,,,,,,,,,,,,,,,
2025-10-04T00:32:37.234771,Cập nhật 8 ngày trước,"4,8 tỷ","Nhà ngõ, hẻm",32 m²,,150 triệu/m²,Đã có sổ,2 phòng,1 phòng,,3.2 m,10 m,,,,,,,,,,,,,,,
2025-10-04T00:32:41.354517,Cập nhật 6 ngày trước,"5,5 tỷ","Nhà ngõ, hẻm",28 m²,,"196,43 triệu/m²",Đã có sổ,3 phòng,3 phòng,,,,,,,,,,,,,,,,,,
2025-10-04T00:32:43.021189,Cập nhật 8 ngày trước,"8,1 tỷ",,64 m²,,"126,56 triệu/m²",Đã có sổ,,,,4.55 m,,,,,,Đất thổ cư,,,,,,,,,,
2025-10-04T00:32:45.086930,Cập nhật 8 ngày trước,"9,5 tỷ","Nhà ngõ, hẻm",48 m²,240 m²,"197,92 triệu/m²",Đã có sổ,9 phòng,,Nội thất đầy đủ,4 m,12 m,5.0,,,Nhà nở hậu,,,,,,,,,,,
2025-10-04T00:32:47.081626,Cập nhật 7 ngày trước,"6,15 tỷ","Nhà ngõ, hẻm",30 m²,,205 triệu/m²,Đã có sổ,3 phòng,,,,,,,,,,,,,,,,,,,
2025-10-04T00:32:50.112807,Cập nhật 7 ngày trước,"31,8 tỷ","Nhà ngõ, hẻm",70 m²,,"454,29 triệu/m²",Đã có sổ,6 phòng,,Nội thất đầy đủ,5 m,,9.0,,,Nhà nở hậu Hẻm xe hơi,,,,,,,,,,,
2025-10-04T00:32:51.313126,Cập nhật 7 ngày trước,"20,5 tỷ","Nhà ngõ, hẻm",75 m²,,"273,33 triệu/m²",Đã có sổ,2 phòng,1 phòng,,6 m,12.5 m,1.0,,,,,,,,,,,,,,
2025-10-04T00:32:52.841949,Cập nhật 8 ngày trước,10 tỷ,"Nhà ngõ, hẻm",40 m²,,250 triệu/m²,Đã có sổ,9 phòng,Nhiều hơn 6 phòng,Nội thất cao cấp,4 m,9 m,6.0,,,Hẻm xe hơi Nhà nở hậu,,,Đông Bắc,,,,,,,,
2025-10-04T00:32:55.358369,Cập nhật 4 ngày trước,"6,8 tỷ","Nhà ngõ, hẻm",45 m²,225 m²,"151,11 triệu/m²",Đã có sổ,4 phòng,4 phòng,Nội thất đầy đủ,4.2 m,,5.0,,,Hẻm xe hơi,,,Đông Nam,,,,,,,,
2025-10-04T00:32:55.784848,Cập nhật 13 giờ trước,"9,5 tỷ","Nhà ngõ, hẻm",45 m²,45 m²,"211,11 triệu/m²",Đã có sổ,4 phòng,4 phòng,Nội thất đầy đủ,5.9 m,8 m,4.0,,,Hẻm xe hơi Nhà nở hậu,,,,,,,,,,,
2025-10-04T00:32:58.222679,Cập nhật 7 ngày trước,"10,6 tỷ","Nhà mặt phố, mặt tiền",40 m²,40 m²,265 triệu/m²,Đã có sổ,4 phòng,4 phòng,,4 m,,,,,Hẻm xe hơi,,,,,,,,,,,
2025-10-04T00:32:59.610811,Cập nhật 8 ngày trước,15 tỷ,,238 m²,,"63,03 triệu/m²",Đã có sổ,,,,6 m,,,,,Mặt tiền Nở hậu,Đất thổ cư,m²,,,,,,,,,
2025-10-04T00:33:00.795541,Cập nhật 2 ngày trước,"8,3 tỷ","Nhà ngõ, hẻm",36 m²,40 m²,"230,56 triệu/m²",Đã có sổ,4 phòng,4 phòng,Nội thất cao cấp,3.8 m,10 m,5.0,,,Nhà nở hậu,,,,,,Phân lô,,,,,
2025-10-04T00:33:04.961377,Cập nhật 8 ngày trước,"6,8 tỷ","Nhà ngõ, hẻm",40 m²,,170 triệu/m²,Đã có sổ,4 phòng,,Nội thất cao cấp,,,5.0,,,,,,,,,,,,,,
2025-10-04T00:33:07.863695,Cập nhật 8 ngày trước,3 tỷ,"Nhà mặt phố, mặt tiền",30 m²,30 m²,100 triệu/m²,Đã có sổ,3 phòng,3 phòng,Hoàn thiện cơ bản,3.46 m,14 m,4.0,,,Nhà nở hậu,,,,,,,,,,,
2025-10-04T00:33:09.644778,Cập nhật 9 ngày trước,"1,55 tỷ","Nhà mặt phố, mặt tiền",38 m²,,"40,79 triệu/m²",Sổ chung / công chứng vi bằng,2 phòng,,,,,,,,,,,,,,,,,,,
2025-10-04T00:33:11.699968,Cập nhật 8 ngày trước,"7,3 tỷ","Nhà ngõ, hẻm",30 m²,,"243,33 triệu/m²",Đã có sổ,3 phòng,,,,,,,,,,,,,,,,,,,
2025-10-04T00:33:13.416272,Cập nhật 7 ngày trước,"7,1 tỷ","Nhà ngõ, hẻm",35 m²,,"202,86 triệu/m²",Đã có sổ,3 phòng,,,,,,,,,,,,,,,,,,,
2025-10-04T00:33:13.865321,Cập nhật 3 ngày trước,"4,35 tỷ","Nhà ngõ, hẻm",50.1 m²,,"86,83 triệu/m²",Đã có sổ,4 phòng,3 phòng,Hoàn thiện cơ bản,,,4.0,,,Hẻm xe hơi,,,Đông Nam,,,,,,,,
2025-10-04T00:33:15.662067,Cập nhật 9 ngày trước,"20,4 tỷ","Nhà mặt phố, mặt tiền",50 m²,,408 triệu/m²,Đã có sổ,4 phòng,,,,,,,,,,,,,,,,,,,
2025-10-04T00:33:17.348118,Cập nhật 6 ngày trước,"3,95 tỷ","Nhà ngõ, hẻm",34 m²,34 m²,"116,18 triệu/m²",Đã có sổ,4 phòng,3 phòng,,5 m,,3.0,,,,,,,,,,,,,,
2025-10-04T00:33:19.748004,Cập nhật 9 ngày trước,"8,3 tỷ","Nhà ngõ, hẻm",40 m²,,"207,50 triệu/m²",Đã có sổ,3 phòng,,,,,,,,Hẻm xe hơi,,,,,,,,,,,
2025-10-04T00:33:21.440657,Cập nhật 7 ngày trước,"3,99 tỷ","Nhà ngõ, hẻm",36 m²,90 m²,"110,83 triệu/m²",Đã có sổ,2 phòng,2 phòng,Nội thất đầy đủ,10 m,,3.0,,,Nhà nở hậu,,,,,,,,11,,,
2025-10-04T00:33:21.791973,Cập nhật 6 ngày trước,"16,2 tỷ","Nhà mặt phố, mặt tiền",33 m²,40 m²,"490,91 triệu/m²",Đã có sổ,2 phòng,3 phòng,Nội thất đầy đủ,6.5 m,,4.0,,,Hẻm xe hơi Nhà nở hậu,,,,,,,,,,,
2025-10-04T00:33:23.532892,Cập nhật 9 ngày trước,"2,65 tỷ","Nhà ngõ, hẻm",39 m²,,"67,95 triệu/m²",Không có sổ,2 phòng,2 phòng,,,,2.0,,,,,,,,,,,,,,
2025-10-04T00:33:25.819039,Cập nhật 8 ngày trước,"9,58 tỷ",,71 m²,,"134,93 triệu/m²",Sổ hồng riêng,2 phòng,2 phòng,Nội thất đầy đủ,,,,Chưa bàn giao,Chung cư,,,,Tây Bắc,,,F2 3 5 6,Đông Nam,,,,
2025-10-04T00:33:27.775121,Cập nhật 7 ngày trước,"7,3 tỷ","Nhà ngõ, hẻm",33 m²,33 m²,"221,21 triệu/m²",Đã có sổ,3 phòng,,Nội thất đầy đủ,,,,,,,,,,,,,,,,,
2025-10-04T00:33:28.753510,Cập nhật 4 giờ trước,"6,6 tỷ","Nhà ngõ, hẻm",35 m²,35 m²,"188,57 triệu/m²",Đã có sổ,4 phòng,,,3.6 m,,,,,,,,,,,,,,,,
2025-10-04T00:33:29.986771,Cập nhật 2 ngày trước,"2,85 tỷ",Nhà phố liền kề,40 m²,,"71,25 triệu/m²",Đã có sổ,2 phòng,1 phòng,Nội thất đầy đủ,,,2.0,,,Hẻm xe hơi,,,,,,,,,,,
2025-10-04T00:33:31.869505,Cập nhật 8 ngày trước,"5,95 tỷ","Nhà ngõ, hẻm",25 m²,,238 triệu/m²,Đã có sổ,3 phòng,,,,,,,,,,,,,,,,,,,
2025-10-04T00:33:36.119212,Cập nhật 6 ngày trước,"8,3 tỷ","Nhà ngõ, hẻm",37 m²,,"224,32 triệu/m²",Đã có sổ,7 phòng,5 phòng,Nội thất đầy đủ,3.3 m,,5.0,,,Nhà nở hậu,,,,,,,,,,,
2025-10-04T00:33:37.528195,Cập nhật 7 ngày trước,"5,2 tỷ","Nhà ngõ, hẻm",44 m²,,"118,18 triệu/m²",Đã có sổ,4 phòng,,,,,,,,,,,,,,,,,,,
2025-10-04T00:33:38.295754,Cập nhật 4 ngày trước,"2,15 tỷ",,50 m²,,43 triệu/m²,Hợp đồng mua bán,2 phòng,,Nội thất cao cấp,,,,Đã bàn giao,Chung cư,,,,,,3.0,,,,,,
2025-10-04T00:33:44.883621,Cập nhật 9 ngày trước,"8,3 tỷ","Nhà ngõ, hẻm",40 m²,,"207,50 triệu/m²",Đã có sổ,4 phòng,,Nội thất cao cấp,,,,,,,,,,,,,,BP208,,,
2025-10-04T00:33:46.301306,Cập nhật 8 ngày trước,"6,65 tỷ","Nhà ngõ, hẻm",30 m²,,"221,67 triệu/m²",Đã có sổ,3 phòng,4 phòng,Hoàn thiện cơ bản,,,5.0,,,,,,,,,,,,,,
2025-10-04T00:33:48.443922,Cập nhật 9 ngày trước,"4,25 tỷ",,60.5 m²,,"70,25 triệu/m²",Đã có sổ,,,,4.1 m,15 m,,,,Mặt tiền Nở hậu Hẻm xe hơi Thổ cư toàn bộ,Đất thổ cư,,Tây Nam,,,,,,,,
2025-10-04T00:33:50.187723,Cập nhật 7 ngày trước,"6,9 tỷ",,80 m²,,"86,25 triệu/m²",Đã có sổ,,,,5.5 m,,,,,Hẻm xe hơi,Đất thổ cư,m²,,,,,,,,,
2025-10-04T00:33:54.181973,Cập nhật 3 ngày trước,"4,65 tỷ","Nhà ngõ, hẻm",13.6 m²,20 m²,"341,91 triệu/m²",Đã có sổ,3 phòng,4 phòng,Nội thất đầy đủ,,,,,,Nhà nở hậu,,,,,,,,,,,
2025-10-04T00:33:54.448165,Cập nhật 7 ngày trước,"7,5 tỷ",,100 m²,,75 triệu/m²,Sổ hồng riêng,3 phòng,2 phòng,Nội thất đầy đủ,,,,Đã bàn giao,Chung cư,,,,,,,,,,,,
2025-10-04T00:33:58.590081,Cập nhật 9 ngày trước,"7,75 tỷ","Nhà ngõ, hẻm",31 m²,155 m²,250 triệu/m²,Đã có sổ,3 phòng,,Nội thất đầy đủ,4.3 m,7.2 m,5.0,,,Nhà nở hậu,,,,,,,,,,,
2025-10-04T00:34:01.567443,Cập nhật 9 ngày trước,"5,1 tỷ","Nhà ngõ, hẻm",32 m²,,"159,38 triệu/m²",Đã có sổ,3 phòng,,,,,,,,,,,,,,,,,,,
2025-10-04T00:34:04.362808,Cập nhật 8 ngày trước,"7,8 tỷ","Nhà ngõ, hẻm",30 m²,,260 triệu/m²,Đã có sổ,3 phòng,,Nội thất đầy đủ,,,5.0,,,,,,,,,,,,,,
2025-10-04T00:34:07.897306,Cập nhật 7 ngày trước,"7,99 tỷ","Nhà ngõ, hẻm",38 m²,190 m²,"210,26 triệu/m²",Đã có sổ,3 phòng,4 phòng,Nội thất đầy đủ,4.4 m,,5.0,,,,,,,,,,,,,,
2025-10-04T00:34:09.348951,Cập nhật 8 ngày trước,"10,7 tỷ",Nhà phố liền kề,50 m²,,214 triệu/m²,Đã có sổ,4 phòng,,Nội thất cao cấp,,,5.0,,,Hẻm xe hơi,,,,,,,,,,,
2025-10-04T00:34:09.914069,Cập nhật 8 ngày trước,"1,99 tỷ",,50 m²,,"39,80 triệu/m²",Hợp đồng mua bán,2 phòng,1 phòng,Nội thất cao cấp,,,,Đã bàn giao,"Căn hộ dịch vụ, mini",,,,,,5.0,,,,,,
2025-10-04T00:34:11.143947,Cập nhật 2 giờ trước,"5,5 tỷ","Nhà ngõ, hẻm",31 m²,150 m²,"177,42 triệu/m²",Đã có sổ,3 phòng,4 phòng,Nội thất đầy đủ,3.4 m,9 m,5.0,,,Hẻm xe hơi Nhà nở hậu,,,Đông,,,,,,,,
2025-10-04T00:34:13.174050,Cập nhật 9 ngày trước,"14,5 tỷ","Nhà mặt phố, mặt tiền",70 m²,,"207,14 triệu/m²",Đã có sổ,4 phòng,5 phòng,Hoàn thiện cơ bản,5 m,15 m,6.0,,,Hẻm xe hơi,,,,,,,,,,,
2025-10-04T00:34:16.950143,Cập nhật 7 ngày trước,"4,65 tỷ","Nhà ngõ, hẻm",23 m²,23 m²,"202,17 triệu/m²",Đã có sổ,3 phòng,4 phòng,Nội thất đầy đủ,3.3 m,8 m,5.0,,,Hẻm xe hơi Nhà nở hậu,,,Đông Nam,,,02,,,,,
2025-10-04T00:34:17.254493,Cập nhật 8 ngày trước,"5,9 tỷ","Nhà ngõ, hẻm",28 m²,,"210,71 triệu/m²",Đã có sổ,3 phòng,4 phòng,Hoàn thiện cơ bản,,,5.0,,,Nhà nở hậu,,,,,,,,,,,
2025-10-04T00:34:20.027934,Cập nhật 9 ngày trước,"9,5 tỷ","Nhà ngõ, hẻm",42 m²,180 m²,"226,19 triệu/m²",Đã có sổ,4 phòng,3 phòng,Hoàn thiện cơ bản,4 m,10.5 m,5.0,,,Hẻm xe hơi,,,Đông Nam,,,,,,,,
2025-10-04T00:34:22.523590,Cập nhật 7 ngày trước,800 triệu,,52 m²,,"15,38 triệu/m²",Hợp đồng đặt cọc,2 phòng,1 phòng,Nội thất cao cấp,,,,Đã bàn giao,"Căn hộ dịch vụ, mini",,,,Nam,,,,Đông Nam,,,,
2025-10-04T00:34:25.420206,Cập nhật 8 ngày trước,7 tỷ,"Nhà ngõ, hẻm",40 m²,,175 triệu/m²,Đã có sổ,4 phòng,4 phòng,Nội thất cao cấp,,,4.0,,,Nhà nở hậu,,,,,,,,,,,
2025-10-04T00:34:26.479493,Cập nhật 7 ngày trước,"13,5 tỷ","Nhà mặt phố, mặt tiền",28 m²,,"482,14 triệu/m²",Đã có sổ,4 phòng,4 phòng,,,,5.0,,,,,,,,,,,,,,
2025-10-04T00:34:29.893230,Cập nhật 8 ngày trước,"4,7 tỷ","Nhà ngõ, hẻm",31 m²,,"151,61 triệu/m²",Đã có sổ,3 phòng,,,,,,,,,,,,,,,,,,,
2025-10-04T00:34:30.127836,Cập nhật 8 ngày trước,860 triệu,,100 m²,,"8,60 triệu/m²",Đã có sổ,,,,,,,,,Mặt tiền Nở hậu Thổ cư toàn bộ,Đất thổ cư,,,,,,,,,,
2025-10-04T00:34:31.521790,Cập nhật 9 ngày trước,"7,5 tỷ","Nhà ngõ, hẻm",36 m²,36 m²,"208,33 triệu/m²",Đã có sổ,3 phòng,3 phòng,,42 m,,4.0,,,Hẻm xe hơi,,,,,,,,,,,
2025-10-04T00:34:36.087044,Cập nhật 8 ngày trước,"8,3 tỷ","Nhà ngõ, hẻm",55 m²,55 m²,"150,91 triệu/m²",Đã có sổ,4 phòng,,Nội thất đầy đủ,,,3.0,,,,,,,,,,,,,,
2025-10-04T00:34:36.040282,Cập nhật 8 ngày trước,"4,2 tỷ",,42 m²,,100 triệu/m²,Đã có sổ,,,,4.3 m,11 m,,,,Mặt tiền,Đất thổ cư,m²,,,,,,,,,
2025-10-04T00:34:38.020716,Cập nhật 8 ngày trước,"38,6 tỷ","Nhà mặt phố, mặt tiền",203 m²,203 m²,"190,15 triệu/m²",Đã có sổ,8 phòng,Nhiều hơn 6 phòng,,,,4.0,,,,,,,,,,,,,,
2025-10-04T00:34:38.606735,Cập nhật 5 ngày trước,31 tỷ,"Nhà mặt phố, mặt tiền",55 m²,,"563,64 triệu/m²",Đã có sổ,3 phòng,Nhiều hơn 6 phòng,,5.3 m,,4.0,,,,,,,,,,,,,,
2025-10-04T00:34:40.714068,Cập nhật 1 ngày trước,"5,5 tỷ","Nhà ngõ, hẻm",25 m²,,220 triệu/m²,Đã có sổ,3 phòng,3 phòng,Nội thất đầy đủ,,,4.0,,,Nhà nở hậu,,,,,,,,,,,
2025-10-04T00:34:45.019284,Cập nhật 7 ngày trước,"7,7 tỷ","Nhà mặt phố, mặt tiền",54 m²,54 m²,"142,59 triệu/m²",Đã có sổ,3 phòng,,Nội thất đầy đủ,,,,,,,,,,,,,,,,,
2025-10-04T00:34:45.022009,Cập nhật 2 ngày trước,"9,8 tỷ","Nhà mặt phố, mặt tiền",157 m²,,"62,42 triệu/m²",Đã có sổ,4 phòng,4 phòng,Nội thất đầy đủ,,,3.0,,,,,,,,,,,,,,
2025-10-04T00:34:47.123235,Cập nhật 9 ngày trước,"14,89 tỷ","Nhà ngõ, hẻm",49 m²,225 m²,"303,88 triệu/m²",Đã có sổ,4 phòng,4 phòng,Nội thất đầy đủ,4 m,,4.0,,,Hẻm xe hơi,,,,,,,,,,,
2025-10-04T00:34:51.603721,Cập nhật 7 ngày trước,"5,1 tỷ","Nhà ngõ, hẻm",37 m²,,"137,84 triệu/m²",Đã có sổ,3 phòng,4 phòng,Nội thất đầy đủ,4 m,,4.0,,,Nhà nở hậu,,,,,,,,,,,
2025-10-04T00:34:53.289784,Cập nhật 2 ngày trước,"1,9 tỷ",,50 m²,,38 triệu/m²,Sổ hồng riêng,2 phòng,2 phòng,Nội thất đầy đủ,,,,Chưa bàn giao,"Căn hộ dịch vụ, mini",,,,Đông Bắc,,,,Đông Bắc,,,,
2025-10-04T00:34:53.481990,Cập nhật 9 ngày trước,"7,4 tỷ","Nhà ngõ, hẻm",40 m²,,185 triệu/m²,Đã có sổ,3 phòng,,,,,,,,,,,,,,,,,,,
2025-10-04T00:34:55.933145,Cập nhật 7 ngày trước,"7,6 tỷ","Nhà ngõ, hẻm",36 m²,,"211,11 triệu/m²",Đã có sổ,3 phòng,4 phòng,Nội thất đầy đủ,,,5.0,,,Nhà nở hậu Hẻm xe hơi,,,,,,,,,,,
2025-10-04T00:34:56.260391,Cập nhật 8 ngày trước,"8,5 tỷ","Nhà ngõ, hẻm",36 m²,,"236,11 triệu/m²",Đã có sổ,5 phòng,,,,,,,,,,,,,,,,,,,
2025-10-04T00:35:02.110748,Cập nhật 9 ngày trước,"7,4 tỷ",,87 m²,,"85,06 triệu/m²",Đã có sổ,,,,6 m,,,,,Mặt tiền Thổ cư toàn bộ,Đất thổ cư,,,,,,,,,,
2025-10-04T00:35:02.225627,Cập nhật 9 ngày trước,"6,6 tỷ","Nhà ngõ, hẻm",33 m²,,200 triệu/m²,Đã có sổ,3 phòng,2 phòng,,,,,,,,,,,,,,,,,,
2025-10-04T00:35:05.063498,Cập nhật 9 ngày trước,9 tỷ,"Nhà ngõ, hẻm",32 m²,32 m²,"281,25 triệu/m²",Đã có sổ,5 phòng,,Nội thất đầy đủ,,,6.0,,,,,,,,,,,,,,
2025-10-04T00:35:05.349640,Cập nhật 4 ngày trước,"13,2 tỷ",Nhà phố liền kề,60 m²,60 m²,220 triệu/m²,Đã có sổ,5 phòng,5 phòng,Nội thất đầy đủ,3.8 m,,6.0,,,Hẻm xe hơi Nhà nở hậu,,,,,,,,,,,
2025-10-04T00:35:07.803989,Cập nhật 6 ngày trước,"6,8 tỷ","Nhà ngõ, hẻm",32 m²,,"212,50 triệu/m²",Đã có sổ,4 phòng,4 phòng,Nội thất đầy đủ,3.5 m,,4.0,,,,,,,,,,,,,,
2025-10-04T00:35:10.352512,Cập nhật 9 ngày trước,"2,55 tỷ",,60 m²,,"42,50 triệu/m²",Hợp đồng mua bán,3 phòng,1 phòng,Nội thất cao cấp,,,,Đã bàn giao,"Căn hộ dịch vụ, mini",,,,,,5.0,,,,,,
2025-10-04T00:35:10.470983,Cập nhật 7 ngày trước,"16,85 tỷ","Nhà ngõ, hẻm",40 m²,,"421,25 triệu/m²",Đã có sổ,4 phòng,,,,,,,,Hẻm xe hơi,,,,,,,,,,,
2025-10-04T00:35:14.992060,Cập nhật 7 ngày trước,"4,89 tỷ",,47 m²,,"104,04 triệu/m²",Đã có sổ,,,,3.8 m,,,,,Mặt tiền Hẻm xe hơi Nở hậu Thổ cư toàn bộ,Đất thổ cư,,,,,,,,,,
2025-10-04T00:35:16.058263,Cập nhật 8 ngày trước,"13,8 tỷ","Nhà mặt phố, mặt tiền",52 m²,54 m²,"265,38 triệu/m²",Đã có sổ,4 phòng,3 phòng,Hoàn thiện cơ bản,3.6 m,15 m,4.0,,,Hẻm xe hơi Nhà nở hậu,,,,,,,,,,,
2025-10-04T00:35:18.888511,Cập nhật 7 ngày trước,"4,7 tỷ",,100 m²,,47 triệu/m²,Sổ hồng riêng,3 phòng,2 phòng,Nội thất đầy đủ,,,,Đã bàn giao,"Tập thể, cư xá",,,,,,3.0,,,,Căn góc,,
2025-10-04T00:35:18.583179,Cập nhật 7 ngày trước,"8,75 tỷ","Nhà ngõ, hẻm",40 m²,,"218,75 triệu/m²",Đã có sổ,4 phòng,,,,,,,,,,,,,,,,,,,
2025-10-04T00:35:20.699702,Cập nhật 9 ngày trước,"27,4 tỷ",Nhà phố liền kề,85 m²,,"322,35 triệu/m²",Đã có sổ,4 phòng,,Nội thất cao cấp,5 m,,,,,Hẻm xe hơi,,,,,,,,,,,
2025-10-04T00:35:24.647026,Cập nhật 4 giờ trước,"7,9 tỷ","Nhà ngõ, hẻm",35 m²,35 m²,"225,71 triệu/m²",Đã có sổ,7 phòng,4 phòng,,,,5.0,,,Nhà nở hậu,,,,,,,,,,,
2025-10-04T00:35:25.213005,Cập nhật 7 ngày trước,"3,845 tỷ","Nhà ngõ, hẻm",40 m²,,"96,12 triệu/m²",Đã có sổ,4 phòng,,,,,,,,,,,,,,,,,,,
2025-10-04T00:35:27.060682,Cập nhật 7 ngày trước,"7,3 tỷ","Nhà ngõ, hẻm",47 m²,,"155,32 triệu/m²",Đã có sổ,4 phòng,,Nội thất cao cấp,,,,,,,,,,,,,,,,,
2025-10-04T00:35:27.656338,Cập nhật 8 ngày trước,"9,5 tỷ","Nhà ngõ, hẻm",40 m²,40 m²,"237,50 triệu/m²",Đã có sổ,4 phòng,5 phòng,Nội thất cao cấp,7.9 m,,6.0,,,Hẻm xe hơi Nhà nở hậu,,,Đông Nam,,,,,,,,
2025-10-02T23:48:00.354209,Cập nhật 7 ngày trước,"3,5 tỷ",,68 m²,,"51,47 triệu/m²",Sổ hồng riêng,2 phòng,1 phòng,Nội thất đầy đủ,,,,Đã bàn giao,"Tập thể, cư xá",,,,,,,,,,,,
2025-10-02T23:48:00.944912,Cập nhật 6 ngày trước,"4,19 tỷ",,42 m²,,"99,76 triệu/m²",Đã có sổ,,,,4.5 m,10 m,,,,Mặt tiền Hẻm xe hơi Thổ cư toàn bộ,Đất thổ cư,,Nam,,,,,,,,
2025-10-02T23:48:00.567113,Cập nhật 16 giờ trước,"20,5 tỷ","Nhà mặt phố, mặt tiền",58 m²,,"353,45 triệu/m²",Đã có sổ,10 phòng,Nhiều hơn 6 phòng,Nội thất đầy đủ,,,7.0,,,,,,,,,,,,,,
2025-10-02T23:48:01.900192,Cập nhật 6 ngày trước,"10,9 tỷ",,84 m²,,"129,76 triệu/m²",Đã có sổ,,,,4 m,21 m,,,,Mặt tiền,Đất thổ cư,m²,,,,Mặt đường đại áng,,414,,,
2025-10-02T23:48:02.279998,Cập nhật 7 ngày trước,7 tỷ,"Nhà ngõ, hẻm",20 m²,,350 triệu/m²,Đã có sổ,3 phòng,,Nội thất đầy đủ,,,,,,,,,,,,,,,,,
2025-10-02T23:48:10.148097,Cập nhật 7 ngày trước,"7,1 tỷ","Nhà ngõ, hẻm",34 m²,,"208,82 triệu/m²",Đã có sổ,3 phòng,,,,,,,,,,,,,,,,,,,
2025-10-02T23:48:10.532962,Cập nhật 8 ngày trước,"3,9 tỷ",,60 m²,,65 triệu/m²,Đang chờ sổ,2 phòng,,,,,,Đã bàn giao,Chung cư,,,,,,,,,,,,
2025-10-02T23:48:10.644747,Cập nhật 8 ngày trước,58 tỷ,"Nhà mặt phố, mặt tiền",90 m²,,"644,44 triệu/m²",Đã có sổ,4 phòng,,Nội thất đầy đủ,5.5 m,,,,,Hẻm xe hơi,,,,,,,,,,,
2025-10-02T23:48:11.771734,Cập nhật 6 ngày trước,"4,95 tỷ","Nhà mặt phố, mặt tiền",42 m²,,"117,86 triệu/m²",Đã có sổ,4 phòng,,,,,,,,,,,,,,,,,,,
2025-10-02T23:48:11.842634,Cập nhật 7 ngày trước,4 tỷ,"Nhà ngõ, hẻm",32 m²,32 m²,125 triệu/m²,Giấy tờ viết tay,3 phòng,2 phòng,,,,3.0,,,,,,,,,,,,,,
2025-10-02T23:48:18.813525,Cập nhật 7 ngày trước,"7,4 tỷ","Nhà ngõ, hẻm",33 m²,,"224,24 triệu/m²",Đã có sổ,4 phòng,,,,,,,,,,,,,,,,,,,
2025-10-02T23:48:20.014322,Cập nhật 3 ngày trước,19 tỷ,,70 m²,,"271,43 triệu/m²",Đã có sổ,,,,5 m,14 m,,,,Hẻm xe hơi,Đất thổ cư,,Nam,,,,,,,,
2025-10-02T23:48:20.024990,Cập nhật 7 ngày trước,"11,2 tỷ",,104 m²,,"107,69 triệu/m²",Sổ hồng riêng,3 phòng,2 phòng,Nội thất cao cấp,,,,Đã bàn giao,Chung cư,,,,,,,,,,Căn góc,,
2025-10-02T23:48:23.993238,Cập nhật 5 ngày trước,"3,85 tỷ",,75 m²,,"51,33 triệu/m²",Sổ hồng riêng,2 phòng,2 phòng,Nội thất cao cấp,,,,Đã bàn giao,"Tập thể, cư xá",,,,,,,,,,,,
2025-10-02T23:48:22.975420,Cập nhật 8 ngày trước,"7,48 tỷ","Nhà ngõ, hẻm",32.7 m²,39 m²,"228,75 triệu/m²",Đã có sổ,3 phòng,3 phòng,Nội thất đầy đủ,8.7 m,3.7 m,3.0,,,Nhà nở hậu Hẻm xe hơi,,,Đông,,,,,,,,
2025-10-02T23:48:26.885017,Cập nhật 5 ngày trước,"16,9 tỷ","Nhà ngõ, hẻm",60 m²,60 m²,"281,67 triệu/m²",Đã có sổ,4 phòng,,,5.12 m,,6.0,,,Hẻm xe hơi Nhà nở hậu,,,,,,,,,,,
2025-10-02T23:48:29.267003,Cập nhật 6 ngày trước,"4,45 tỷ","Nhà ngõ, hẻm",59 m²,59 m²,"75,42 triệu/m²",Đang chờ sổ,2 phòng,2 phòng,Hoàn thiện cơ bản,4.5 m,,3.0,,,,,,,,,,,,,,
2025-10-02T23:48:29.563157,Cập nhật 6 ngày trước,7 tỷ,,50 m²,,140 triệu/m²,Đã có sổ,,,,5.2 m,,,,,Hẻm xe hơi Nở hậu,Đất thổ cư,m²,,,,,,,,,
2025-10-02T23:48:34.554606,Cập nhật 3 ngày trước,4 tỷ,,100 m²,,40 triệu/m²,Sổ hồng riêng,4 phòng,2 phòng,Nội thất đầy đủ,,,,Đã bàn giao,"Tập thể, cư xá",,,,,,,,,,,,
2025-10-02T23:48:35.988304,Cập nhật 7 ngày trước,"10,9 tỷ","Nhà ngõ, hẻm",50 m²,50 m²,218 triệu/m²,Đã có sổ,5 phòng,4 phòng,,4 m,12.5 m,,,,,,,,,,,,,,,
2025-10-02T23:48:40.385867,Cập nhật 7 ngày trước,"7,1 tỷ","Nhà ngõ, hẻm",32 m²,,"221,88 triệu/m²",Đã có sổ,4 phòng,,,,,,,,,,,,,,,,,,,
2025-10-02T23:48:45.291353,Cập nhật 7 ngày trước,"14,6 tỷ","Nhà mặt phố, mặt tiền",40 m²,40 m²,365 triệu/m²,Đã có sổ,4 phòng,4 phòng,Nội thất đầy đủ,4 m,,4.0,,,Hẻm xe hơi,,,,,,,,,,,
2025-10-02T23:48:46.671972,Cập nhật 7 ngày trước,"16,5 tỷ","Nhà ngõ, hẻm",65 m²,,"253,85 triệu/m²",Đã có sổ,3 phòng,2 phòng,,6.5 m,10 m,3.0,,,Hẻm xe hơi,,,,,,,,,,,
2025-10-02T23:48:49.687804,Cập nhật 8 ngày trước,"8,68 tỷ","Nhà ngõ, hẻm",36 m²,36 m²,"241,11 triệu/m²",Đã có sổ,4 phòng,,,,,,,,,,,,,,,,,,,
2025-10-02T23:48:53.175340,Cập nhật 6 ngày trước,"7,1 tỷ","Nhà ngõ, hẻm",30 m²,30 m²,"236,67 triệu/m²",Đã có sổ,3 phòng,4 phòng,Nội thất cao cấp,3.8 m,7 m,5.0,,,Hẻm xe hơi,,,,,,,,,,,
2025-10-02T23:48:52.985838,Cập nhật 8 ngày trước,"6,8 tỷ",,35 m²,,"194,29 triệu/m²",Đã có sổ,,,,3.5 m,10 m,,,,,Đất thổ cư,,Đông Nam,,,,,,,,
2025-10-02T23:48:57.129427,Cập nhật 7 ngày trước,"8,2 tỷ","Nhà mặt phố, mặt tiền",45 m²,,"182,22 triệu/m²",Đã có sổ,4 phòng,,,,,,,,,,,,,,,,,,,
2025-10-02T23:48:57.506832,Cập nhật 6 ngày trước,"12,6 tỷ","Nhà ngõ, hẻm",53 m²,,"237,74 triệu/m²",Đã có sổ,4 phòng,,,,,,,,Hẻm xe hơi,,,,,,,,,,,
2025-10-02T23:49:03.136214,Cập nhật 6 ngày trước,"9,79 tỷ",,70 m²,,"139,86 triệu/m²",Đã có sổ,,,,,,,,,,Đất thổ cư,,,,,,,,,,
2025-10-02T23:49:03.675627,Cập nhật 6 ngày trước,"7,65 tỷ","Nhà ngõ, hẻm",39 m²,,"196,15 triệu/m²",Đã có sổ,5 phòng,,,,,,,,,,,,,,,,,,,
2025-10-02T23:49:07.510456,Cập nhật 8 ngày trước,"8,75 tỷ","Nhà ngõ, hẻm",50 m²,,175 triệu/m²,Đã có sổ,4 phòng,4 phòng,Nội thất đầy đủ,,,5.0,,,,,,,,,,,,,,
2025-10-02T23:49:07.612287,Cập nhật 5 ngày trước,"5,99 tỷ",,80 m²,,"74,88 triệu/m²",Đã có sổ,,,,6 m,13 m,,,,Mặt tiền Hẻm xe hơi Thổ cư toàn bộ,Đất thổ cư,,Nam,,,,,,,,
2025-10-02T23:49:07.789517,Cập nhật 8 ngày trước,"9,5 tỷ","Nhà ngõ, hẻm",36 m²,,"263,89 triệu/m²",Đã có sổ,4 phòng,,Nội thất cao cấp,,,6.0,,,,,,,,,,,,,,
2025-10-02T23:49:13.503897,Cập nhật 6 ngày trước,"4,1 tỷ","Nhà ngõ, hẻm",35 m²,,"117,14 triệu/m²",Đã có sổ,3 phòng,3 phòng,Nội thất cao cấp,,,,,,,,,,,,,,,,,
2025-10-02T23:49:13.897829,Cập nhật 6 ngày trước,"21,5 tỷ","Nhà ngõ, hẻm",56 m²,,"383,93 triệu/m²",Đã có sổ,4 phòng,,Nội thất cao cấp,5.6 m,,8.0,,,Hẻm xe hơi,,,,,,,,,,,
2025-10-02T23:49:17.564066,Cập nhật 6 ngày trước,"8,9 tỷ","Nhà ngõ, hẻm",50 m²,,178 triệu/m²,Đã có sổ,5 phòng,,,,,6.0,,,,,,,,,,,,,,
2025-10-02T23:49:18.185562,Cập nhật 7 ngày trước,"6,55 tỷ","Nhà ngõ, hẻm",52 m²,,"125,96 triệu/m²",Đã có sổ,4 phòng,4 phòng,,,,5.0,,,,,,,,,,,,,,
2025-10-02T23:49:19.328222,Cập nhật 6 ngày trước,"6,8 tỷ",,55 m²,,"123,64 triệu/m²",Đã có sổ,,,,,,,,,,Đất thổ cư,m²,,,,,,,,,
2025-10-02T23:49:23.387019,Cập nhật 6 ngày trước,"6,75 tỷ","Nhà ngõ, hẻm",40 m²,,"168,75 triệu/m²",Đã có sổ,4 phòng,4 phòng,Nội thất đầy đủ,,,5.0,,,,,,,,,,,,,,
2025-10-02T23:49:24.532323,Cập nhật 1 ngày trước,"8,9 tỷ","Nhà ngõ, hẻm",71 m²,71 m²,"125,35 triệu/m²",Đã có sổ,4 phòng,4 phòng,Hoàn thiện cơ bản,4 m,18 m,4.0,,,Nhà nở hậu,,,Tây Nam,,,,,,,,
2025-10-02T23:49:26.690023,Cập nhật 7 ngày trước,"7,7 tỷ","Nhà ngõ, hẻm",45 m²,,"171,11 triệu/m²",Đã có sổ,4 phòng,,,,,,,,,,,,,,,,,,,
2025-10-02T23:49:28.903473,Cập nhật 7 ngày trước,19 tỷ,"Nhà mặt phố, mặt tiền",52 m²,,"365,38 triệu/m²",Đã có sổ,4 phòng,,,,,,,,,,,,,,,,,,,
2025-10-02T23:49:28.711149,Cập nhật 7 ngày trước,"7,3 tỷ","Nhà ngõ, hẻm",30 m²,,"243,33 triệu/m²",Đã có sổ,3 phòng,3 phòng,Nội thất đầy đủ,4 m,,5.0,,,,,,,,,,,,,,
2025-10-02T23:49:33.093730,Cập nhật 7 ngày trước,"7,2 tỷ","Nhà ngõ, hẻm",30 m²,,240 triệu/m²,Đã có sổ,3 phòng,4 phòng,Nội thất đầy đủ,,,6.0,,,Nhà nở hậu,,,,,,,,,,,
2025-10-02T23:49:35.448033,Cập nhật 7 ngày trước,7 tỷ,"Nhà ngõ, hẻm",33 m²,,"212,12 triệu/m²",Đã có sổ,4 phòng,4 phòng,Nội thất đầy đủ,4 m,8 m,5.0,,,Nhà nở hậu,,,Đông Bắc,,,,,,,,
2025-10-02T23:49:38.834494,Cập nhật 10 giờ trước,"4,2 tỷ",,50 m²,,84 triệu/m²,Đã có sổ,,,,,,,,,Mặt tiền Hẻm xe hơi Thổ cư toàn bộ,Đất thổ cư,,,,,,,,,,
2025-10-02T23:49:40.272579,Cập nhật 3 ngày trước,"7,48 tỷ","Nhà ngõ, hẻm",46 m²,46 m²,"162,61 triệu/m²",Đã có sổ,3 phòng,3 phòng,Nội thất đầy đủ,4.1 m,,4.0,,,Nhà nở hậu,,,,,,,,,,,
2025-10-02T23:49:42.722473,Cập nhật 8 ngày trước,"7,8 tỷ","Nhà ngõ, hẻm",36 m²,,"216,67 triệu/m²",Đã có sổ,4 phòng,,Nội thất cao cấp,,,4.0,,,Hiện trạng khác,,,,,,,,,,,
2025-10-02T23:49:45.129143,Cập nhật 7 ngày trước,22 tỷ,,90 m²,,"244,44 triệu/m²",Đã có sổ,,,,,,,,,,,,,Văn phòng,,,,,,,
2025-10-02T23:49:48.687006,Cập nhật 6 ngày trước,6 tỷ,,76 m²,,"78,95 triệu/m²",Sổ hồng riêng,2 phòng,1 phòng,Nội thất đầy đủ,,,,Đã bàn giao,Chung cư,,,,Đông Bắc,,,,Tây Nam,,Căn góc,,
2025-10-02T23:49:49.415567,Cập nhật 7 ngày trước,"15,8 tỷ","Nhà mặt phố, mặt tiền",75 m²,75 m²,"210,67 triệu/m²",Đã có sổ,6 phòng,,Hoàn thiện cơ bản,4 m,,7.0,,,,,,,,,,,,,,
2025-10-02T23:49:53.889569,Cập nhật 8 ngày trước,9 tỷ,"Nhà ngõ, hẻm",52 m²,52 m²,"173,08 triệu/m²",Đã có sổ,6 phòng,5 phòng,Nội thất đầy đủ,,,5.0,,,Hẻm xe hơi,,,,,,,,,,,
2025-10-02T23:49:54.043641,Cập nhật 5 ngày trước,13 tỷ,Nhà phố liền kề,45 m²,45 m²,"288,89 triệu/m²",Đã có sổ,5 phòng,4 phòng,,3.8 m,,5.0,,,Hẻm xe hơi Nhà nở hậu,,,,,,,,,,,
2025-10-02T23:49:58.429991,Cập nhật 7 ngày trước,"7,6 tỷ","Nhà mặt phố, mặt tiền",47 m²,,"161,70 triệu/m²",Đã có sổ,4 phòng,,,,,,,,,,,,,,,,,,,
2025-10-02T23:50:02.964401,Cập nhật 6 ngày trước,"37,5 tỷ","Nhà mặt phố, mặt tiền",52 m²,300 m²,"721,15 triệu/m²",Đã có sổ,6 phòng,6 phòng,,3.2 m,,6.0,,,Hẻm xe hơi,,,,,,,,,,,
2025-10-02T23:50:03.483370,Cập nhật 8 ngày trước,"8,99 tỷ","Nhà ngõ, hẻm",36 m²,36 m²,"249,72 triệu/m²",Đã có sổ,3 phòng,4 phòng,Nội thất cao cấp,4 m,9 m,5.0,,,Hẻm xe hơi Nhà nở hậu,,,,,,,,,,,
2025-10-02T23:50:07.465896,Cập nhật 4 ngày trước,"7,9 tỷ","Nhà mặt phố, mặt tiền",16 m²,,"493,75 triệu/m²",Đã có sổ,3 phòng,,,,,5.0,,,Nhà dính quy hoạch / lộ giới,,,,,,,,,,,
2025-10-02T23:50:08.461844,Cập nhật 6 ngày trước,"1,8 tỷ",,42 m²,,"42,86 triệu/m²",Đã có sổ,,,,4.4 m,9.8 m,,,,,Đất thổ cư,m²,,,,,,,,,
2025-10-02T23:50:12.698579,Cập nhật 5 ngày trước,"9,5 tỷ",,115 m²,,"82,61 triệu/m²",Sổ hồng riêng,3 phòng,2 phòng,Nội thất cao cấp,,,,Chưa bàn giao,Chung cư,,,,Nam,,,,Bắc,,,,
2025-10-02T23:50:17.004595,Cập nhật 7 ngày trước,"13,755 tỷ","Nhà ngõ, hẻm",55 m²,60 m²,"250,09 triệu/m²",Đã có sổ,6 phòng,5 phòng,Nội thất đầy đủ,,,5.0,,,Nhà nở hậu,,,,,,,,,,,
2025-10-02T23:50:17.076230,Cập nhật 7 ngày trước,"7,89 tỷ","Nhà ngõ, hẻm",40 m²,,"197,25 triệu/m²",Đã có sổ,3 phòng,,,,,,,,,,,,,,,,,,,
2025-10-02T23:50:22.375759,Cập nhật 7 ngày trước,"8,3 tỷ","Nhà mặt phố, mặt tiền",45 m²,,"184,44 triệu/m²",Đã có sổ,4 phòng,,,,,,,,,,,,,,,,,,,
2025-10-02T23:50:22.574142,Cập nhật 3 giờ trước,"9,5 tỷ","Nhà ngõ, hẻm",45 m²,45 m²,"211,11 triệu/m²",Đã có sổ,6 phòng,4 phòng,,,,5.0,,,Nhà nở hậu,,,,,,,,,,,
2025-10-02T23:50:24.270563,Cập nhật 8 ngày trước,"5,4 tỷ",,65 m²,,"83,08 triệu/m²",Sổ hồng riêng,2 phòng,2 phòng,Nội thất cao cấp,,,,Đã bàn giao,Chung cư,,,,,,,,Đông Nam,,,,
2025-10-02T23:50:26.487745,Cập nhật 6 ngày trước,12 tỷ,"Nhà ngõ, hẻm",60 m²,,200 triệu/m²,Đã có sổ,nhiều hơn 10 phòng,,Nội thất đầy đủ,,,,,,Hẻm xe hơi Nhà nở hậu,,,,,,,,,,,
2025-10-02T23:50:26.482744,Cập nhật 7 ngày trước,"11,5 tỷ","Nhà ngõ, hẻm",40 m²,,"287,50 triệu/m²",Đã có sổ,4 phòng,4 phòng,Nội thất cao cấp,,,5.0,,,Hẻm xe hơi Nhà nở hậu,,,,,,,,,,,
2025-10-02T23:50:31.803742,Cập nhật 7 ngày trước,"6,1 tỷ","Nhà ngõ, hẻm",37 m²,91 m²,"164,86 triệu/m²",Đã có sổ,2 phòng,2 phòng,Hoàn thiện cơ bản,,,3.0,,,,,,Tây Bắc,,,,,,,,
2025-10-02T23:50:33.270397,Cập nhật 8 ngày trước,"10,7 tỷ","Nhà ngõ, hẻm",40 m²,200 m²,"267,50 triệu/m²",Đã có sổ,6 phòng,4 phòng,Nội thất cao cấp,3.2 m,13 m,5.0,,,Hẻm xe hơi,,,Tây Bắc,,,,,,,,
2025-10-02T23:50:35.984945,Cập nhật 8 ngày trước,"7,9 tỷ","Nhà ngõ, hẻm",54 m²,54 m²,"146,30 triệu/m²",Đã có sổ,3 phòng,3 phòng,Nội thất cao cấp,4 m,,3.0,,,Hẻm xe hơi,,,,,,,,,,,
2025-10-02T23:50:37.033711,Cập nhật 6 ngày trước,9 tỷ,"Nhà ngõ, hẻm",42 m²,,"214,29 triệu/m²",Đã có sổ,6 phòng,4 phòng,Nội thất đầy đủ,,,5.0,,,,,,,,,,,,,,
2025-10-02T23:50:41.496596,Cập nhật 7 ngày trước,"11,7 tỷ",,129 m²,,"90,70 triệu/m²",Sổ hồng riêng,3 phòng,,Hoàn thiện cơ bản,,,,Chưa bàn giao,Chung cư,,,,,,20.0,Lavish,Đông,SM2 20-04,,,
2025-10-02T23:50:46.307978,Cập nhật 6 ngày trước,"7,2 tỷ","Nhà ngõ, hẻm",43 m²,,"167,44 triệu/m²",Đã có sổ,3 phòng,,,,,,,,,,,,,,,,,,,
2025-10-02T23:50:46.363603,Cập nhật 6 ngày trước,"5,9 tỷ","Nhà ngõ, hẻm",25 m²,,236 triệu/m²,Đã có sổ,3 phòng,,,,,,,,,,,,,,,,,,,
2025-10-02T23:50:55.851362,Cập nhật 8 ngày trước,"10,5 tỷ","Nhà ngõ, hẻm",42 m²,,250 triệu/m²,Đã có sổ,5 phòng,,Nội thất đầy đủ,4.2 m,10 m,5.0,,,Nhà nở hậu,,,,,,,,,,,
2025-10-02T23:50:58.457050,Cập nhật 7 ngày trước,7 tỷ,"Nhà ngõ, hẻm",30 m²,32 m²,"233,33 triệu/m²",Đã có sổ,3 phòng,4 phòng,,3.7 m,,5.0,,,,,,,,,,,,,,
2025-10-02T23:50:59.271164,Cập nhật 6 ngày trước,"5,5 tỷ",,60 m²,,"91,67 triệu/m²",Sổ hồng riêng,3 phòng,2 phòng,Nội thất đầy đủ,,,,Đã bàn giao,Chung cư,,,,Bắc,,,,Nam,,Căn góc,,
2025-10-02T23:51:02.048600,Cập nhật 6 ngày trước,"4,3 tỷ","Nhà ngõ, hẻm",44 m²,46 m²,"97,73 triệu/m²",Đã có sổ,3 phòng,2 phòng,Hoàn thiện cơ bản,6 m,7 m,3.0,,,Hẻm xe hơi Hiện trạng khác,,,Nam,,,,,,,,
2025-10-02T23:51:02.497675,Cập nhật 1 ngày trước,"14,8 tỷ","Nhà ngõ, hẻm",70 m²,70 m²,"211,43 triệu/m²",Đã có sổ,3 phòng,4 phòng,Nội thất đầy đủ,4 m,18 m,6.0,,,Hẻm xe hơi Nhà nở hậu,,,Tây Nam,,,,,,,,
2025-10-02T23:51:06.528959,Cập nhật 6 ngày trước,"42,5 tỷ",Nhà biệt thự,155 m²,,"274,19 triệu/m²",Đã có sổ,4 phòng,4 phòng,Nội thất đầy đủ,9 m,17.2 m,4.0,,,,,,,,,,,,,,
2025-10-02T23:51:07.783369,Cập nhật 7 ngày trước,"13,9 tỷ","Nhà ngõ, hẻm",64 m²,,"217,19 triệu/m²",Đã có sổ,nhiều hơn 10 phòng,Nhiều hơn 6 phòng,Nội thất đầy đủ,5 m,12.8 m,,,,,,,,,,,,,,,
2025-10-02T23:51:11.837162,Cập nhật 7 ngày trước,"7,9 tỷ","Nhà mặt phố, mặt tiền",43 m²,,"183,72 triệu/m²",Đã có sổ,4 phòng,,,,,,,,,,,,,,,,,,,
2025-10-02T23:51:14.799303,Cập nhật 7 ngày trước,"8,05 tỷ","Nhà ngõ, hẻm",37 m²,,"217,57 triệu/m²",Đã có sổ,3 phòng,,Nội thất cao cấp,,,5.0,,,,,,,,,,,,,,
2025-10-02T23:51:15.933454,Cập nhật 4 giờ trước,"7,3 tỷ","Nhà ngõ, hẻm",41 m²,35 m²,"178,05 triệu/m²",Đã có sổ,3 phòng,4 phòng,,,,,,,,,,,,,,,,,,
2025-10-02T23:51:16.751443,Cập nhật 8 ngày trước,"11,92 tỷ","Nhà ngõ, hẻm",40 m²,45 m²,298 triệu/m²,Đã có sổ,4 phòng,6 phòng,Nội thất đầy đủ,,,,,,Hẻm xe hơi,,,,,,,,,,,
2025-10-02T23:51:18.678233,Cập nhật 8 ngày trước,"1,15 tỷ",,52 m²,,"22,12 triệu/m²",Đang chờ sổ,2 phòng,2 phòng,,,,,Đã bàn giao,Chung cư,,,,,,6.0,8,,,Căn góc,,
2025-10-02T23:51:22.299387,Cập nhật 7 ngày trước,"22,8 tỷ","Nhà mặt phố, mặt tiền",80 m²,,285 triệu/m²,Đã có sổ,6 phòng,,,,,6.0,,,,,,,,,,,,,,
2025-10-02T23:51:24.460647,Cập nhật 7 ngày trước,"5,9 tỷ","Nhà ngõ, hẻm",28 m²,120 m²,"210,71 triệu/m²",Đã có sổ,3 phòng,4 phòng,Nội thất cao cấp,4.5 m,,5.0,,,Hẻm xe hơi Nhà nở hậu,,,,,,,,,,,
2025-10-02T23:51:27.718504,Cập nhật 7 ngày trước,"2,3 tỷ","Nhà ngõ, hẻm",33 m²,33 m²,"69,70 triệu/m²",Không có sổ,4 phòng,3 phòng,Nội thất đầy đủ,4.5 m,7.3 m,4.0,,,,,,,,,,,,,,
2025-10-02T23:51:27.821867,Cập nhật 6 ngày trước,"6,45 tỷ","Nhà mặt phố, mặt tiền",40 m²,,"161,25 triệu/m²",Đã có sổ,5 phòng,,,,,,,,,,,,,,,,,,,
2025-10-02T23:51:28.063645,Cập nhật 8 ngày trước,750 triệu,,48 m²,,"15,62 triệu/m²",Sổ hồng riêng,2 phòng,1 phòng,Nội thất đầy đủ,,,,Đã bàn giao,"Căn hộ dịch vụ, mini",,,,Đông,,,,Đông Nam,,,,
2025-10-02T23:51:31.206570,Cập nhật 4 ngày trước,"10,2 tỷ","Nhà ngõ, hẻm",45 m²,45 m²,"226,67 triệu/m²",Đã có sổ,4 phòng,4 phòng,Nội thất đầy đủ,4.2 m,,6.0,,,Hẻm xe hơi Nhà nở hậu,,,,,,,,,,,
2025-10-02T23:51:34.576214,Cập nhật 1 ngày trước,"6,4 tỷ","Nhà ngõ, hẻm",22 m²,,"290,91 triệu/m²",Đã có sổ,3 phòng,4 phòng,Nội thất đầy đủ,,,5.0,,,Nhà nở hậu,,,,,,,,,,,
2025-10-02T23:51:38.094252,Cập nhật 7 ngày trước,"17,6 tỷ","Nhà mặt phố, mặt tiền",56 m²,56 m²,"314,29 triệu/m²",Đã có sổ,3 phòng,3 phòng,Nội thất đầy đủ,3.8 m,,4.0,,,Nhà nở hậu,,,,,,,,,,,
2025-10-02T23:51:38.309970,Cập nhật 8 ngày trước,"16,5 tỷ","Nhà mặt phố, mặt tiền",75 m²,,220 triệu/m²,Đang chờ sổ,3 phòng,3 phòng,Nội thất đầy đủ,5 m,,3.0,,,,,,,,,,,,,,
2025-10-02T23:51:42.059729,Cập nhật 7 ngày trước,9 tỷ,"Nhà ngõ, hẻm",40 m²,,225 triệu/m²,Đã có sổ,3 phòng,,,,,6.0,,,,,,,,,,,,,,
2025-10-02T23:51:43.662519,Cập nhật 8 ngày trước,"5,8 triệu",,86 m²,,67.441 đ/m²,Sổ hồng riêng,3 phòng,,Nội thất đầy đủ,,,,Đã bàn giao,"Tập thể, cư xá",,,,,,,,,,Căn góc,,
2025-10-02T23:51:47.132408,Cập nhật 7 ngày trước,"6,5 tỷ","Nhà ngõ, hẻm",40 m²,,"162,50 triệu/m²",Đã có sổ,4 phòng,4 phòng,Nội thất đầy đủ,,,5.0,,,,,,,,,,,,,,
2025-10-02T23:51:48.235711,Cập nhật 8 ngày trước,31 tỷ,"Nhà mặt phố, mặt tiền",130 m²,,"238,46 triệu/m²",Đã có sổ,8 phòng,,,,,,,,,,,,,,,,,,,
2025-10-02T23:51:48.355052,Cập nhật 6 ngày trước,"7,25 tỷ","Nhà mặt phố, mặt tiền",40 m²,45 m²,"181,25 triệu/m²",Đã có sổ,3 phòng,3 phòng,Nội thất đầy đủ,5 m,,5.0,,,Hẻm xe hơi Nhà nở hậu,,,,,,,,,,,
2025-10-02T23:51:52.399205,Cập nhật 8 ngày trước,"5,8 tỷ","Nhà ngõ, hẻm",36 m²,,"161,11 triệu/m²",Đã có sổ,2 phòng,,Nội thất đầy đủ,4.3 m,8.4 m,3.0,,,,,,,,,,,,,,
2025-10-02T23:51:52.811764,Cập nhật 6 ngày trước,12 tỷ,"Nhà ngõ, hẻm",50 m²,250 m²,240 triệu/m²,Đã có sổ,5 phòng,4 phòng,Hoàn thiện cơ bản,,,5.0,,,,,,,,,,,,,,
2025-10-02T23:51:56.346691,Cập nhật 7 ngày trước,72 tỷ,"Nhà ngõ, hẻm",176 m²,1581 m²,"409,09 triệu/m²",Đã có sổ,nhiều hơn 10 phòng,,Nội thất cao cấp,8 m,20 m,9.0,,,Nhà nở hậu,,,,,,,,,,,
2025-10-02T23:51:57.771689,Cập nhật 7 ngày trước,"6,82 tỷ","Nhà ngõ, hẻm",32 m²,,"213,12 triệu/m²",Đã có sổ,4 phòng,4 phòng,,4.5 m,,,,,Nhà nở hậu,,,,,,,,,,,
2025-10-02T23:52:01.889908,Cập nhật 6 ngày trước,"6,7 tỷ","Nhà ngõ, hẻm",55 m²,55 m²,"121,82 triệu/m²",Đã có sổ,4 phòng,,Nội thất cao cấp,4 m,,5.0,,,,,,,,,,,,,,
2025-10-02T23:52:05.530804,Cập nhật 7 ngày trước,"6,65 tỷ",,50 m²,,133 triệu/m²,Đã có sổ,,,,,,,,,Mặt tiền Thổ cư toàn bộ Nở hậu,Đất thổ cư,m²,,,,,,,,,
2025-10-02T23:52:07.104238,Cập nhật 6 ngày trước,"14,3 tỷ","Nhà ngõ, hẻm",60 m²,240 m²,"238,33 triệu/m²",Đã có sổ,4 phòng,4 phòng,Hoàn thiện cơ bản,4.2 m,14.2 m,5.0,,,Hẻm xe hơi,,,Đông Nam,,,,,,,,
2025-10-02T23:52:10.753744,Cập nhật 7 ngày trước,"7,59 tỷ","Nhà ngõ, hẻm",32 m²,32 m²,"237,19 triệu/m²",Đã có sổ,3 phòng,5 phòng,Nội thất cao cấp,5 m,6.3 m,5.0,,,Nhà nở hậu,,,,,,,,,,,
2025-10-02T23:52:12.720734,Cập nhật 7 ngày trước,28 tỷ,"Nhà mặt phố, mặt tiền",77 m²,,"363,64 triệu/m²",Đã có sổ,nhiều hơn 10 phòng,,,4.8 m,16 m,8.0,,,Hẻm xe hơi,,,,,,,,,,,
2025-10-02T23:52:14.889094,Cập nhật 6 ngày trước,"14,8 tỷ","Nhà mặt phố, mặt tiền",45 m²,,"328,89 triệu/m²",Đã có sổ,8 phòng,5 phòng,Nội thất cao cấp,4.5 m,,6.0,,,Hẻm xe hơi Nhà nở hậu,,,,,,,,,,,
2025-10-02T23:52:15.178870,Cập nhật 7 ngày trước,"3,5 tỷ",,50 m²,,70 triệu/m²,Đã có sổ,,,,,,,,,,Đất thổ cư,m²,,,,,,,,,
2025-10-02T23:52:16.265915,Cập nhật 7 ngày trước,"8,35 tỷ",,60 m²,,"139,17 triệu/m²",Đã có sổ,,,,4 m,15 m,,,,Hẻm xe hơi Thổ cư 1 phần,Đất thổ cư,,,,,,,,,,
2025-10-02T23:52:20.400853,Cập nhật 6 ngày trước,"13,8 tỷ",,61 m²,,"226,23 triệu/m²",Đã có sổ,,,,5 m,,,,,,Đất thổ cư,,,,,,,,,,
2025-10-02T23:52:22.245751,Cập nhật 7 ngày trước,"6,5 tỷ","Nhà ngõ, hẻm",37 m²,,"175,68 triệu/m²",Đã có sổ,4 phòng,5 phòng,Nội thất đầy đủ,,,6.0,,,,,,,,,,,,,,
2025-10-02T23:52:24.057466,Cập nhật 4 ngày trước,"14,7 tỷ","Nhà mặt phố, mặt tiền",41 m²,160 m²,"358,54 triệu/m²",Đã có sổ,4 phòng,4 phòng,,,,4.0,,,Nhà nở hậu,,,,,,,,,,,
2025-10-02T23:52:25.655007,Cập nhật 6 ngày trước,"12,7 tỷ","Nhà ngõ, hẻm",71 m²,,"178,87 triệu/m²",Đã có sổ,7 phòng,4 phòng,,,,3.0,,,,,,,,,,,,,,
2025-10-02T23:52:29.572847,Cập nhật 8 ngày trước,"5,28 tỷ",,86 m²,,"61,40 triệu/m²",Sổ hồng riêng,3 phòng,,,,,,Đã bàn giao,Chung cư,,,,,,,,,,,,
2025-10-02T23:52:31.473498,Cập nhật 6 ngày trước,"5,9 tỷ","Nhà ngõ, hẻm",36 m²,36 m²,"163,89 triệu/m²",Đã có sổ,3 phòng,4 phòng,,4 m,9 m,,,,,,,,,,,,,,,
2025-10-02T23:52:33.166590,Cập nhật 7 ngày trước,"7,7 tỷ","Nhà ngõ, hẻm",37 m²,,"208,11 triệu/m²",Đã có sổ,4 phòng,3 phòng,,,,,,,,,,,,,,,,,,
2025-10-02T23:52:33.435774,Cập nhật 5 ngày trước,7 tỷ,"Nhà mặt phố, mặt tiền",19 m²,,"368,42 triệu/m²",Đã có sổ,4 phòng,,,,,,,,,,,,,,,,,,,
2025-10-02T23:52:34.820119,Cập nhật 4 ngày trước,"16,5 tỷ","Nhà ngõ, hẻm",79 m²,79 m²,"208,86 triệu/m²",Đã có sổ,nhiều hơn 10 phòng,,,,,,,,Hẻm xe hơi,,,,,,,,,,,
2025-10-02T23:52:38.814313,Cập nhật 7 ngày trước,"14,5 tỷ","Nhà ngõ, hẻm",55 m²,,"263,64 triệu/m²",Đã có sổ,4 phòng,,Nội thất cao cấp,5 m,,5.0,,,Hẻm xe hơi Nhà nở hậu,,,,,,,,,,,
2025-10-02T23:52:40.742462,Cập nhật 3 ngày trước,"9,5 tỷ","Nhà ngõ, hẻm",46 m²,46 m²,"206,52 triệu/m²",Đã có sổ,3 phòng,4 phòng,Nội thất cao cấp,4.25 m,10.15 m,4.0,,,,,,,,,,,,,,
2025-10-02T23:52:42.052631,Cập nhật 8 ngày trước,"6,26 tỷ","Nhà ngõ, hẻm",21 m²,25 m²,"298,10 triệu/m²",Đã có sổ,3 phòng,3 phòng,,,,,,,Hẻm xe hơi,,,,,,,,,,,
2025-10-02T23:52:42.615012,Cập nhật 6 ngày trước,"7,9 tỷ","Nhà ngõ, hẻm",49 m²,,"161,22 triệu/m²",Đã có sổ,5 phòng,,Nội thất cao cấp,,,,,,,,,,,,,,,,,
2025-10-02T23:52:44.943754,Cập nhật 8 ngày trước,"7,95 tỷ","Nhà ngõ, hẻm",38 m²,38 m²,"209,21 triệu/m²",Đã có sổ,3 phòng,4 phòng,Nội thất đầy đủ,3.5 m,11 m,5.0,,,,,,,,,,,,,,
2025-10-02T23:52:48.181063,Cập nhật 6 ngày trước,"4,65 tỷ",,66.7 m²,,"69,72 triệu/m²",Đã có sổ,,,,4.5 m,15 m,,,,Mặt tiền Hẻm xe hơi Nở hậu,Đất thổ cư,,Tây Bắc,,,,,,,,
2025-10-02T23:52:51.042707,Cập nhật 6 ngày trước,"6,8 tỷ","Nhà ngõ, hẻm",40 m²,,170 triệu/m²,Đã có sổ,7 phòng,,,,,5.0,,,Hẻm xe hơi,,,,,,,,,,,
2025-10-02T23:52:53.382151,Cập nhật 7 ngày trước,899 triệu,"Nhà ngõ, hẻm",10 m²,21 m²,"89,90 triệu/m²",Giấy tờ viết tay,2 phòng,1 phòng,Hoàn thiện cơ bản,,,,,,Hẻm xe hơi,,,,,,,,,,,
2025-10-02T23:52:58.693436,Cập nhật 7 ngày trước,"5,6 tỷ","Nhà ngõ, hẻm",20 m²,20 m²,280 triệu/m²,Đã có sổ,2 phòng,,,,,,,,,,,,,,,,,,,
2025-10-02T23:53:03.433115,Cập nhật 8 ngày trước,"8,2 tỷ","Nhà ngõ, hẻm",31 m²,,"264,52 triệu/m²",Đã có sổ,4 phòng,4 phòng,Nội thất đầy đủ,3.4 m,,6.0,,,,,,,,,,,,,,
2025-10-02T23:53:04.118458,Cập nhật 6 ngày trước,"3,2 tỷ",,100 m²,,32 triệu/m²,Đã có sổ,,,,5 m,20 m,,,,Mặt tiền Hẻm xe hơi Thổ cư toàn bộ,Đất thổ cư,m²,,,,Trại Láng Cổ Đông Sơn Tây,,A11,,,
2025-10-02T23:53:05.470390,Cập nhật 7 ngày trước,"8,35 tỷ","Nhà ngõ, hẻm",34 m²,34 m²,"245,59 triệu/m²",Đã có sổ,3 phòng,4 phòng,Nội thất đầy đủ,,,5.0,,,,,,,,,,,,,,
2025-10-02T23:53:05.614188,Cập nhật 8 ngày trước,8 tỷ,"Nhà ngõ, hẻm",38 m²,,"210,53 triệu/m²",Đã có sổ,3 phòng,,Nội thất đầy đủ,,,,,,Hẻm xe hơi Nhà nở hậu,,,,,,,,,,,
2025-10-02T23:53:09.055904,Cập nhật 8 ngày trước,"15,8 tỷ","Nhà ngõ, hẻm",58 m²,,"272,41 triệu/m²",Đã có sổ,4 phòng,,,,,,,,,,,,,,,,,,,
2025-10-02T23:53:13.030573,Cập nhật 8 ngày trước,4 tỷ,,60 m²,,"66,67 triệu/m²",Đã có sổ,,,,,,,,,,Đất thổ cư,,,,,,,,,,
2025-10-02T23:53:14.078386,Cập nhật 6 ngày trước,"7,5 tỷ","Nhà ngõ, hẻm",32 m²,,"234,38 triệu/m²",Đã có sổ,3 phòng,,,,,,,,,,,,,,,,,,,
2025-10-02T23:53:15.208289,Cập nhật 6 ngày trước,"13,65 tỷ","Nhà ngõ, hẻm",52 m²,53 m²,"262,50 triệu/m²",Đã có sổ,6 phòng,5 phòng,Nội thất đầy đủ,4.2 m,,5.0,,,Hẻm xe hơi Nhà nở hậu,,,,,,,,,,,
2025-10-02T23:53:15.975335,Cập nhật 6 ngày trước,"5,5 tỷ","Nhà ngõ, hẻm",60 m²,,"91,67 triệu/m²",Đã có sổ,2 phòng,1 phòng,Nội thất đầy đủ,,,2.0,,,,,,,,,,,,,,
2025-10-02T23:53:18.683345,Cập nhật 7 ngày trước,"3,85 tỷ",,55 m²,,70 triệu/m²,Đã có sổ,,,,,,,,,,Đất thổ cư,m²,,,,,,,,,
2025-10-02T23:53:22.311333,Cập nhật 8 ngày trước,"3,05 tỷ",,48 m²,,"63,54 triệu/m²",Đã có sổ,,,,6.4 m,8.5 m,,,,,Đất thổ cư,,,,,,,,,,
2025-10-02T23:53:24.610196,Cập nhật 6 ngày trước,"2,77 tỷ","Nhà ngõ, hẻm",15 m²,38 m²,"184,67 triệu/m²",Đã có sổ,2 phòng,,Nội thất đầy đủ,,,,,,,,,,,,,,,,,
2025-10-02T23:53:25.895319,Cập nhật 6 ngày trước,"7,79 tỷ","Nhà ngõ, hẻm",35 m²,200 m²,"222,57 triệu/m²",Đã có sổ,3 phòng,5 phòng,,3.5 m,,6.0,,,Nhà nở hậu,,,,,,,,,,,
2025-10-02T23:53:32.155082,Cập nhật 8 ngày trước,21 tỷ,"Nhà ngõ, hẻm",60 m²,60 m²,350 triệu/m²,Đã có sổ,4 phòng,5 phòng,Nội thất đầy đủ,4.4 m,14 m,4.0,,,Hẻm xe hơi,,,,,,,,,,,
2025-10-02T23:53:33.956377,Cập nhật 6 ngày trước,"5,75 tỷ","Nhà ngõ, hẻm",33 m²,35 m²,"174,24 triệu/m²",Đã có sổ,4 phòng,3 phòng,Nội thất cao cấp,4 m,8 m,,,,Nhà nở hậu,,,Nam,,,,,,,,
2025-10-02T23:53:36.840637,Cập nhật 6 ngày trước,9 tỷ,"Nhà ngõ, hẻm",40 m²,,225 triệu/m²,Đã có sổ,4 phòng,,Nội thất đầy đủ,,,,,,Hẻm xe hơi Nhà nở hậu,,,,,,,,,,,
2025-10-02T23:53:37.940208,Cập nhật 7 ngày trước,"6,1 tỷ",,77 m²,,"79,22 triệu/m²",Đã có sổ,,,,5.8 m,,,,,Mặt tiền Hẻm xe hơi Thổ cư toàn bộ,Đất thổ cư,,,,,,,,,,
2025-10-02T23:53:40.630018,Cập nhật 6 ngày trước,5 tỷ,,39 m²,,"128,21 triệu/m²",Đã có sổ,,,,4 m,10 m,,,,Mặt tiền Hẻm xe hơi Nở hậu,Đất thổ cư,m²,,,,,,,,,
2025-10-02T23:53:42.237692,Cập nhật 1 ngày trước,"12,9 tỷ",Nhà phố liền kề,52 m²,52 m²,"248,08 triệu/m²",Đã có sổ,4 phòng,3 phòng,,,,4.0,,,Hẻm xe hơi,,,,,,Khu phân quân đội,,,,,
2025-10-02T23:53:43.445168,Cập nhật 7 ngày trước,"12,55 tỷ","Nhà ngõ, hẻm",48 m²,,"261,46 triệu/m²",Đã có sổ,3 phòng,4 phòng,Nội thất đầy đủ,,,5.0,,,Nhà nở hậu,,,,,,,,,,,
2025-10-02T23:53:47.152088,Cập nhật 8 ngày trước,"3,4 tỷ",,79 m²,,"43,04 triệu/m²",Đã có sổ,,,,,,,,,,Đất thổ cư,m²,,,,,,,,,
2025-10-02T23:53:47.459328,Cập nhật 7 ngày trước,"8,5 tỷ","Nhà mặt phố, mặt tiền",45 m²,45 m²,"188,89 triệu/m²",Đã có sổ,4 phòng,,Nội thất cao cấp,4 m,,5.0,,,,,,,,,,,,,,
2025-10-02T23:53:51.564641,Cập nhật 7 ngày trước,26 tỷ,,117 m²,,"222,22 triệu/m²",Đã có sổ,,,,9.5 m,12.3 m,,,,Mặt tiền Nở hậu Thổ cư toàn bộ,Đất thổ cư,m²,,,,,,,,,
2025-10-02T23:53:53.802853,Cập nhật 6 ngày trước,"11,9 tỷ","Nhà ngõ, hẻm",40 m²,,"297,50 triệu/m²",Đã có sổ,nhiều hơn 10 phòng,,,,,,,,Hẻm xe hơi,,,,,,,,,,,
2025-10-02T23:53:56.345093,Cập nhật 8 ngày trước,7 tỷ,"Nhà ngõ, hẻm",36 m²,,"194,44 triệu/m²",Đã có sổ,3 phòng,,,,,5.0,,,,,,,,,,,,,,
2025-10-02T23:54:00.426800,Cập nhật 6 ngày trước,"8,8 tỷ","Nhà ngõ, hẻm",50 m²,300 m²,176 triệu/m²,Đã có sổ,nhiều hơn 10 phòng,Nhiều hơn 6 phòng,,,,,,,Nhà nở hậu,,,,,,,,,,,
2025-10-02T23:54:01.313451,Cập nhật 5 ngày trước,"8,5 tỷ","Nhà ngõ, hẻm",43 m²,,"197,67 triệu/m²",Đã có sổ,3 phòng,,,,,,,,,,,,,,,,,,,
2025-10-02T23:54:06.214824,Cập nhật 10 giờ trước,59 tỷ,,150 m²,,"393,33 triệu/m²",Sổ hồng riêng,nhiều hơn 10 phòng,,Nội thất đầy đủ,,,,Chưa bàn giao,"Căn hộ dịch vụ, mini",,,,,,,,,,,,
2025-10-02T23:54:06.609904,Cập nhật 6 ngày trước,"4,3 tỷ",,80 m²,,"53,75 triệu/m²",Sổ hồng riêng,3 phòng,,Nội thất đầy đủ,,,,Đã bàn giao,"Tập thể, cư xá",,,,,,,,,,,,
2025-10-02T23:54:10.491967,Cập nhật 7 ngày trước,"7,7 tỷ","Nhà mặt phố, mặt tiền",25 m²,25 m²,308 triệu/m²,Đã có sổ,2 phòng,3 phòng,Nội thất đầy đủ,3 m,8 m,3.0,,,,,,Đông Bắc,,,,,,,,
2025-10-02T23:54:10.535255,Cập nhật 4 ngày trước,"6,4 tỷ",,110 m²,,"58,18 triệu/m²",Sổ hồng riêng,4 phòng,2 phòng,,,,,Đã bàn giao,"Tập thể, cư xá",,,,,,,,,,,,
2025-10-02T23:54:15.836409,Cập nhật 7 ngày trước,"6,6 tỷ","Nhà ngõ, hẻm",32 m²,32 m²,"206,25 triệu/m²",Đã có sổ,4 phòng,3 phòng,Hoàn thiện cơ bản,,,,,,Nhà nở hậu,,,Đông Nam,,,,,,,,
2025-10-02T23:54:16.068826,Cập nhật 8 ngày trước,"9,5 tỷ","Nhà ngõ, hẻm",35 m²,,"271,43 triệu/m²",Đã có sổ,3 phòng,,,,,6.0,,,,,,,,,,,,,,
2025-10-02T23:54:20.143468,Cập nhật 6 ngày trước,"2,09 tỷ",,76 m²,,"27,50 triệu/m²",Đã có sổ,,,,6.6 m,11.5 m,,,,Mặt tiền Hẻm xe hơi Thổ cư toàn bộ,Đất thổ cư,m²,,,,,,,,,
2025-10-02T23:54:20.109482,Cập nhật 8 ngày trước,"21,6 tỷ","Nhà ngõ, hẻm",77.4 m²,310 m²,"279,07 triệu/m²",Đã có sổ,5 phòng,3 phòng,Nội thất đầy đủ,,,4.0,,,Hẻm xe hơi,,,,,,,,,,,
2025-10-02T23:54:25.467050,Cập nhật 6 ngày trước,"5,2 tỷ","Nhà mặt phố, mặt tiền",200 m²,,26 triệu/m²,Đã có sổ,3 phòng,,,8 m,25 m,,,,,,,,,,,,,,,
2025-10-02T23:54:33.228952,Cập nhật 6 ngày trước,"2,75 tỷ","Nhà ngõ, hẻm",35 m²,35 m²,"78,57 triệu/m²",Đã có sổ,1 phòng,1 phòng,Nội thất cao cấp,3 m,11.6 m,1.0,,,Hẻm xe hơi,,,,,,,,,,,
2025-10-02T23:54:34.458130,Cập nhật 5 ngày trước,"7,5 tỷ",Nhà phố liền kề,32 m²,32 m²,"234,38 triệu/m²",Đã có sổ,1 phòng,1 phòng,Bàn giao thô,,,2.0,,,,,,Tây Bắc,,,,,,,,
2025-10-02T23:54:36.566331,Cập nhật 7 ngày trước,"18,5 tỷ","Nhà mặt phố, mặt tiền",84 m²,101 m²,"220,24 triệu/m²",Đã có sổ,4 phòng,4 phòng,,4 m,22 m,4.0,,,,,,,,,,,,,,
2025-10-02T23:54:38.410714,Cập nhật 7 ngày trước,"13,95 tỷ","Nhà mặt phố, mặt tiền",42 m²,42 m²,"332,14 triệu/m²",Đã có sổ,3 phòng,,,3.2 m,14 m,4.0,,,Hiện trạng khác,,,,,,,,,,,
2025-10-02T23:54:39.380480,Cập nhật 8 ngày trước,"2,3 tỷ","Nhà ngõ, hẻm",45 m²,,"51,11 triệu/m²",Không có sổ,2 phòng,2 phòng,,,,2.0,,,,,,,,,,,,,,
2025-10-02T23:54:49.083044,Cập nhật 6 ngày trước,"4,75 tỷ",,52.8 m²,,"89,96 triệu/m²",Đã có sổ,,,,,,,,,,Đất thổ cư,,,,,,,,,,
2025-10-02T23:54:51.703939,Cập nhật 6 ngày trước,"13,1 tỷ","Nhà mặt phố, mặt tiền",40 m²,45 m²,"327,50 triệu/m²",Đã có sổ,5 phòng,5 phòng,Nội thất đầy đủ,4 m,10 m,6.0,,,Hẻm xe hơi,,,,,,,,,,,
2025-10-02T23:54:54.086224,Cập nhật 7 ngày trước,"6,8 tỷ","Nhà ngõ, hẻm",38 m²,,"178,95 triệu/m²",Đã có sổ,9 phòng,,,,,,,,Nhà nở hậu,,,,,,,,,,,
2025-10-02T23:55:01.855366,Cập nhật 4 giờ trước,"3,68 tỷ","Nhà ngõ, hẻm",35 m²,115 m²,"105,14 triệu/m²",Sổ chung / công chứng vi bằng,3 phòng,2 phòng,Nội thất đầy đủ,4 m,9 m,,,,,,,Tây Nam,,,,,,,,
2025-10-02T23:55:03.156578,Cập nhật 7 ngày trước,"4,95 tỷ","Nhà ngõ, hẻm",26 m²,,"190,38 triệu/m²",Đã có sổ,4 phòng,,,,,,,,,,,,,,,,,,,
2025-10-02T23:55:05.853851,Cập nhật 7 ngày trước,"6,949 tỷ",,80 m²,,"86,86 triệu/m²",Đã có sổ,,,,4 m,20 m,,,,"Hẻm xe hơi
Thổ cư toàn bộ",Đất thổ cư,,Đông Nam,,,,,,,,
2025-10-02T23:55:09.587370,Cập nhật 8 ngày trước,"13,7 tỷ",,50 m²,,274 triệu/m²,Đã có sổ,,,,,,,,,,Đất nền dự án,,,,,,,,,,
2025-10-02T23:55:15.094855,Cập nhật 6 ngày trước,"17,9 tỷ","Nhà ngõ, hẻm",50 m²,,358 triệu/m²,Đã có sổ,3 phòng,3 phòng,,,,4.0,,,,,,,,,,,,,,
2025-10-02T23:55:16.253837,Cập nhật 6 ngày trước,"6,29 tỷ","Nhà ngõ, hẻm",27 m²,27 m²,"232,96 triệu/m²",Đã có sổ,2 phòng,3 phòng,Nội thất đầy đủ,3.7 m,,4.0,,,,,,Nam,,,,,,,,
2025-10-02T23:55:17.434691,Cập nhật 7 ngày trước,"6,7 tỷ","Nhà ngõ, hẻm",32 m²,,"209,38 triệu/m²",Đã có sổ,3 phòng,4 phòng,Nội thất đầy đủ,,,5.0,,,Nhà nở hậu,,,,,,,,,,,
2025-10-02T23:55:23.298935,Cập nhật 7 ngày trước,"15,5 tỷ","Nhà ngõ, hẻm",50 m²,50 m²,310 triệu/m²,Đã có sổ,5 phòng,5 phòng,,4.3 m,13 m,5.0,,,"Hẻm xe hơi
Nhà nở hậu",,,,,,,,,,,
2025-10-02T23:55:23.272657,Cập nhật 6 ngày trước,"4,6 tỷ","Nhà ngõ, hẻm",30 m²,30 m²,"153,33 triệu/m²",Đã có sổ,4 phòng,4 phòng,Nội thất đầy đủ,4.2 m,,5.0,,,"Hẻm xe hơi
Nhà nở hậu",,,Đông Bắc,,,,,,,,
2025-10-02T23:55:31.472463,Cập nhật 7 ngày trước,"8,4 tỷ","Nhà mặt phố, mặt tiền",45 m²,,"186,67 triệu/m²",Đã có sổ,4 phòng,,,,,,,,,,,,,,,,,,,
2025-10-02T23:55:35.014578,Cập nhật 3 ngày trước,"3,8 tỷ",,45.1 m²,,"84,26 triệu/m²",Đã có sổ,,,,4.1 m,11 m,,,,"Mặt tiền
Hẻm xe hơi
Thổ cư toàn bộ",Đất thổ cư,,Đông Bắc,,,,,,,,
2025-10-02T23:55:37.648730,Cập nhật 8 ngày trước,"5,85 tỷ",,75 m²,,78 triệu/m²,Sổ hồng riêng,1 phòng,1 phòng,Bàn giao thô,,,,Chưa bàn giao,"Tập thể, cư xá",,,,,,,,,,,,
2025-10-02T23:55:38.755633,Cập nhật 6 ngày trước,"4,1 tỷ","Nhà ngõ, hẻm",36 m²,,"113,89 triệu/m²",Không có sổ,4 phòng,3 phòng,,,,4.0,,,,,,,,,,,,,,
2025-10-02T23:55:50.141808,Cập nhật 6 ngày trước,"26,5 tỷ",,62 m²,,"427,42 triệu/m²",Đã có sổ,,,Nội thất cao cấp,,,,,,,,,,Mặt bằng kinh doanh,,,,,,,
2025-10-02T23:55:51.289612,Cập nhật 5 ngày trước,"4,88 tỷ","Nhà ngõ, hẻm",22 m²,22 m²,"221,82 triệu/m²",Đã có sổ,3 phòng,3 phòng,Nội thất đầy đủ,,,5.0,,,,,,,,,,,,,,
2025-10-02T23:55:52.764018,Cập nhật 7 ngày trước,6 tỷ,,68.5 m²,,"87,59 triệu/m²",Đã có sổ,,,,4 m,17 m,,,,"Thổ cư toàn bộ
Hẻm xe hơi",Đất thổ cư,m²,,,,,,,,,
2025-10-02T23:55:59.844304,Cập nhật 7 ngày trước,"8,6 tỷ","Nhà ngõ, hẻm",57 m²,,"150,88 triệu/m²",Đã có sổ,4 phòng,,,,,,,,,,,,,,,,,,,
2025-10-02T23:56:03.874907,Cập nhật 6 ngày trước,"5,9 tỷ","Nhà ngõ, hẻm",34 m²,34 m²,"173,53 triệu/m²",Đã có sổ,2 phòng,2 phòng,Nội thất đầy đủ,,,2.0,,,Nhà nở hậu,,,,,,,,2,,,
2025-10-02T23:56:04.167252,Cập nhật 6 ngày trước,"5,1 tỷ",,65 m²,,"78,46 triệu/m²",Đã có sổ,,,,4 m,16 m,,,,"Mặt tiền
Hẻm xe hơi
Thổ cư toàn bộ",Đất thổ cư,m²,Đông Nam,,,,,,,,
2025-10-02T23:56:06.906954,Cập nhật 8 ngày trước,"7,6 tỷ","Nhà ngõ, hẻm",42.5 m²,,"178,82 triệu/m²",Đã có sổ,5 phòng,,,,,5.0,,,Hẻm xe hơi,,,,,,,,,,,
2025-10-02T23:56:12.042045,Cập nhật 8 ngày trước,"12,6 tỷ","Nhà ngõ, hẻm",55 m²,,"229,09 triệu/m²",Đã có sổ,10 phòng,Nhiều hơn 6 phòng,,,,6.0,,,,,,,,,,,,,,
2025-10-02T23:56:16.983281,Cập nhật 7 ngày trước,"5,5 tỷ","Nhà ngõ, hẻm",35 m²,,"157,14 triệu/m²",Đã có sổ,3 phòng,3 phòng,Nội thất đầy đủ,,,5.0,,,Hẻm xe hơi,,,,,,,,,,,
2025-10-02T23:56:16.445232,Cập nhật 2 ngày trước,"10,5 tỷ","Nhà ngõ, hẻm",51 m²,51 m²,"205,88 triệu/m²",Đã có sổ,4 phòng,4 phòng,Nội thất đầy đủ,5.5 m,9 m,6.0,,,"Hẻm xe hơi
Nhà nở hậu",,,Tây Nam,,,,,,,,
2025-10-02T23:56:15.618391,Cập nhật 7 ngày trước,"7,5 tỷ","Nhà ngõ, hẻm",45 m²,,"166,67 triệu/m²",Đã có sổ,3 phòng,,,,,,,,,,,,,,,,,,,
2025-10-02T23:56:22.411748,Cập nhật 7 ngày trước,"6,6 tỷ",,102 m²,,"64,71 triệu/m²",Đã có sổ,,,,5 m,20 m,,,,"Hẻm xe hơi
Thổ cư toàn bộ",Đất thổ cư,,Đông,,,,,,,,
2025-10-02T23:56:24.484225,Cập nhật 5 ngày trước,"5,25 tỷ","Nhà ngõ, hẻm",34 m²,128 m²,"154,41 triệu/m²",Đã có sổ,3 phòng,3 phòng,Nội thất cao cấp,5 m,,4.0,,,Nhà nở hậu,,,,,,,,,,,
2025-10-02T23:56:32.242200,Cập nhật 6 ngày trước,8 tỷ,"Nhà mặt phố, mặt tiền",40 m²,40 m²,200 triệu/m²,Đã có sổ,3 phòng,,Nội thất cao cấp,,,,,,,,,,,,,,,,,
2025-10-02T23:56:32.883082,Cập nhật 6 ngày trước,"7,4 tỷ","Nhà mặt phố, mặt tiền",47 m²,,"157,45 triệu/m²",Đã có sổ,4 phòng,,,,,,,,,,,,,,,,,,,
2025-10-02T23:56:32.719237,Cập nhật 6 ngày trước,23 tỷ,"Nhà mặt phố, mặt tiền",84.3 m²,84.3 m²,"272,84 triệu/m²",Đã có sổ,3 phòng,,Nội thất đầy đủ,8.4 m,,,,,,,,,,,,,,,,
2025-10-02T23:56:39.965557,Cập nhật 6 ngày trước,"7,9 tỷ","Nhà ngõ, hẻm",30 m²,30 m²,"263,33 triệu/m²",Đã có sổ,3 phòng,4 phòng,Nội thất cao cấp,4.2 m,7.5 m,5.0,,,Hiện trạng khác,,,,,,,,,,,
2025-10-02T23:56:46.610210,Cập nhật 7 ngày trước,"6,1 tỷ","Nhà ngõ, hẻm",46 m²,,"132,61 triệu/m²",Đã có sổ,6 phòng,3 phòng,Nội thất đầy đủ,6 m,,4.0,,,Hiện trạng khác,,,,,,,,,,,
2025-10-02T23:56:46.511584,Cập nhật 1 ngày trước,"7,2 tỷ","Nhà ngõ, hẻm",30 m²,120 m²,240 triệu/m²,Đã có sổ,3 phòng,3 phòng,Nội thất đầy đủ,4.1 m,,5.0,,,,,,,,,,,,,,
2025-10-02T23:56:48.713223,Cập nhật 4 ngày trước,"11,3 tỷ","Nhà mặt phố, mặt tiền",42 m²,42 m²,"269,05 triệu/m²",Đã có sổ,4 phòng,,Nội thất cao cấp,42 m,,,,,Hẻm xe hơi,,,,,,,,,,,
2025-10-02T23:56:52.914065,Cập nhật 6 ngày trước,"7,9 tỷ","Nhà ngõ, hẻm",30 m²,150 m²,"263,33 triệu/m²",Đã có sổ,3 phòng,,Nội thất đầy đủ,3.5 m,8.5 m,5.0,,,Nhà nở hậu,,,,,,,,,,,
2025-10-02T23:56:54.152607,Cập nhật 6 ngày trước,7 tỷ,"Nhà ngõ, hẻm",35 m²,,200 triệu/m²,Đã có sổ,4 phòng,4 phòng,Nội thất cao cấp,7 m,5 m,5.0,,,"Hẻm xe hơi
Nhà nở hậu",,,Đông Bắc,,,,,,,,
2025-10-02T23:57:00.924110,Cập nhật 7 ngày trước,"7,15 tỷ","Nhà ngõ, hẻm",44 m²,,"162,50 triệu/m²",Đã có sổ,5 phòng,,Nội thất cao cấp,,,6.0,,,,,,,,,,,,,,
2025-10-02T23:57:01.706269,Cập nhật 6 ngày trước,7 tỷ,"Nhà ngõ, hẻm",43 m²,,"162,79 triệu/m²",Đã có sổ,3 phòng,,,,,,,,,,,,,,,,,,,
2025-10-02T23:57:02.451413,Cập nhật 7 ngày trước,"7,1 tỷ","Nhà ngõ, hẻm",32 m²,,"221,88 triệu/m²",Đã có sổ,3 phòng,,,,,,,,,,,,,,,,,,,
2025-10-02T23:57:07.612703,Cập nhật 7 ngày trước,"6,8 tỷ","Nhà ngõ, hẻm",42 m²,,"161,90 triệu/m²",Đã có sổ,3 phòng,4 phòng,Nội thất đầy đủ,,,5.0,,,Nhà nở hậu,,,,,,,,,,,
2025-10-02T23:57:12.782967,Cập nhật 6 ngày trước,28 tỷ,Nhà phố liền kề,65 m²,100 m²,"430,77 triệu/m²",Đã có sổ,5 phòng,4 phòng,,5 m,20 m,4.0,,,,,,,,,,,,,,
2025-10-02T23:57:17.866745,Cập nhật 7 ngày trước,"7,8 tỷ","Nhà mặt phố, mặt tiền",47 m²,,"165,96 triệu/m²",Đã có sổ,4 phòng,,,,,,,,,,,,,,,,,,,
2025-10-02T23:57:17.813194,Cập nhật 6 ngày trước,"7,9 tỷ","Nhà ngõ, hẻm",35 m²,35 m²,"225,71 triệu/m²",Đã có sổ,4 phòng,,Nội thất đầy đủ,3.2 m,,4.0,,,"Hẻm xe hơi
Nhà nở hậu",,,Đông Nam,,,,,,,,
2025-10-02T23:57:21.020616,Cập nhật 6 ngày trước,"7,6 tỷ","Nhà ngõ, hẻm",35 m²,,"217,14 triệu/m²",Đã có sổ,3 phòng,,,,,,,,,,,,,,,,,,,
2025-10-02T23:57:25.956956,Cập nhật 14 giờ trước,"6,8 tỷ","Nhà ngõ, hẻm",35 m²,180 m²,"194,29 triệu/m²",Đã có sổ,4 phòng,5 phòng,Nội thất cao cấp,,,6.0,,,"Nhà nở hậu
Hẻm xe hơi",,,Đông Nam,,,,,,,,
2025-10-02T23:57:31.872588,Cập nhật 6 ngày trước,"2,4 tỷ",,48.9 m²,,"49,08 triệu/m²",Sổ hồng riêng,2 phòng,1 phòng,Nội thất đầy đủ,,,,Đã bàn giao,Chung cư,,,,Nam,,6.0,tháp A,,,,,
2025-10-02T23:57:32.033573,Cập nhật 6 ngày trước,"7,65 tỷ","Nhà ngõ, hẻm",45 m²,,170 triệu/m²,Đã có sổ,3 phòng,,,,,5.0,,,,,,,,,,,,,,
2025-10-02T23:57:34.104210,Cập nhật 7 ngày trước,"8,1 tỷ","Nhà mặt phố, mặt tiền",45 m²,,180 triệu/m²,Đã có sổ,4 phòng,,,,,,,,,,,,,,,,,,,
2025-10-02T23:57:34.936680,Cập nhật 6 ngày trước,"3,9 tỷ",,101 m²,,"38,61 triệu/m²",Đã có sổ,,,,,,,,,,Đất thổ cư,m²,,,,,,,,,
2025-10-02T23:57:40.145168,Cập nhật 7 ngày trước,"3,7 tỷ","Nhà mặt phố, mặt tiền",50 m²,200 m²,74 triệu/m²,Đã có sổ,5 phòng,3 phòng,Nội thất cao cấp,5 m,10 m,4.0,,,,,,Đông Nam,,,,,,,,
2025-10-02T23:57:47.281860,Cập nhật 3 ngày trước,24 tỷ,"Nhà mặt phố, mặt tiền",50 m²,250 m²,480 triệu/m²,Đã có sổ,8 phòng,5 phòng,Nội thất đầy đủ,5 m,10 m,5.0,,,Nhà nở hậu,,,Đông Nam,,,,,,,,
2025-10-02T23:57:47.402411,Cập nhật 15 giờ trước,"3,98 tỷ","Nhà ngõ, hẻm",20 m²,,199 triệu/m²,Đã có sổ,3 phòng,2 phòng,Nội thất đầy đủ,,,3.0,,,Nhà nở hậu,,,Nam,,,,,,,,
2025-10-02T23:57:48.597333,Cập nhật 7 ngày trước,"7,997 tỷ","Nhà ngõ, hẻm",38 m²,,"210,45 triệu/m²",Đã có sổ,3 phòng,4 phòng,Hoàn thiện cơ bản,3.6 m,,5.0,,,,,,,,,,,,,,
2025-10-02T23:57:52.841670,Cập nhật 7 ngày trước,"7,5 tỷ","Nhà ngõ, hẻm",38 m²,,"197,37 triệu/m²",Đã có sổ,3 phòng,,Nội thất cao cấp,,,5.0,,,,,,,,,,,,,,
2025-10-02T23:57:55.795970,Cập nhật 8 ngày trước,"7,1 tỷ","Nhà ngõ, hẻm",41 m²,,"173,17 triệu/m²",Đã có sổ,4 phòng,,,,,,,,,,,,,,,,,,,
2025-10-02T23:57:58.067320,Cập nhật 8 ngày trước,"11,5 tỷ","Nhà ngõ, hẻm",37 m²,,"310,81 triệu/m²",Đã có sổ,4 phòng,3 phòng,Nội thất đầy đủ,,,4.0,,,Hẻm xe hơi Nhà nở hậu,,,,,,,,,,,
2025-10-02T23:57:57.680211,Cập nhật 7 ngày trước,"7,69 tỷ","Nhà ngõ, hẻm",36 m²,,"213,61 triệu/m²",Đã có sổ,4 phòng,3 phòng,,,,,,,,,,,,,,,,,,
2025-10-02T23:57:58.854654,Cập nhật 7 ngày trước,"8,11 tỷ","Nhà mặt phố, mặt tiền",44 m²,,"184,32 triệu/m²",Đã có sổ,4 phòng,3 phòng,,,,5.0,,,,,,,,,,,,,,
2025-10-02T23:58:06.697240,Cập nhật 7 ngày trước,"8,6 tỷ","Nhà ngõ, hẻm",35 m²,35 m²,"245,71 triệu/m²",Đã có sổ,3 phòng,4 phòng,Nội thất đầy đủ,4 m,9 m,5.0,,,,,,,,,,,,,,
2025-10-02T23:58:08.801159,Cập nhật 7 ngày trước,"1,46 tỷ",,36 m²,,"40,56 triệu/m²",Hợp đồng mua bán,1 phòng,1 phòng,Nội thất đầy đủ,,,,Đã bàn giao,Chung cư,,,,,,9.0,11,,,Căn góc,,
2025-10-02T23:58:09.534207,Cập nhật 7 ngày trước,"8,1 tỷ","Nhà ngõ, hẻm",47 m²,,"172,34 triệu/m²",Đã có sổ,4 phòng,,,,,,,,,,,,,,,,,,,
2025-10-02T23:58:12.582623,Cập nhật 8 ngày trước,"3,7 tỷ","Nhà ngõ, hẻm",45 m²,,"82,22 triệu/m²",Sổ chung / công chứng vi bằng,4 phòng,,,,,,,,,,,,,,,,,,,
2025-10-02T23:58:10.108768,Cập nhật 15 giờ trước,6 tỷ,"Nhà ngõ, hẻm",45 m²,,"133,33 triệu/m²",Đã có sổ,3 phòng,4 phòng,,,,5.0,,,,,,,,,,,,,,
2025-10-02T23:58:15.765049,Cập nhật 6 ngày trước,"2,94 tỷ","Nhà ngõ, hẻm",134 m²,,"21,94 triệu/m²",Đã có sổ,2 phòng,1 phòng,,,,1.0,,,Hẻm xe hơi Nhà nở hậu,,,,,,,,,,,
2025-10-02T23:58:23.207442,Cập nhật 6 ngày trước,88 tỷ,"Nhà mặt phố, mặt tiền",95 m²,95 m²,"926,32 triệu/m²",Đã có sổ,nhiều hơn 10 phòng,,Nội thất đầy đủ,5 m,19 m,8.0,,,,,,Đông Bắc,,,,,,,,
2025-10-02T23:58:23.134308,Cập nhật 6 ngày trước,"18,1 tỷ",,80 m²,,"226,25 triệu/m²",Đã có sổ,,,,5.46 m,,,,,Mặt tiền Hẻm xe hơi Thổ cư toàn bộ,Đất thổ cư,,,,,,,,,,
2025-10-02T23:58:24.798623,Cập nhật 6 ngày trước,165 tỷ,"Nhà mặt phố, mặt tiền",160 m²,,"1,03 tỷ/m²",Đã có sổ,nhiều hơn 10 phòng,Nhiều hơn 6 phòng,Nội thất cao cấp,8 m,,10.0,,,,,,,,,,,,,,
2025-10-02T23:58:25.088538,Cập nhật 7 ngày trước,"12,8 tỷ","Nhà ngõ, hẻm",59 m²,,"216,95 triệu/m²",Đã có sổ,4 phòng,4 phòng,Nội thất đầy đủ,6.7 m,8.5 m,4.0,,,Hẻm xe hơi,,,,,,,,,,,
2025-10-02T23:58:24.998605,Cập nhật 8 ngày trước,"32,9 tỷ",,132 m²,,"249,24 triệu/m²",Đã có sổ,,,,,,,,,,Đất thổ cư,,,,,,,,,,
2025-10-02T23:58:35.591758,Cập nhật 7 ngày trước,"6,8 tỷ","Nhà ngõ, hẻm",42 m²,,"161,90 triệu/m²",Đã có sổ,3 phòng,4 phòng,Nội thất đầy đủ,,,5.0,,,Nhà nở hậu,,,,,,,,,,,
2025-10-02T23:58:35.994259,Cập nhật 8 ngày trước,"7,2 tỷ","Nhà ngõ, hẻm",33 m²,,"218,18 triệu/m²",Đã có sổ,3 phòng,,,,,,,,,,,,,,,,,,,
2025-10-02T23:58:36.093737,Cập nhật 7 ngày trước,6 tỷ,"Nhà ngõ, hẻm",37 m²,,"162,16 triệu/m²",Đã có sổ,4 phòng,4 phòng,Nội thất đầy đủ,4 m,9 m,4.0,,,Nhà nở hậu,,,Đông Bắc,,,,,,,,
2025-10-02T23:58:36.407353,Cập nhật 2 ngày trước,"3,3 tỷ","Nhà ngõ, hẻm",65 m²,65 m²,"50,77 triệu/m²",Đang chờ sổ,2 phòng,2 phòng,,4 m,,2.0,,,Hẻm xe hơi Nhà nở hậu,,,Bắc,,,,,,,,
2025-10-02T23:58:44.511282,Cập nhật 6 ngày trước,"6,7 tỷ","Nhà ngõ, hẻm",24.5 m²,24.5 m²,"273,47 triệu/m²",Đã có sổ,5 phòng,4 phòng,Nội thất đầy đủ,3.1 m,,5.0,,,,,,,,,,,,,,
2025-10-02T23:58:46.532417,Cập nhật 6 ngày trước,"6,95 tỷ","Nhà ngõ, hẻm",35 m²,35 m²,"198,57 triệu/m²",Đã có sổ,7 phòng,,Nội thất đầy đủ,4 m,,6.0,,,Nhà nở hậu,,,,,,,,,,,
2025-10-02T23:58:47.154462,Cập nhật 6 ngày trước,89 tỷ,Nhà biệt thự,342 m²,,"260,23 triệu/m²",Đã có sổ,4 phòng,2 phòng,Nội thất cao cấp,,,3.0,,,,,,,,,,,,,,
2025-10-02T23:58:47.448474,Cập nhật 6 ngày trước,"7,38 tỷ","Nhà ngõ, hẻm",56 m²,,"131,79 triệu/m²",Đã có sổ,4 phòng,4 phòng,Nội thất đầy đủ,,,5.0,,,Hẻm xe hơi Nhà nở hậu,,,,,,,,,,,
2025-10-02T23:58:48.664452,Cập nhật 5 ngày trước,"8,7 tỷ","Nhà ngõ, hẻm",38 m²,,"228,95 triệu/m²",Đã có sổ,4 phòng,,Nội thất đầy đủ,,,5.0,,,,,,,,,,,,,,
2025-10-02T23:58:54.446222,Cập nhật 7 ngày trước,"5,2 tỷ",,75 m²,,"69,33 triệu/m²",Sổ hồng riêng,3 phòng,,,,,,Chưa bàn giao,"Tập thể, cư xá",,,,,,,,,,,,
2025-10-02T23:58:55.855908,Cập nhật 8 ngày trước,"8,5 tỷ","Nhà ngõ, hẻm",33 m²,,"257,58 triệu/m²",Đã có sổ,3 phòng,3 phòng,Nội thất cao cấp,,,5.0,,,Hẻm xe hơi,,,,,,,,,,,
2025-10-02T23:58:58.457430,Cập nhật 6 ngày trước,"10,2 tỷ","Nhà ngõ, hẻm",45 m²,200 m²,"226,67 triệu/m²",Đã có sổ,3 phòng,3 phòng,Nội thất đầy đủ,4.1 m,10.9 m,5.0,,,Hẻm xe hơi,,,Tây,,,,,,,,
2025-10-02T23:58:59.569689,Cập nhật 8 ngày trước,"9,2 tỷ","Nhà ngõ, hẻm",56 m²,,"164,29 triệu/m²",Đã có sổ,2 phòng,,,,,,,,,,,,,,,,,,,
2025-10-02T23:58:59.653830,Cập nhật 6 ngày trước,"7,9 tỷ","Nhà ngõ, hẻm",30 m²,150 m²,"263,33 triệu/m²",Đã có sổ,3 phòng,3 phòng,Nội thất đầy đủ,3.5 m,,5.0,,,Hiện trạng khác,,,,,,,,,,,
2025-10-02T23:59:04.425760,Cập nhật 8 ngày trước,6 tỷ,,70 m²,,"85,71 triệu/m²",Đã có sổ,,,,5 m,14 m,,,,,Đất thổ cư,,,,,,,,,,
2025-10-02T23:59:06.074937,Cập nhật 6 ngày trước,"4,3 tỷ",,80 m²,,"53,75 triệu/m²",Sổ hồng riêng,3 phòng,,Nội thất đầy đủ,,,,Đã bàn giao,"Tập thể, cư xá",,,,,,,,,,,,
2025-10-02T23:59:08.811977,Cập nhật 6 ngày trước,"23,9 tỷ",Nhà phố liền kề,100 m²,,239 triệu/m²,Đã có sổ,nhiều hơn 10 phòng,,,,,5.0,,,,,,,,,,,,,,
2025-10-02T23:59:09.562773,Cập nhật 7 ngày trước,"7,11 tỷ","Nhà ngõ, hẻm",28 m²,84 m²,"253,93 triệu/m²",Đã có sổ,2 phòng,2 phòng,Nội thất đầy đủ,4.1 m,7 m,,,,Nhà nở hậu,,,,,,,,,,,
2025-10-02T23:59:10.139279,Cập nhật 7 ngày trước,"3,5 tỷ",,64 m²,,"54,69 triệu/m²",Đã có sổ,,,,,,,,,,Đất thổ cư,m²,,,,,,,,,
2025-10-02T23:59:13.091470,Cập nhật 7 ngày trước,"1,25 tỷ",,86 m²,,"14,53 triệu/m²",Đã có sổ,,,,,,,,,Mặt tiền,Đất thổ cư,,,,,,,,,,
2025-10-02T23:59:15.061880,Cập nhật 6 ngày trước,"10,8 tỷ","Nhà ngõ, hẻm",120 m²,120 m²,90 triệu/m²,Đã có sổ,6 phòng,6 phòng,Hoàn thiện cơ bản,6 m,20 m,122.0,,,Hiện trạng khác,,,Tây Nam,,,,,,,,
2025-10-02T23:59:17.695080,Cập nhật 7 ngày trước,"7,5 tỷ","Nhà ngõ, hẻm",33 m²,,"227,27 triệu/m²",Đã có sổ,4 phòng,,,,,,,,,,,,,,,,,,,
2025-10-02T23:59:19.129133,Cập nhật 7 ngày trước,"13,5 tỷ","Nhà mặt phố, mặt tiền",35 m²,38 m²,"385,71 triệu/m²",Đã có sổ,4 phòng,4 phòng,Nội thất đầy đủ,6 m,7 m,5.0,,,,,,,,,,,,,,
2025-10-02T23:59:20.355315,Cập nhật 6 ngày trước,"6,6 tỷ","Nhà ngõ, hẻm",31 m²,,"212,90 triệu/m²",Đã có sổ,3 phòng,,Nội thất đầy đủ,,,,,,Hẻm xe hơi Nhà nở hậu,,,,,,,,,,,
2025-10-02T23:59:22.297559,Cập nhật 7 ngày trước,"3,35 tỷ","Nhà ngõ, hẻm",31 m²,,"108,06 triệu/m²",Đã có sổ,3 phòng,,,,,,,,,,,,,,,,,,,
2025-10-02T23:59:24.964725,Cập nhật 13 giờ trước,"10,6 tỷ","Nhà ngõ, hẻm",54 m²,54 m²,"196,30 triệu/m²",Đã có sổ,4 phòng,3 phòng,Nội thất đầy đủ,,,5.0,,,,,,,,,,,,,,
2025-10-02T23:59:29.043554,Cập nhật 7 ngày trước,"5,24 tỷ",,78 m²,,"67,18 triệu/m²",Đã có sổ,,,,4.3 m,10 m,,,,Mặt tiền Hẻm xe hơi Thổ cư toàn bộ,Đất thổ cư,,Nam,,,,,,,,
2025-10-02T23:59:29.399303,Cập nhật 6 ngày trước,"7,9 tỷ","Nhà mặt phố, mặt tiền",40 m²,40 m²,"197,50 triệu/m²",Đã có sổ,4 phòng,4 phòng,Hoàn thiện cơ bản,4 m,10 m,5.0,,,"Hẻm xe hơi
Nhà nở hậu",,,Tây Bắc,,,,,,,,
2025-10-02T23:59:29.768278,Cập nhật 6 ngày trước,"4,7 tỷ",,80 m²,,"58,75 triệu/m²",Sổ hồng riêng,3 phòng,,Nội thất đầy đủ,,,,Chưa bàn giao,"Tập thể, cư xá",,,,,,3.0,,,,,,
2025-10-02T23:59:31.525389,Cập nhật 8 ngày trước,26 tỷ,"Nhà ngõ, hẻm",62 m²,62 m²,"419,35 triệu/m²",Đã có sổ,6 phòng,6 phòng,,7 m,9 m,4.0,,,Hẻm xe hơi,,,,,,,,,,,
2025-10-02T23:59:34.298756,Cập nhật 6 ngày trước,50 triệu,,240 m²,,208.333 đ/m²,Giấy tờ khác,,,Hoàn thiện cơ bản,,,,,,,,,Đông Nam,Văn phòng,6.0,1,,,,,
2025-10-02T23:59:39.089129,Cập nhật 7 ngày trước,"6,18 tỷ","Nhà ngõ, hẻm",21 m²,25 m²,"294,29 triệu/m²",Đã có sổ,4 phòng,5 phòng,Nội thất đầy đủ,3 m,8 m,6.0,,,,,,,,,,,,,,
2025-10-02T23:59:39.660912,Cập nhật 7 ngày trước,"7,3 tỷ","Nhà ngõ, hẻm",30 m²,,"243,33 triệu/m²",Đã có sổ,3 phòng,,,,,,,,,,,,,,,,,,,
2025-10-02T23:59:39.669461,Cập nhật 8 ngày trước,"13,7 tỷ","Nhà ngõ, hẻm",52 m²,52 m²,"263,46 triệu/m²",Đã có sổ,6 phòng,5 phòng,Nội thất đầy đủ,5 m,10.5 m,5.0,,,Hẻm xe hơi Nhà nở hậu,,,,,,,,,,,
2025-10-02T23:59:41.828173,Cập nhật 8 ngày trước,"13,4 tỷ","Nhà mặt phố, mặt tiền",40 m²,,335 triệu/m²,Đã có sổ,3 phòng,3 phòng,Nội thất đầy đủ,,,3.0,,,,,,,,,,,,,,
2025-10-02T23:59:48.623753,Cập nhật 6 ngày trước,"3,3 tỷ","Nhà ngõ, hẻm",32 m²,,"103,12 triệu/m²",Đã có sổ,3 phòng,,,,,,,,,,,,,,,,,,,
2025-10-02T23:59:48.909542,Cập nhật 7 ngày trước,"5,13 tỷ","Nhà ngõ, hẻm",46 m²,,"111,52 triệu/m²",Đã có sổ,7 phòng,5 phòng,,,,,,,,,,,,,,,,,,
2025-10-02T23:59:49.105655,Cập nhật 7 ngày trước,"45,8 tỷ",Nhà biệt thự,135 m²,135 m²,"339,26 triệu/m²",Đã có sổ,3 phòng,3 phòng,Nội thất cao cấp,7 m,19 m,3.0,,,Hẻm xe hơi,,,Đông Nam,,,,,,,,
2025-10-02T23:59:57.745050,Cập nhật 7 ngày trước,"4,68 tỷ",,55 m²,,"85,09 triệu/m²",Sổ hồng riêng,2 phòng,1 phòng,Nội thất cao cấp,,,,Đã bàn giao,"Tập thể, cư xá",,,,,,,,,,Căn góc,,
2025-10-02T23:59:58.425875,Cập nhật 15 giờ trước,"13,5 tỷ","Nhà ngõ, hẻm",52 m²,,"259,62 triệu/m²",Đã có sổ,4 phòng,5 phòng,,,,6.0,,,,,,,,,,,,,,
2025-10-03T00:00:00.120265,Cập nhật 8 ngày trước,"7,2 tỷ","Nhà ngõ, hẻm",38 m²,,"189,47 triệu/m²",Đã có sổ,4 phòng,,,,,,,,,,,,,,,,,,,
2025-10-03T00:00:02.218197,Cập nhật 6 ngày trước,"9,8 tỷ","Nhà ngõ, hẻm",35 m²,,280 triệu/m²,Đã có sổ,4 phòng,4 phòng,Nội thất đầy đủ,4.4 m,7.95 m,,,,,,,,,,,,,,,
2025-10-03T00:00:02.774561,Cập nhật 5 ngày trước,"8,2 tỷ","Nhà ngõ, hẻm",35 m²,,"234,29 triệu/m²",Đã có sổ,3 phòng,4 phòng,Nội thất đầy đủ,,,5.0,,,Hẻm xe hơi Nhà nở hậu,,,,,,,,,,,
2025-10-03T00:00:06.868377,Cập nhật 8 ngày trước,"8,45 tỷ","Nhà ngõ, hẻm",43 m²,,"196,51 triệu/m²",Đã có sổ,4 phòng,3 phòng,,,,4.0,,,,,,,,,,,,,,
2025-10-03T00:00:07.609489,Cập nhật 7 ngày trước,5 tỷ,"Nhà ngõ, hẻm",33 m²,35 m²,"151,52 triệu/m²",Đã có sổ,4 phòng,4 phòng,Nội thất đầy đủ,,,5.0,,,,,,,,,,,,,,
2025-10-03T00:00:09.870560,Cập nhật 8 ngày trước,60 tỷ,"Nhà mặt phố, mặt tiền",163 m²,550 m²,"368,10 triệu/m²",Đã có sổ,nhiều hơn 10 phòng,Nhiều hơn 6 phòng,Nội thất đầy đủ,25 m,,5.0,,,Nhà nở hậu,,,,,,,,,,,
2025-10-03T00:00:12.309952,Cập nhật 2 ngày trước,"2,75 tỷ","Nhà ngõ, hẻm",42 m²,,"65,48 triệu/m²",Không có sổ,3 phòng,,,,,,,,,,,,,,,,,,,
2025-10-03T00:00:16.662679,Cập nhật 6 ngày trước,"2,35 tỷ",,55 m²,,"42,73 triệu/m²",Hợp đồng mua bán,2 phòng,1 phòng,Nội thất đầy đủ,,,,Đã bàn giao,Chung cư,,,,,,2.0,11,,,Căn góc,,
2025-10-03T00:00:16.923256,Cập nhật 5 ngày trước,"13,6 tỷ","Nhà ngõ, hẻm",60 m²,,"226,67 triệu/m²",Đã có sổ,4 phòng,3 phòng,Hoàn thiện cơ bản,3.1 m,,3.0,,,Hiện trạng khác,,,,,,,,,,,
2025-10-03T00:00:20.997250,Cập nhật 6 ngày trước,2 tỷ,,31 m²,,"64,52 triệu/m²",Đã có sổ,,,,,,,,,,Đất thổ cư,,,,,,,,,,
2025-10-03T00:00:20.726785,Cập nhật 6 ngày trước,"7,05 tỷ","Nhà ngõ, hẻm",35 m²,35 m²,"201,43 triệu/m²",Đã có sổ,3 phòng,4 phòng,Nội thất đầy đủ,3 m,,5.0,,,Nhà nở hậu,,,,,,,,5,,,
2025-10-03T00:00:23.014680,Cập nhật 8 ngày trước,"17,6 tỷ",,82 m²,,"214,63 triệu/m²",Đã có sổ,,,,5 m,16.4 m,,,,Hẻm xe hơi,Đất nền dự án,m²,Đông Bắc,,,,,,,,
2025-10-03T00:00:30.688863,Cập nhật 8 ngày trước,"5,85 tỷ","Nhà ngõ, hẻm",53 m²,53 m²,"110,38 triệu/m²",Đã có sổ,4 phòng,,Nội thất đầy đủ,3.5 m,,4.0,,,,,,,,,,,,,,
2025-10-03T00:00:31.050051,Cập nhật 8 ngày trước,"64,5 tỷ",Nhà biệt thự,360 m²,1080 m²,"179,17 triệu/m²",Đã có sổ,8 phòng,5 phòng,,20 m,19 m,3.0,,,Hẻm xe hơi,,,,,,,,,,,
2025-10-03T00:00:32.678778,Cập nhật 1 ngày trước,"4,05 tỷ",,30 m²,,135 triệu/m²,Đã có sổ,,,,4.1 m,,,,,Nở hậu,Đất thổ cư,,,,,,,,,,
2025-10-03T00:00:38.339421,Cập nhật 6 ngày trước,"5,5 tỷ","Nhà ngõ, hẻm",38 m²,38 m²,"144,74 triệu/m²",Đã có sổ,5 phòng,4 phòng,Hoàn thiện cơ bản,4 m,9 m,5.0,,,Hiện trạng khác,,,,,,,,,,,
2025-10-03T00:00:42.349000,Cập nhật 7 ngày trước,"2,55 tỷ",,36 m²,,"70,83 triệu/m²",Đã có sổ,,,,,,,,,,Đất thổ cư,m²,,,,,,,,,
2025-10-03T00:00:41.732912,Cập nhật 11 giờ trước,5 tỷ,"Nhà ngõ, hẻm",33.6 m²,33.6 m²,"148,81 triệu/m²",Đã có sổ,3 phòng,4 phòng,Nội thất cao cấp,6 m,,5.0,,,Hẻm xe hơi,,,,,,,,,,,
2025-10-03T00:00:42.121159,Cập nhật 6 ngày trước,"3,1 tỷ",,48.9 m²,,"63,39 triệu/m²",Đã có sổ,,,,3.7 m,13 m,,,,Hẻm xe hơi,Đất thổ cư,,Nam,,,,,,,,
2025-10-03T00:00:47.594193,Cập nhật 7 ngày trước,"3,85 tỷ",Nhà phố liền kề,40 m²,150 m²,"96,25 triệu/m²",Đã có sổ,4 phòng,3 phòng,Hoàn thiện cơ bản,4 m,10 m,4.0,,,,,,,,,,,,,,
2025-10-03T00:00:48.641752,Cập nhật 6 ngày trước,"26,45 tỷ","Nhà ngõ, hẻm",62 m²,70 m²,"426,61 triệu/m²",Đã có sổ,4 phòng,4 phòng,Nội thất cao cấp,6.3 m,,4.0,,,Hẻm xe hơi,,,,,,,,,,,
2025-10-03T00:00:52.599105,Cập nhật 7 ngày trước,19 tỷ,Nhà biệt thự,95 m²,,200 triệu/m²,Đã có sổ,3 phòng,3 phòng,Nội thất đầy đủ,,,3.0,,,,,,,,,,,,,,
2025-10-03T00:00:53.791487,Cập nhật 7 ngày trước,"11,9 tỷ","Nhà ngõ, hẻm",45 m²,,"264,44 triệu/m²",Đã có sổ,4 phòng,3 phòng,Nội thất cao cấp,,,4.0,,,Hẻm xe hơi,,,,,,,,,,,
2025-10-03T00:00:52.588044,Cập nhật 11 giờ trước,"13,5 tỷ","Nhà ngõ, hẻm",44 m²,44 m²,"306,82 triệu/m²",Đã có sổ,4 phòng,3 phòng,Nội thất cao cấp,4.5 m,10 m,4.0,,,Hẻm xe hơi,,,,,,,,,,,
2025-10-03T00:00:56.687863,Cập nhật 7 ngày trước,"1,48 tỷ",,80 m²,,"18,50 triệu/m²",Đã có sổ,,,,7 m,11 m,,,,,Đất thổ cư,m²,,,,,,,,,
2025-10-03T00:01:03.864805,Cập nhật 6 ngày trước,"11,8 tỷ","Nhà mặt phố, mặt tiền",37 m²,,"318,92 triệu/m²",Đã có sổ,5 phòng,5 phòng,,,,5.0,,,,,,,,,,,,,,
2025-10-03T00:01:04.069117,Cập nhật 8 ngày trước,21 tỷ,"Nhà ngõ, hẻm",81 m²,,"259,26 triệu/m²",Đã có sổ,nhiều hơn 10 phòng,Nhiều hơn 6 phòng,Nội thất cao cấp,,,8.0,,,,,,,,,,,,,,
2025-10-03T00:01:05.382292,Cập nhật 8 ngày trước,"6,3 tỷ","Nhà ngõ, hẻm",25 m²,25 m²,252 triệu/m²,Đã có sổ,3 phòng,4 phòng,Nội thất cao cấp,3.3 m,7 m,5.0,,,,,,,,,,,,,,
2025-10-03T00:01:06.702598,Cập nhật 7 ngày trước,"3,85 tỷ",,85 m²,,"45,29 triệu/m²",Sổ hồng riêng,2 phòng,2 phòng,Hoàn thiện cơ bản,,,,Chưa bàn giao,"Tập thể, cư xá",,,,,,,,,,,,
2025-10-03T00:01:08.310091,Cập nhật 1 ngày trước,"8,7 tỷ","Nhà ngõ, hẻm",40 m²,,"217,50 triệu/m²",Đã có sổ,4 phòng,,Nội thất đầy đủ,,,4.0,,,,,,,,,,,,,,
2025-10-03T00:01:12.695258,Cập nhật 6 ngày trước,"5,6 tỷ",Nhà phố liền kề,30 m²,,"186,67 triệu/m²",Đã có sổ,4 phòng,5 phòng,Hoàn thiện cơ bản,,,5.0,,,,,,,,,,,,,,
2025-10-03T00:01:13.829892,Cập nhật 7 ngày trước,"14,65 tỷ","Nhà ngõ, hẻm",45 m²,,"325,56 triệu/m²",Đã có sổ,4 phòng,4 phòng,,,,4.0,,,Hẻm xe hơi Nhà nở hậu,,,,,,,,,,,
2025-10-03T00:01:14.940298,Cập nhật 5 ngày trước,"19,9 tỷ","Nhà mặt phố, mặt tiền",110 m²,5000 m²,"180,91 triệu/m²",Đã có sổ,6 phòng,Nhiều hơn 6 phòng,,5 m,22 m,6.0,,,Nhà nở hậu,,,,,,,,,,,
2025-10-03T00:01:16.497585,Cập nhật 6 ngày trước,"24,9 tỷ","Nhà mặt phố, mặt tiền",75 m²,200 m²,332 triệu/m²,Đã có sổ,3 phòng,3 phòng,Hoàn thiện cơ bản,4.4 m,17 m,4.0,,,,,,Đông Bắc,,,,,,,,
2025-10-03T00:01:17.404744,Cập nhật 8 ngày trước,"13,5 tỷ","Nhà ngõ, hẻm",56 m²,,"241,07 triệu/m²",Đã có sổ,3 phòng,,,,,4.0,,,,,,,,,,,,,,
2025-10-03T00:01:23.544498,Cập nhật 6 ngày trước,8 tỷ,,80 m²,,100 triệu/m²,Đã có sổ,,,,,,,,,,Đất thổ cư,m²,Đông Nam,,,,,,,,
2025-10-03T00:01:23.550800,Cập nhật 1 ngày trước,"6,5 tỷ",,82.2 m²,,"79,08 triệu/m²",Sổ hồng riêng,3 phòng,2 phòng,,,,,Đã bàn giao,Chung cư,,,,Bắc,,13.0,,Tây,,,,
2025-10-03T00:01:24.478960,Cập nhật 15 giờ trước,"8,5 tỷ","Nhà ngõ, hẻm",39 m²,,"217,95 triệu/m²",Đã có sổ,4 phòng,,Nội thất đầy đủ,,,,,,,,,,,,,,,,,
2025-10-03T00:01:25.926406,Cập nhật 6 ngày trước,"1,9 tỷ",,50 m²,,38 triệu/m²,Hợp đồng mua bán,2 phòng,,,,,,Đã bàn giao,"Căn hộ dịch vụ, mini",,,,,,,,,,,,
2025-10-03T00:01:28.537914,Cập nhật 6 ngày trước,"5,6 tỷ","Nhà ngõ, hẻm",30 m²,150 m²,"186,67 triệu/m²",Đã có sổ,3 phòng,3 phòng,Hoàn thiện cơ bản,4.5 m,6.6 m,4.0,,,Hẻm xe hơi,,,Tây,,,,,,,,
2025-10-03T00:01:32.698842,Cập nhật 1 ngày trước,19 tỷ,"Nhà ngõ, hẻm",60 m²,60 m²,"316,67 triệu/m²",Đã có sổ,8 phòng,6 phòng,Nội thất đầy đủ,,,4.0,,,,,,,,,,,,,,
2025-10-03T00:01:32.732976,Cập nhật 4 giờ trước,8 tỷ,"Nhà ngõ, hẻm",35 m²,35 m²,"228,57 triệu/m²",Đã có sổ,3 phòng,3 phòng,,,,4.0,,,Hẻm xe hơi Nhà nở hậu,,,,,,,,,,,
2025-10-03T00:01:33.626083,Cập nhật 6 ngày trước,"4,8 tỷ",,55 m²,,"87,27 triệu/m²",Đã có sổ,,,,4 m,,,,,Hẻm xe hơi Thổ cư toàn bộ,Đất thổ cư,,,,,,,,,,
2025-10-03T00:01:36.198473,Cập nhật 17 giờ trước,"23,8 tỷ",Nhà phố liền kề,68 m²,,350 triệu/m²,Đã có sổ,8 phòng,Nhiều hơn 6 phòng,,,,5.0,,,,,,,,,,,,,,
2025-10-03T00:01:37.777683,Cập nhật 6 ngày trước,28 tỷ,Nhà phố liền kề,65 m²,100 m²,"430,77 triệu/m²",Đã có sổ,5 phòng,4 phòng,,5 m,20 m,4.0,,,,,,,,,,,,,,
2025-10-03T00:01:42.810775,Cập nhật 12 giờ trước,"1,32 tỷ",,60 m²,,22 triệu/m²,Đã có sổ,,,,4.18 m,18 m,,,,Nở hậu Thổ cư toàn bộ,Đất thổ cư,m²,,,,,,,,,
2025-10-03T00:01:43.512451,Cập nhật 7 ngày trước,8 tỷ,"Nhà ngõ, hẻm",35 m²,35 m²,"228,57 triệu/m²",Đã có sổ,3 phòng,2 phòng,Hoàn thiện cơ bản,4 m,8 m,3.0,,,Hẻm xe hơi,,,Đông Bắc,,,,,,,,
2025-10-03T00:01:47.224866,Cập nhật 7 ngày trước,"6,5 tỷ","Nhà ngõ, hẻm",47 m²,47 m²,"138,30 triệu/m²",Đã có sổ,5 phòng,5 phòng,Bàn giao thô,4.4 m,,1.0,,,Hẻm xe hơi,,,,,,,,,,,
2025-10-03T00:01:48.669024,Cập nhật 10 giờ trước,"2,58 tỷ","Nhà ngõ, hẻm",40 m²,120 m²,"64,50 triệu/m²",Đã có sổ,3 phòng,2 phòng,,4 m,10 m,3.0,,,Hẻm xe hơi,,,Bắc,,,,,,,,
2025-10-03T00:01:52.919765,Cập nhật 6 ngày trước,"5,2 tỷ","Nhà mặt phố, mặt tiền",39 m²,,"133,33 triệu/m²",Đã có sổ,6 phòng,,,3.8 m,,4.0,,,,,,,,,,,,,,
2025-10-03T00:01:53.223015,Cập nhật 7 ngày trước,8 tỷ,"Nhà ngõ, hẻm",40 m²,240 m²,200 triệu/m²,Đã có sổ,3 phòng,4 phòng,Nội thất đầy đủ,4 m,10 m,6.0,,,Hẻm xe hơi,,,Tây Bắc,,,,,,,,
2025-10-03T00:01:56.555105,Cập nhật 3 ngày trước,8 tỷ,"Nhà ngõ, hẻm",45 m²,45 m²,"177,78 triệu/m²",Đã có sổ,3 phòng,,,,,,,,,,,,,,,,,,,
2025-10-03T00:02:02.035833,Cập nhật 8 ngày trước,"6,2 tỷ","Nhà ngõ, hẻm",35 m²,,"177,14 triệu/m²",Đã có sổ,3 phòng,4 phòng,Hoàn thiện cơ bản,,,5.0,,,,,,,,,,,,,,
2025-10-03T00:02:02.454542,Cập nhật 6 ngày trước,"10,9 tỷ","Nhà ngõ, hẻm",44 m²,,"247,73 triệu/m²",Đã có sổ,4 phòng,,Nội thất đầy đủ,5.2 m,,4.0,,,Hẻm xe hơi Nhà nở hậu,,,,,,,,,,,
2025-10-03T00:02:06.161708,Cập nhật 6 ngày trước,"3,5 tỷ",,54 m²,,"64,81 triệu/m²",Đã có sổ,,,,,,,,,,Đất thổ cư,m²,,,,,,,,,
2025-10-03T00:02:06.637123,Cập nhật 7 ngày trước,"6,6 tỷ","Nhà ngõ, hẻm",22 m²,,300 triệu/m²,Đã có sổ,4 phòng,,,,,,,,,,,,,,,,,,,
2025-10-03T00:02:06.788029,Cập nhật 8 ngày trước,"6,1 tỷ","Nhà ngõ, hẻm",32 m²,32 m²,"190,62 triệu/m²",Đã có sổ,4 phòng,5 phòng,Hoàn thiện cơ bản,3.5 m,,6.0,,,Hẻm xe hơi,,,,,,,,,,,
2025-10-03T00:02:14.206792,Cập nhật 5 ngày trước,"7,5 tỷ","Nhà ngõ, hẻm",58 m²,,"129,31 triệu/m²",Đã có sổ,nhiều hơn 10 phòng,,Nội thất đầy đủ,,,5.0,,,,,,Đông Nam,,,,,,,,
2025-10-03T00:02:16.248424,Cập nhật 6 ngày trước,"13,25 tỷ",,50 m²,,265 triệu/m²,Đã có sổ,,,,,,,,,,Đất thổ cư,,,,,,,,,,
2025-10-03T00:02:17.041471,Cập nhật 7 ngày trước,"4,7 tỷ",,61 m²,,"77,05 triệu/m²",Sổ hồng riêng,2 phòng,2 phòng,Nội thất đầy đủ,,,,Đã bàn giao,Chung cư,,,,,,,,,,Căn góc,,
2025-10-03T00:02:17.629119,Cập nhật 6 ngày trước,"4,2 tỷ",,48 m²,,"87,50 triệu/m²",Sổ hồng riêng,3 phòng,2 phòng,Nội thất cao cấp,,,,Chưa bàn giao,"Tập thể, cư xá",,,,,,,,,,,,
2025-10-03T00:02:23.616639,Cập nhật 3 ngày trước,"20,2 tỷ",Nhà phố liền kề,50 m²,,404 triệu/m²,Đã có sổ,5 phòng,,Nội thất đầy đủ,,,,,,,,,,,,,,,,,
2025-10-03T00:02:28.143475,Cập nhật 15 giờ trước,"12,3 tỷ","Nhà ngõ, hẻm",41 m²,,300 triệu/m²,Đã có sổ,4 phòng,,,,,,,,,,,,,,,,,,,
2025-10-03T00:02:26.338959,Cập nhật 7 ngày trước,"167,8 tỷ",,250 m²,,"671,20 triệu/m²",Đã có sổ,,,Nội thất cao cấp,,,,,,,,,,Văn phòng,,,,,,,
2025-10-03T00:02:33.680470,Cập nhật 8 ngày trước,"13,8 tỷ","Nhà ngõ, hẻm",44 m²,,"313,64 triệu/m²",Đã có sổ,3 phòng,3 phòng,Nội thất đầy đủ,,,4.0,,,Hẻm xe hơi,,,,,,,,,,,
2025-10-03T00:02:37.828696,Cập nhật 8 ngày trước,"7,8 tỷ","Nhà ngõ, hẻm",38 m²,,"205,26 triệu/m²",Đã có sổ,4 phòng,,Nội thất đầy đủ,,,4.0,,,Hiện trạng khác,,,,,,,,,,,
2025-10-03T00:02:38.057057,Cập nhật 8 ngày trước,"6,4 tỷ","Nhà ngõ, hẻm",34 m²,34 m²,"188,24 triệu/m²",Đã có sổ,3 phòng,4 phòng,Nội thất đầy đủ,,,4.0,,,Nhà nở hậu,,,,,,,,8,,,
2025-10-03T00:02:38.234500,Cập nhật 6 ngày trước,8 tỷ,"Nhà ngõ, hẻm",38 m²,,"210,53 triệu/m²",Đã có sổ,4 phòng,4 phòng,Nội thất đầy đủ,3.5 m,,5.0,,,,,,,,,,,,,,
2025-10-03T00:02:42.944494,Cập nhật 7 ngày trước,"12,5 tỷ","Nhà ngõ, hẻm",65 m²,65 m²,"192,31 triệu/m²",Đã có sổ,9 phòng,5 phòng,Nội thất cao cấp,4.5 m,,5.0,,,Hẻm xe hơi,,,,,,,,,,,
2025-10-03T00:02:46.616084,Cập nhật 7 ngày trước,7 tỷ,"Nhà ngõ, hẻm",31 m²,,"225,81 triệu/m²",Đã có sổ,4 phòng,,,,,,,,,,,,,,,,,,,
2025-10-03T00:02:46.726664,Cập nhật 8 ngày trước,"12,7 tỷ","Nhà mặt phố, mặt tiền",40 m²,40 m²,"317,50 triệu/m²",Đã có sổ,5 phòng,5 phòng,Nội thất đầy đủ,3.1 m,,5.0,,,Hẻm xe hơi,,,,,,,,,,,
2025-10-03T00:02:47.852779,Cập nhật 7 ngày trước,3 tỷ,,100 m²,,30 triệu/m²,Đã có sổ,,,,,,,,,Mặt tiền Hẻm xe hơi Nở hậu,Đất thổ cư,m²,,,,,,,,,
2025-10-03T00:02:52.448882,Cập nhật 7 ngày trước,"5,65 tỷ",,66 m²,,"85,61 triệu/m²",Đã có sổ,,,,4 m,16 m,,,,Hẻm xe hơi Thổ cư toàn bộ,Đất thổ cư,,Tây Bắc,,,,,,,,
2025-10-03T00:02:56.398814,Cập nhật 7 ngày trước,18 tỷ,Nhà phố liền kề,68 m²,68 m²,"264,71 triệu/m²",Đã có sổ,5 phòng,5 phòng,Hoàn thiện cơ bản,4.5 m,15 m,5.0,,,Hẻm xe hơi,,,,,,,,,,,
2025-10-03T00:02:56.596607,Cập nhật 7 ngày trước,"6,5 tỷ","Nhà ngõ, hẻm",36 m²,,"180,56 triệu/m²",Đã có sổ,4 phòng,,,,,,,,,,,,,,,,,,,
2025-10-03T00:02:58.762769,Cập nhật 7 ngày trước,"3,55 tỷ",Nhà phố liền kề,45 m²,160 m²,"78,89 triệu/m²",Đã có sổ,3 phòng,4 phòng,Hoàn thiện cơ bản,4.5 m,10 m,4.0,,,,,,,,,,,,,,
2025-10-03T00:03:03.817418,Cập nhật 8 ngày trước,"9,35 tỷ","Nhà ngõ, hẻm",36 m²,36 m²,"259,72 triệu/m²",Đã có sổ,6 phòng,5 phòng,Nội thất đầy đủ,3.3 m,,5.0,,,Hẻm xe hơi,,,,,,,,,,,
2025-10-03T00:03:06.011700,Cập nhật 7 ngày trước,"6,5 tỷ","Nhà ngõ, hẻm",34 m²,,"191,18 triệu/m²",Đã có sổ,3 phòng,4 phòng,,,,5.0,,,Nhà nở hậu,,,,,,,,,,,
2025-10-03T00:03:07.637745,Cập nhật 6 ngày trước,"8,6 tỷ",,123 m²,,"69,92 triệu/m²",Sổ hồng riêng,3 phòng,3 phòng,,,,,Đã bàn giao,Chung cư,,,,,,,,,,Căn góc,,
2025-10-03T00:03:08.775559,Cập nhật 8 ngày trước,"5,5 tỷ","Nhà ngõ, hẻm",55 m²,55 m²,100 triệu/m²,Đã có sổ,8 phòng,,Nội thất đầy đủ,4 m,,4.0,,,Nhà nở hậu,,,,,,,,,,,
2025-10-03T00:03:12.690487,Cập nhật 7 ngày trước,8 tỷ,,88 m²,,"90,91 triệu/m²",Đã có sổ,,,,,,,,,,Đất thổ cư,m²,Đông Nam,,,,,,,,
2025-10-03T00:03:15.287559,Cập nhật 6 ngày trước,"7,2 tỷ","Nhà ngõ, hẻm",38 m²,,"189,47 triệu/m²",Đã có sổ,3 phòng,,,,,,,,,,,,,,,,,,,
2025-10-03T00:03:15.500775,Cập nhật 7 ngày trước,"1,65 tỷ",,81 m²,,"20,37 triệu/m²",Đã có sổ,,,,45 m,18 m,,,,,Đất thổ cư,m²,,,,,,,,,
2025-10-03T00:03:17.794992,Cập nhật 8 ngày trước,"8,5 tỷ","Nhà ngõ, hẻm",49 m²,,"173,47 triệu/m²",Đã có sổ,5 phòng,,,,,5.0,,,,,,,,,,,,,,
2025-10-03T00:03:18.189472,Cập nhật 7 ngày trước,15 tỷ,Nhà phố liền kề,45 m²,,"333,33 triệu/m²",Đã có sổ,4 phòng,,,,,,,,,,,,,,,,,,,
2025-10-03T00:03:22.753093,Cập nhật 8 ngày trước,"3,69 tỷ","Nhà ngõ, hẻm",33 m²,,"111,82 triệu/m²",Không có sổ,4 phòng,3 phòng,,,,3.0,,,,,,,,,,,,,,
2025-10-03T00:03:25.230310,Cập nhật 6 ngày trước,5 tỷ,,62.2 m²,,"80,39 triệu/m²",Đã có sổ,,,,,,,,,Mặt tiền Thổ cư toàn bộ,Đất thổ cư,m²,,,,,,,,,
2025-10-03T00:03:26.898605,Cập nhật 8 ngày trước,180 tỷ,Nhà biệt thự,200 m²,,900 triệu/m²,Đã có sổ,nhiều hơn 10 phòng,Nhiều hơn 6 phòng,Nội thất cao cấp,,,5.0,,,,,,,,,,,,,,
2025-10-03T00:03:25.396141,Cập nhật 7 ngày trước,"15,5 tỷ","Nhà ngõ, hẻm",75 m²,,"206,67 triệu/m²",Đã có sổ,3 phòng,2 phòng,,6 m,,4.0,,,,,,,,,,,,,,
2025-10-03T00:03:27.307924,Cập nhật 7 ngày trước,9 tỷ,,130 m²,,"69,23 triệu/m²",Sổ hồng riêng,3 phòng,2 phòng,Nội thất cao cấp,,,,Đã bàn giao,Chung cư,,,,,,,,,,Căn góc,,
2025-10-03T00:03:32.435207,Cập nhật 6 ngày trước,"3,9 tỷ","Nhà ngõ, hẻm",34 m²,34 m²,"114,71 triệu/m²",Đã có sổ,4 phòng,3 phòng,Hoàn thiện cơ bản,4 m,,3.0,,,,,,,,,,,,,,
2025-10-03T00:03:36.331165,Cập nhật 4 ngày trước,"7,5 tỷ","Nhà ngõ, hẻm",30 m²,30 m²,250 triệu/m²,Đã có sổ,3 phòng,4 phòng,Nội thất cao cấp,6.4 m,,5.0,,,Hẻm xe hơi Nhà nở hậu,,,Tây Bắc,,,,,,,,
2025-10-03T00:03:36.857537,Cập nhật 2 ngày trước,21 tỷ,"Nhà mặt phố, mặt tiền",55 m²,,"381,82 triệu/m²",Đã có sổ,4 phòng,Nhiều hơn 6 phòng,,,,6.0,,,,,,,,,,,,,,
2025-10-03T00:03:36.399052,Cập nhật 7 ngày trước,"17,7 tỷ","Nhà mặt phố, mặt tiền",59 m²,59 m²,300 triệu/m²,Đã có sổ,3 phòng,3 phòng,Hoàn thiện cơ bản,3.8 m,,4.0,,,,,,,,,,,,,,
2025-10-03T00:03:35.688150,Cập nhật 8 ngày trước,"19,5 tỷ","Nhà ngõ, hẻm",110 m²,550 m²,"177,27 triệu/m²",Đã có sổ,nhiều hơn 10 phòng,Nhiều hơn 6 phòng,Nội thất đầy đủ,7 m,,5.0,,,Hiện trạng khác,,,,,,,,,,,
2025-10-03T00:03:41.961923,Cập nhật 7 ngày trước,"27,4 tỷ","Nhà mặt phố, mặt tiền",96 m²,,"285,42 triệu/m²",Đã có sổ,5 phòng,,,,,,,,,,,,,,,,,,,
2025-10-03T00:03:47.217571,Cập nhật 6 ngày trước,"5,2 tỷ",,50 m²,,104 triệu/m²,Đã có sổ,,,,4 m,12 m,,,,Hẻm xe hơi Thổ cư toàn bộ,Đất thổ cư,,Nam,,,,,,,,
2025-10-03T00:03:47.286890,Cập nhật 7 ngày trước,"7,9 tỷ","Nhà ngõ, hẻm",33 m²,33 m²,"239,39 triệu/m²",Đã có sổ,4 phòng,4 phòng,Nội thất đầy đủ,3.5 m,9 m,5.0,,,,,,,,,,,,,,
2025-10-03T00:03:47.568202,Cập nhật 6 ngày trước,"5,3 tỷ",,55 m²,,"96,36 triệu/m²",Đã có sổ,,,,5 m,11 m,,,,Hẻm xe hơi Thổ cư toàn bộ,Đất thổ cư,m²,Bắc,,,,,,,,
2025-10-03T00:03:49.653980,Cập nhật 6 ngày trước,"8,75 tỷ","Nhà ngõ, hẻm",40 m²,,"218,75 triệu/m²",Đã có sổ,4 phòng,,,,,,,,,,,,,,,,,,,
2025-10-03T00:03:51.171485,Cập nhật 8 ngày trước,"7,8 tỷ","Nhà mặt phố, mặt tiền",38 m²,300 m²,"205,26 triệu/m²",Đã có sổ,3 phòng,4 phòng,,5 m,8 m,5.0,,,Hẻm xe hơi Nhà nở hậu,,,,,,,,,,,
2025-10-03T00:03:57.727660,Cập nhật 7 ngày trước,"4,29 tỷ","Nhà ngõ, hẻm",25 m²,25 m²,"171,60 triệu/m²",Đã có sổ,3 phòng,3 phòng,Nội thất đầy đủ,4 m,6.25 m,5.0,,,Nhà nở hậu,,,,,,,,,,,
2025-10-03T00:03:58.070016,Cập nhật 8 ngày trước,"12,5 tỷ","Nhà ngõ, hẻm",54 m²,,"231,48 triệu/m²",Đã có sổ,3 phòng,4 phòng,,4.5 m,12 m,4.0,,,,,,,,,,,,,,
2025-10-03T00:03:58.224577,Cập nhật 5 ngày trước,"7,86 tỷ","Nhà ngõ, hẻm",31 m²,,"253,55 triệu/m²",Đã có sổ,3 phòng,4 phòng,Nội thất đầy đủ,6 m,5 m,5.0,,,Hiện trạng khác,,,,,,,,,,,
2025-10-03T00:04:00.356198,Cập nhật 7 ngày trước,"6,29 tỷ",,69 m²,,"91,16 triệu/m²",Đã có sổ,,,,4 m,17 m,,,,Mặt tiền Hẻm xe hơi Thổ cư toàn bộ,Đất thổ cư,m²,Đông,,,,,,,,
2025-10-03T00:04:02.401721,Cập nhật 7 ngày trước,"7,35 tỷ","Nhà ngõ, hẻm",38 m²,38 m²,"193,42 triệu/m²",Đã có sổ,3 phòng,4 phòng,Nội thất đầy đủ,,,5.0,,,Hẻm xe hơi Nhà nở hậu,,,,,,,,,,,
2025-10-03T00:04:08.069470,Cập nhật 3 ngày trước,"1,503 tỷ",,104 m²,,"14,46 triệu/m²",Đã có sổ,,,,,,,,,Nở hậu Thổ cư toàn bộ Hẻm xe hơi Mặt tiền,Đất thổ cư,,,,,,,,,,
2025-10-03T00:04:08.186675,Cập nhật 7 ngày trước,"3,6 tỷ",,55 m²,,"65,45 triệu/m²",Đã có sổ,,,,,,,,,,Đất thổ cư,m²,,,,,,,,,
2025-10-03T00:04:08.162676,Cập nhật 8 ngày trước,"3,8 tỷ","Nhà ngõ, hẻm",40 m²,,95 triệu/m²,Đã có sổ,4 phòng,,,,,4.0,,,,,,,,,,,,,,
2025-10-03T00:04:12.025345,Cập nhật 8 ngày trước,"7,5 tỷ","Nhà ngõ, hẻm",45 m²,,"166,67 triệu/m²",Đã có sổ,4 phòng,,,,,,,,,,,,,,,,,,,
2025-10-03T00:04:17.788571,Cập nhật 7 ngày trước,"6,9 tỷ","Nhà ngõ, hẻm",37 m²,,"186,49 triệu/m²",Đã có sổ,3 phòng,,,,,,,,Hẻm xe hơi,,,,,,,,,,,
2025-10-03T00:04:18.035758,Cập nhật 6 ngày trước,"10,5 tỷ","Nhà mặt phố, mặt tiền",72 m²,75 m²,"145,83 triệu/m²",Đã có sổ,2 phòng,2 phòng,Hoàn thiện cơ bản,10 m,7 m,2.0,,,Hẻm xe hơi Nhà nở hậu,,,Nam,,,,,,,,
2025-10-03T00:04:18.842353,Cập nhật 6 ngày trước,"5,7 tỷ",,36 m²,,"158,33 triệu/m²",Đã có sổ,,,,4 m,,,,,Mặt tiền Hẻm xe hơi,Đất thổ cư,m²,Đông Nam,,,,,,,,
2025-10-03T00:04:19.371661,Cập nhật 4 ngày trước,"4,65 tỷ",,75 m²,,62 triệu/m²,Sổ hồng riêng,2 phòng,1 phòng,Nội thất cao cấp,,,,Đã bàn giao,"Tập thể, cư xá",,,,Nam,,3.0,,,,Căn góc,,
2025-10-03T00:04:22.773453,Cập nhật 8 ngày trước,7 tỷ,"Nhà ngõ, hẻm",33 m²,33 m²,"212,12 triệu/m²",Đã có sổ,4 phòng,4 phòng,Nội thất đầy đủ,3.8 m,,5.0,,,Hẻm xe hơi,,,Đông Nam,,,,,,,,
2025-10-03T00:04:29.358075,Cập nhật 8 ngày trước,"6,25 tỷ","Nhà ngõ, hẻm",38 m²,38 m²,"164,47 triệu/m²",Đã có sổ,3 phòng,3 phòng,Nội thất đầy đủ,4.1 m,,3.0,,,Nhà nở hậu,,,,,,,,,,,
2025-10-03T00:04:29.662782,Cập nhật 5 ngày trước,"7,65 tỷ","Nhà mặt phố, mặt tiền",56 m²,,"136,61 triệu/m²",Đã có sổ,4 phòng,,,,,,,,,,,,,,,,,,,
2025-10-03T00:04:30.490708,Cập nhật 8 ngày trước,"32,5 tỷ","Nhà mặt phố, mặt tiền",360 m²,360 m²,"90,28 triệu/m²",Đã có sổ,10 phòng,6 phòng,Nội thất đầy đủ,12 m,,3.0,,,,,,,,,,,,,,
2025-10-03T00:04:33.199947,Cập nhật 8 ngày trước,15 tỷ,,60 m²,,250 triệu/m²,Sổ hồng riêng,9 phòng,,,,,,Chưa bàn giao,"Căn hộ dịch vụ, mini",,,,,,,,,,,,
2025-10-03T00:04:41.294788,Cập nhật 6 ngày trước,"7,95 tỷ","Nhà ngõ, hẻm",45 m²,45 m²,"176,67 triệu/m²",Đã có sổ,6 phòng,5 phòng,Nội thất đầy đủ,,,5.0,,,Hẻm xe hơi Nhà nở hậu,,,,,,,,,,,
2025-10-03T00:04:41.576399,Cập nhật 8 ngày trước,"19,9 tỷ","Nhà ngõ, hẻm",103 m²,,"193,20 triệu/m²",Đã có sổ,4 phòng,4 phòng,Nội thất đầy đủ,4.2 m,22 m,3.0,,,Hẻm xe hơi Nhà nở hậu,,,,,,,,,,,
2025-10-03T00:04:41.945993,Cập nhật 8 ngày trước,"4,6 tỷ","Nhà ngõ, hẻm",46 m²,,100 triệu/m²,Đã có sổ,4 phòng,4 phòng,Nội thất đầy đủ,4 m,11.5 m,,,,,,,,,,,,,,,
2025-10-03T00:04:42.781739,Cập nhật 8 ngày trước,14 tỷ,"Nhà mặt phố, mặt tiền",38 m²,45 m²,"368,42 triệu/m²",Đã có sổ,5 phòng,,Hoàn thiện cơ bản,4 m,,5.0,,,,,,,,,,,,,,
2025-10-03T00:04:52.131630,Cập nhật 6 ngày trước,"7,29 tỷ","Nhà ngõ, hẻm",35 m²,,"208,29 triệu/m²",Đã có sổ,4 phòng,3 phòng,Nội thất đầy đủ,3.8 m,,4.0,,,Hẻm xe hơi,,,,,,,,,,,
2025-10-03T00:04:52.996955,Cập nhật 7 ngày trước,"4,35 tỷ",,76 m²,,"57,24 triệu/m²",Sổ hồng riêng,2 phòng,2 phòng,,,,,Đã bàn giao,Chung cư,,,,,,,,,,,,
2025-10-03T00:04:53.422591,Cập nhật 6 ngày trước,"7,9 tỷ","Nhà ngõ, hẻm",45 m²,,"175,56 triệu/m²",Đã có sổ,3 phòng,,,,,,,,,,,,,,,,,,,
2025-10-03T00:05:00.385320,Cập nhật 6 ngày trước,"4,95 tỷ","Nhà ngõ, hẻm",23 m²,23 m²,"215,22 triệu/m²",Đã có sổ,3 phòng,3 phòng,Nội thất đầy đủ,3 m,7.7 m,4.0,,,Nhà nở hậu,,,,,,,,3,,,
2025-10-03T00:05:00.576217,Cập nhật 8 ngày trước,"6,8 tỷ","Nhà ngõ, hẻm",36 m²,,"188,89 triệu/m²",Đã có sổ,4 phòng,4 phòng,Nội thất đầy đủ,,,4.0,,,Nhà nở hậu,,,,,,,,,,,
2025-10-03T00:05:02.964118,Cập nhật 6 ngày trước,"7,9 tỷ","Nhà ngõ, hẻm",36 m²,,"219,44 triệu/m²",Đã có sổ,4 phòng,,,,,,,,,,,,,,,,,,,
2025-10-03T00:05:03.541649,Cập nhật 6 ngày trước,"6,8 tỷ","Nhà ngõ, hẻm",30 m²,,"226,67 triệu/m²",Đã có sổ,3 phòng,4 phòng,Hoàn thiện cơ bản,,,4.0,,,,,,,,,,,,,,
2025-10-03T00:05:04.802130,Cập nhật 7 ngày trước,"14,4 tỷ","Nhà mặt phố, mặt tiền",46 m²,46 m²,"313,04 triệu/m²",Đã có sổ,4 phòng,5 phòng,Hoàn thiện cơ bản,,,5.0,,,Nhà nở hậu Hẻm xe hơi,,,,,,,,,,,
2025-10-03T00:05:10.465688,Cập nhật 5 ngày trước,"9,3 tỷ","Nhà ngõ, hẻm",48 m²,48 m²,"193,75 triệu/m²",Đã có sổ,9 phòng,Nhiều hơn 6 phòng,Nội thất đầy đủ,4 m,12 m,5.0,,,Nhà nở hậu,,,,,,,,,,,
2025-10-03T00:05:10.555839,Cập nhật 4 ngày trước,"6,75 tỷ","Nhà ngõ, hẻm",36 m²,36 m²,"187,50 triệu/m²",Đã có sổ,4 phòng,3 phòng,,6 m,,4.0,,,,,,,,,,,,,,
2025-10-03T00:05:12.310846,Cập nhật 6 ngày trước,"9,25 tỷ","Nhà ngõ, hẻm",43 m²,,"215,12 triệu/m²",Đã có sổ,4 phòng,5 phòng,,,,,,,Nhà nở hậu,,,,,,,,,,,
2025-10-03T00:05:14.245120,Cập nhật 7 ngày trước,"4,65 tỷ","Nhà ngõ, hẻm",21 m²,21 m²,"221,43 triệu/m²",Đã có sổ,3 phòng,3 phòng,,,,4.0,,,,,,,,,,,,,,
2025-10-03T00:05:19.447529,Cập nhật 8 ngày trước,"45,5 tỷ",Nhà biệt thự,180 m²,720 m²,"252,78 triệu/m²",Đã có sổ,8 phòng,5 phòng,,10 m,18 m,4.0,,,Hẻm xe hơi,,,,,,,,,,,
2025-10-03T00:05:19.574672,Cập nhật 4 ngày trước,"3,9 tỷ","Nhà ngõ, hẻm",34 m²,34 m²,"114,71 triệu/m²",Đã có sổ,4 phòng,,,4 m,,3.0,,,,,,,,,,,,,,
2025-10-03T00:05:21.163126,Cập nhật 8 ngày trước,"3,6 tỷ","Nhà ngõ, hẻm",18 m²,18 m²,200 triệu/m²,Đã có sổ,2 phòng,2 phòng,Nội thất đầy đủ,3.3 m,,3.0,,,Hẻm xe hơi Nhà nở hậu,,,,,,,,,,,
2025-10-03T00:05:22.993084,Cập nhật 6 ngày trước,"26,5 tỷ",Nhà phố liền kề,70 m²,,"378,57 triệu/m²",Đã có sổ,4 phòng,4 phòng,,6.3 m,,4.0,,,Hẻm xe hơi,,,,,,,,,,,
2025-10-03T00:05:24.414335,Cập nhật 8 ngày trước,3 tỷ,"Nhà ngõ, hẻm",80 m²,80 m²,"37,50 triệu/m²",Đã có sổ,2 phòng,1 phòng,,5.2 m,15.5 m,,,,,,,,,,,,,,,
2025-10-03T00:05:29.501533,Cập nhật 6 ngày trước,"7,35 tỷ","Nhà ngõ, hẻm",52 m²,30 m²,"141,35 triệu/m²",Đã có sổ,3 phòng,4 phòng,Nội thất đầy đủ,5.4 m,9.6 m,5.0,,,Hẻm xe hơi,,,,,,,,,,,
2025-10-03T00:05:29.849649,Cập nhật 8 ngày trước,20 tỷ,"Nhà ngõ, hẻm",60 m²,60 m²,"333,33 triệu/m²",Đã có sổ,4 phòng,4 phòng,Bàn giao thô,4.5 m,13.3 m,4.0,,,Hẻm xe hơi,,,,,,,,,,,
2025-10-03T00:05:30.489302,Cập nhật 7 ngày trước,"15,5 tỷ","Nhà ngõ, hẻm",52 m²,52 m²,"298,08 triệu/m²",Đã có sổ,4 phòng,,Nội thất cao cấp,,,,,,Nhà nở hậu,,,,,,,,,,,
2025-10-03T00:05:33.663465,Cập nhật 6 ngày trước,9 tỷ,,104 m²,,"86,54 triệu/m²",Đã có sổ,,,,,,,,,Mặt tiền Nở hậu Hẻm xe hơi,Đất thổ cư,m²,,,,,,,,,
2025-10-03T00:05:35.153604,Cập nhật 7 ngày trước,"14,8 tỷ","Nhà ngõ, hẻm",49 m²,50 m²,"302,04 triệu/m²",Đã có sổ,4 phòng,5 phòng,Nội thất đầy đủ,5 m,,6.0,,,,,,,,,,,,,,
2025-10-03T00:05:40.477851,Cập nhật 6 ngày trước,"6,9 tỷ","Nhà ngõ, hẻm",31 m²,,"222,58 triệu/m²",Đã có sổ,4 phòng,,,,,,,,,,,,,,,,,,,
2025-10-03T00:05:40.680006,Cập nhật 8 ngày trước,16 tỷ,,140 m²,,"114,29 triệu/m²",Đã có sổ,,,,7.3 m,,,,,Hẻm xe hơi Nở hậu Thổ cư toàn bộ,Đất thổ cư,,,,,,,,,,
2025-10-03T00:05:42.523271,Cập nhật 7 ngày trước,8 tỷ,"Nhà ngõ, hẻm",55 m²,200 m²,"145,45 triệu/m²",Đã có sổ,4 phòng,4 phòng,Nội thất đầy đủ,4 m,14 m,4.0,,,Hẻm xe hơi,,,,,,,,,,,
2025-10-03T00:05:44.791502,Cập nhật 2 ngày trước,11 tỷ,"Nhà ngõ, hẻm",50 m²,50 m²,220 triệu/m²,Đã có sổ,6 phòng,Nhiều hơn 6 phòng,Nội thất đầy đủ,,,5.0,,,Nhà nở hậu,,,,,,,,,,,
2025-10-03T00:05:45.178001,Cập nhật 7 ngày trước,"5,4 tỷ","Nhà ngõ, hẻm",85 m²,84.7 m²,"63,53 triệu/m²",Đã có sổ,3 phòng,2 phòng,Hoàn thiện cơ bản,5.3 m,16 m,2.0,,,Hẻm xe hơi Hiện trạng khác,,,,,,,,,,,
2025-10-03T00:05:49.478836,Cập nhật 3 ngày trước,"6,5 tỷ","Nhà ngõ, hẻm",25 m²,,260 triệu/m²,Đã có sổ,3 phòng,4 phòng,Nội thất đầy đủ,,,5.0,,,Nhà nở hậu,,,,,,,,,,,
2025-10-03T00:05:49.612343,Cập nhật 7 ngày trước,"7,86 tỷ","Nhà ngõ, hẻm",33 m²,,"238,18 triệu/m²",Đã có sổ,3 phòng,,Nội thất cao cấp,,,5.0,,,Hiện trạng khác,,,,,,,,,,,
2025-10-03T00:05:52.488923,Cập nhật 6 ngày trước,"8,3 tỷ","Nhà ngõ, hẻm",35 m²,,"237,14 triệu/m²",Đã có sổ,6 phòng,,Nội thất đầy đủ,3.5 m,10 m,5.0,,,Hẻm xe hơi Nhà nở hậu,,,,,,,,,,,
2025-10-03T00:05:54.066808,Cập nhật 8 ngày trước,"5,7 tỷ","Nhà ngõ, hẻm",33.5 m²,,"170,15 triệu/m²",Đã có sổ,5 phòng,3 phòng,Nội thất đầy đủ,,,4.0,,,,,,,,,,,,,,
2025-10-03T00:05:54.442144,Cập nhật 8 ngày trước,"7,4 tỷ","Nhà ngõ, hẻm",32 m²,,"231,25 triệu/m²",Đã có sổ,4 phòng,4 phòng,Nội thất đầy đủ,4 m,8 m,6.0,,,,,,,,,,,,,,
2025-10-03T00:05:58.769696,Cập nhật 5 ngày trước,"8,8 tỷ",,40 m²,,220 triệu/m²,Đã có sổ,,,,,,,,,Mặt tiền Hẻm xe hơi,Đất thổ cư,,,,,,,,,,
2025-10-03T00:05:59.439820,Cập nhật 6 ngày trước,"4,1 tỷ",,70 m²,,"58,57 triệu/m²",Sổ hồng riêng,2 phòng,,,,,,Đã bàn giao,"Tập thể, cư xá",,,,,,,,,,,,
2025-10-03T00:06:03.215027,Cập nhật 7 ngày trước,"3,25 tỷ",,36 m²,,"90,28 triệu/m²",Đã có sổ,,,,,,,,,,Đất thổ cư,,,,,,,,,,
2025-10-03T00:06:03.721761,Cập nhật 7 ngày trước,"6,9 tỷ","Nhà ngõ, hẻm",36 m²,,"191,67 triệu/m²",Đã có sổ,3 phòng,,,,,,,,,,,,,,,,,,,
2025-10-03T00:06:03.763272,Cập nhật 7 ngày trước,"11,5 tỷ","Nhà ngõ, hẻm",67 m²,67 m²,"171,64 triệu/m²",Đã có sổ,4 phòng,6 phòng,Nội thất cao cấp,5 m,13 m,7.0,,,,,,,,,,,,,,
2025-10-03T00:06:08.060431,Cập nhật 8 ngày trước,"7,25 tỷ","Nhà ngõ, hẻm",36 m²,,"201,39 triệu/m²",Đã có sổ,4 phòng,,Nội thất cao cấp,,,,,,,,,,,,,,BP249,,,
2025-10-03T00:06:08.664560,Cập nhật 7 ngày trước,"8,1 tỷ","Nhà mặt phố, mặt tiền",47 m²,,"172,34 triệu/m²",Đã có sổ,4 phòng,,,,,,,,,,,,,,,,,,,
2025-10-03T00:06:12.642702,Cập nhật 6 ngày trước,"13,5 tỷ",,44 m²,,"306,82 triệu/m²",Đã có sổ,,,,4 m,11 m,,,,Mặt tiền Hẻm xe hơi Nở hậu Chưa có thổ cư Thổ cư 1 phần,Đất thổ cư,m²,,,,,,,,,
2025-10-03T00:06:13.143531,Cập nhật 6 ngày trước,"16,8 tỷ",Nhà phố liền kề,60 m²,,280 triệu/m²,Đã có sổ,4 phòng,,,,,,,,Hẻm xe hơi,,,,,,,,,,,
2025-10-03T00:06:17.046210,Cập nhật 8 ngày trước,"1,25 tỷ",,60 m²,,"20,83 triệu/m²",Sổ chung / công chứng vi bằng,,,,,,,,,,Đất nông nghiệp,,,,,,,,,,
2025-10-03T00:06:18.172142,Cập nhật 3 giờ trước,"7,85 tỷ","Nhà ngõ, hẻm",30 m²,30 m²,"261,67 triệu/m²",Đã có sổ,3 phòng,4 phòng,Nội thất đầy đủ,4 m,,5.0,,,,,,,,,,,,,,
2025-10-03T00:06:22.094269,Cập nhật 8 ngày trước,"7,2 tỷ","Nhà ngõ, hẻm",60 m²,60 m²,120 triệu/m²,Đã có sổ,nhiều hơn 10 phòng,Nhiều hơn 6 phòng,,42 m,15 m,,,,,,,,,,,,,,,
2025-10-03T00:06:22.295734,Cập nhật 6 ngày trước,"31,9 tỷ","Nhà mặt phố, mặt tiền",111 m²,,"287,39 triệu/m²",Đã có sổ,3 phòng,,,,,2.0,,,,,,,,,,,,,,
2025-10-03T00:06:23.925859,Cập nhật 5 ngày trước,12 tỷ,"Nhà ngõ, hẻm",38 m²,,"315,79 triệu/m²",Đã có sổ,3 phòng,4 phòng,Nội thất đầy đủ,,,6.0,,,Nhà nở hậu Hẻm xe hơi,,,Đông Nam,,,,,,,,
2025-10-03T00:06:26.208944,Cập nhật 4 ngày trước,"1,18 tỷ",,113 m²,,"10,44 triệu/m²",Đã có sổ,,,,,,,,,Mặt tiền Thổ cư 1 phần,Đất thổ cư,m²,,,,,,,,,
2025-10-03T00:06:32.346540,Cập nhật 2 ngày trước,"6,6 tỷ","Nhà ngõ, hẻm",41 m²,,"160,98 triệu/m²",Đã có sổ,4 phòng,,,,,,,,,,,,,,,,,,,
2025-10-03T00:06:32.270380,Cập nhật 6 ngày trước,"1,48 tỷ",,35 m²,,"42,29 triệu/m²",Hợp đồng mua bán,1 phòng,1 phòng,Nội thất đầy đủ,,,,Đã bàn giao,"Căn hộ dịch vụ, mini",,,,,,2.0,7,,,,,
2025-10-03T00:06:36.308555,Cập nhật 6 ngày trước,8 tỷ,"Nhà ngõ, hẻm",30 m²,,"266,67 triệu/m²",Đã có sổ,4 phòng,,,,,,,,,,,,,,,,,,,
2025-10-03T00:06:44.468797,Cập nhật 8 ngày trước,4 tỷ,,55 m²,,"72,73 triệu/m²",Đã có sổ,,,,4 m,14 m,,,,,Đất thổ cư,,,,,,,,,,
2025-10-03T00:06:46.794235,Cập nhật 2 ngày trước,"14,5 tỷ","Nhà ngõ, hẻm",50 m²,,290 triệu/m²,Đã có sổ,nhiều hơn 10 phòng,,,,,,,,,,,,,,,,,,,
2025-10-03T00:06:48.304861,Cập nhật 8 ngày trước,"6,688 tỷ","Nhà ngõ, hẻm",40 m²,40 m²,"167,20 triệu/m²",Đã có sổ,4 phòng,3 phòng,,,,,,,,,,,,,,,,,,
2025-10-03T00:06:48.310607,Cập nhật 8 ngày trước,33 tỷ,"Nhà mặt phố, mặt tiền",95 m²,95 m²,"347,37 triệu/m²",Đã có sổ,7 phòng,Nhiều hơn 6 phòng,,9.5 m,10 m,,,,,,,,,,,,,,,
2025-10-03T00:06:51.880325,Cập nhật 7 ngày trước,"7,8 tỷ","Nhà ngõ, hẻm",65 m²,,120 triệu/m²,Đã có sổ,4 phòng,,,,,,,,,,,,,,,,,,,
2025-10-03T00:06:54.024808,Cập nhật 6 ngày trước,"20,5 tỷ",Nhà phố liền kề,52 m²,,"394,23 triệu/m²",Đã có sổ,5 phòng,4 phòng,Nội thất cao cấp,,,6.0,,,Hẻm xe hơi Nhà nở hậu,,,,,,,,,,,
2025-10-03T00:06:55.323757,Cập nhật 6 ngày trước,"8,066 tỷ","Nhà ngõ, hẻm",43 m²,43 m²,"187,58 triệu/m²",Đã có sổ,5 phòng,3 phòng,Nội thất đầy đủ,,,4.0,,,,,,,,,,,,,,
2025-10-03T00:06:57.823698,Cập nhật 10 giờ trước,"26,5 tỷ",Nhà biệt thự,62 m²,,"427,42 triệu/m²",Đã có sổ,3 phòng,,Nội thất cao cấp,,,,,,Hẻm xe hơi,,,,,,,,,,,
2025-10-03T00:06:59.583842,Cập nhật 4 ngày trước,12 tỷ,"Nhà mặt phố, mặt tiền",35 m²,175 m²,"342,86 triệu/m²",Đã có sổ,3 phòng,5 phòng,Hoàn thiện cơ bản,3.5 m,10 m,6.0,,,,,,,,,,,,,,
2025-10-03T00:07:01.896527,Cập nhật 17 giờ trước,"6,8 tỷ","Nhà ngõ, hẻm",36 m²,150 m²,"188,89 triệu/m²",Đã có sổ,4 phòng,3 phòng,,6 m,6 m,,,,Hẻm xe hơi,,,,,,,,,,,
2025-10-03T00:07:04.890667,Cập nhật 7 ngày trước,"9,5 tỷ",,110 m²,,"86,36 triệu/m²",Sổ hồng riêng,3 phòng,2 phòng,Nội thất cao cấp,,,,Đã bàn giao,Chung cư,,,,,,,,,,Căn góc,,
2025-10-03T00:07:11.132630,Cập nhật 7 ngày trước,12 tỷ,"Nhà ngõ, hẻm",52 m²,,"230,77 triệu/m²",Đã có sổ,4 phòng,,,,,,,,,,,,,,,,,,,
2025-10-03T00:07:10.764557,Cập nhật 7 giờ trước,"14,8 tỷ","Nhà ngõ, hẻm",42 m²,,"352,38 triệu/m²",Đã có sổ,3 phòng,,,4.4 m,9.5 m,6.0,,,,,,,,,,,,,,
2025-10-03T00:07:10.870303,Cập nhật 7 ngày trước,"17,9 tỷ","Nhà mặt phố, mặt tiền",54 m²,54 m²,"331,48 triệu/m²",Đã có sổ,4 phòng,4 phòng,Nội thất đầy đủ,3.9 m,,5.0,,,Nhà nở hậu,,,,,,,,,,,
2025-10-03T00:07:13.481465,Cập nhật 7 ngày trước,"6,7 tỷ","Nhà ngõ, hẻm",30 m²,,"223,33 triệu/m²",Đã có sổ,4 phòng,3 phòng,Nội thất cao cấp,3 m,,5.0,,,,,,,,,,,,,,
2025-10-03T00:07:14.350911,Cập nhật 6 ngày trước,"6,4 tỷ","Nhà ngõ, hẻm",35 m²,38 m²,"182,86 triệu/m²",Đã có sổ,3 phòng,4 phòng,Nội thất đầy đủ,3.8 m,9 m,5.0,,,Nhà nở hậu,,,,,,,,,,,
2025-10-03T00:07:21.322762,Cập nhật 6 ngày trước,"8,7 tỷ","Nhà ngõ, hẻm",35 m²,,"248,57 triệu/m²",Đã có sổ,4 phòng,5 phòng,Hoàn thiện cơ bản,,,7.0,,,,,,,,,,,,,,
2025-10-03T00:07:22.958424,Cập nhật 7 ngày trước,8 tỷ,"Nhà ngõ, hẻm",35 m²,,"228,57 triệu/m²",Đã có sổ,4 phòng,3 phòng,Nội thất cao cấp,4 m,9 m,4.0,,,Nhà nở hậu,,,Đông Bắc,,,,,,,,
2025-10-03T00:07:23.183657,Cập nhật 7 ngày trước,"14,45 tỷ","Nhà ngõ, hẻm",53 m²,53 m²,"272,64 triệu/m²",Đã có sổ,5 phòng,5 phòng,Nội thất đầy đủ,,,5.0,,,Nhà nở hậu,,,,,,,,,,,
2025-10-03T00:07:22.982430,Cập nhật 8 ngày trước,"16,2 tỷ","Nhà mặt phố, mặt tiền",52 m²,52 m²,"311,54 triệu/m²",Đã có sổ,1 phòng,1 phòng,,4 m,15 m,1.0,,,Hẻm xe hơi,,,,,,,,,,,
2025-10-03T00:07:25.441487,Cập nhật 7 ngày trước,"6,85 tỷ","Nhà ngõ, hẻm",30 m²,30 m²,"228,33 triệu/m²",Đã có sổ,3 phòng,4 phòng,,4 m,7.6 m,5.0,,,Nhà nở hậu,,,Đông Nam,,,,,,,,
2025-10-03T00:07:31.162120,Cập nhật 6 ngày trước,59 tỷ,,5000 m²,,"11,80 triệu/m²",Đã có sổ,,,,,,,,,,,,,Mặt bằng kinh doanh,,,,,,,
2025-10-03T00:07:34.745145,Cập nhật 3 ngày trước,6 tỷ,"Nhà mặt phố, mặt tiền",30 m²,30 m²,200 triệu/m²,Đã có sổ,3 phòng,4 phòng,Nội thất cao cấp,,,5.0,,,Nhà nở hậu,,,,,,,,,,,
2025-10-03T00:07:36.254339,Cập nhật 7 ngày trước,"8,85 tỷ","Nhà ngõ, hẻm",34 m²,,"260,29 triệu/m²",Đã có sổ,3 phòng,,Nội thất cao cấp,,,6.0,,,Hiện trạng khác,,,,,,,,,,,
2025-10-03T00:07:38.166859,Cập nhật 6 ngày trước,"7,95 tỷ","Nhà ngõ, hẻm",35 m²,35 m²,"227,14 triệu/m²",Đã có sổ,4 phòng,4 phòng,Hoàn thiện cơ bản,3.5 m,,5.0,,,Hẻm xe hơi Nhà nở hậu,,,Nam,,,,,,,,
2025-10-03T07:42:12.851713,Cập nhật 1 ngày trước,"8,6 tỷ","Nhà ngõ, hẻm",39 m²,,"220,51 triệu/m²",Đã có sổ,4 phòng,,Nội thất cao cấp,,,6.0,,,,,,,,,,,,,,
2025-10-03T07:42:13.809274,Cập nhật 6 ngày trước,"13,8 tỷ","Nhà ngõ, hẻm",38 m²,,"363,16 triệu/m²",Đã có sổ,4 phòng,3 phòng,Nội thất đầy đủ,6.15 m,,4.0,,,Nhà nở hậu,,,,,,,,,,,
2025-10-03T07:42:15.398874,Cập nhật 6 ngày trước,"2,4 tỷ",,44 m²,,"54,55 triệu/m²",Đã có sổ,,,,3.5 m,14 m,,,,"Mặt tiền
Hẻm xe hơi",Đất thổ cư,m²,Bắc,,,Đất thổ cư phường Chương Mỹ,,,,,
2025-10-03T07:42:22.315164,Cập nhật 8 ngày trước,"5,2 tỷ","Nhà ngõ, hẻm",30.5 m²,30.5 m²,"170,49 triệu/m²",Đã có sổ,4 phòng,3 phòng,Nội thất đầy đủ,3.6 m,10 m,5.0,,,Nhà nở hậu,,,,,,,,,,,
2025-10-03T07:42:33.084993,Cập nhật 4 ngày trước,"14,8 tỷ","Nhà mặt phố, mặt tiền",52 m²,,"284,62 triệu/m²",Đã có sổ,4 phòng,,,,,,,,Nhà nở hậu,,,,,,,,,,,
2025-10-03T07:42:39.867733,Cập nhật 7 ngày trước,6 tỷ,"Nhà mặt phố, mặt tiền",42 m²,,"142,86 triệu/m²",Đã có sổ,4 phòng,4 phòng,,,,5.0,,,,,,,,,,,,,,
2025-10-03T07:42:41.993915,Cập nhật 8 ngày trước,"8,15 tỷ","Nhà ngõ, hẻm",34 m²,34 m²,"239,71 triệu/m²",Đã có sổ,4 phòng,5 phòng,Nội thất đầy đủ,3.9 m,,5.0,,,Nhà nở hậu,,,,,,,,,,,
2025-10-03T07:42:44.767267,Cập nhật 7 ngày trước,"14,11 tỷ",,91 m²,,"155,05 triệu/m²",Đã có sổ,,,,6.7 m,,,,,"Mặt tiền
Hẻm xe hơi
Thổ cư toàn bộ",Đất thổ cư,,,,,,,,,,
2025-10-03T07:42:56.134975,Cập nhật 7 ngày trước,"5,3 tỷ","Nhà ngõ, hẻm",33 m²,,"160,61 triệu/m²",Đã có sổ,4 phòng,,,,,,,,,,,,,,,,,,,
2025-10-03T07:42:57.291240,Cập nhật 4 ngày trước,5 tỷ,"Nhà ngõ, hẻm",32 m²,,"156,25 triệu/m²",Đã có sổ,4 phòng,,,,,,,,,,,,,,,,,,,
2025-10-03T07:43:12.419916,Cập nhật 8 ngày trước,"3,856 tỷ",,160 m²,,"24,10 triệu/m²",Đã có sổ,,,,8 m,20 m,,,,,Đất thổ cư,m²,,,,,,,,,
2025-10-03T07:43:26.006114,Cập nhật 7 ngày trước,"6,8 tỷ","Nhà ngõ, hẻm",35 m²,,"194,29 triệu/m²",Đã có sổ,3 phòng,4 phòng,,,,5.0,,,,,,,,,,,,,,
2025-10-03T07:43:36.732112,Cập nhật 7 ngày trước,"8,2 tỷ","Nhà mặt phố, mặt tiền",44 m²,,"186,36 triệu/m²",Đã có sổ,4 phòng,,,,,,,,,,,,,,,,,,,
2025-10-03T07:43:41.579373,Cập nhật 7 ngày trước,"3,85 tỷ",,35 m²,,110 triệu/m²,Đã có sổ,,,,4 m,9 m,,,,,Đất thổ cư,m²,Đông Nam,,,,,,,,
2025-10-03T07:43:51.334257,Cập nhật 7 ngày trước,"4,85 tỷ",,41 m²,,"118,29 triệu/m²",Sổ hồng riêng,3 phòng,2 phòng,,,,,Chưa bàn giao,Chung cư,,,,,,,,,,,,
2025-10-03T07:43:53.711833,Cập nhật 21 giờ trước,"28,8 tỷ","Nhà ngõ, hẻm",70 m²,,"411,43 triệu/m²",Đã có sổ,4 phòng,,,,,5.0,,,,,,,,,,,,,,
2025-10-03T07:44:15.462336,Cập nhật 3 ngày trước,"3,2 triệu",,25 m²,,128.000 đ/m²,Sổ hồng riêng,2 phòng,1 phòng,Nội thất đầy đủ,,,,Chưa bàn giao,"Tập thể, cư xá",,,,Tây,,2.0,,Đông Nam,,,,
2025-10-03T07:44:17.186794,Cập nhật 8 ngày trước,960 triệu,,100 m²,,"9,60 triệu/m²",Đã có sổ,,,,,,,,,"Mặt tiền
Nở hậu
Thổ cư toàn bộ",Đất thổ cư,,,,,,,,,,
2025-10-03T07:44:17.555512,Cập nhật 7 ngày trước,"10,8 tỷ",,52 m²,,"207,69 triệu/m²",Đã có sổ,,,,4.5 m,,,,,Hẻm xe hơi,Đất thổ cư,m²,,,,,,,,,
2025-10-03T07:44:19.777728,Cập nhật 6 ngày trước,17 tỷ,"Nhà mặt phố, mặt tiền",60 m²,,"283,33 triệu/m²",Đã có sổ,4 phòng,,,,,,,,Hẻm xe hơi,,,,,,,,,,,
2025-10-03T07:44:25.559843,Cập nhật 7 ngày trước,"6,7 tỷ","Nhà ngõ, hẻm",32 m²,,"209,38 triệu/m²",Đã có sổ,4 phòng,,,,,,,,,,,,,,,,,,,
2025-10-03T07:44:26.117112,Cập nhật 7 ngày trước,"7,5 tỷ","Nhà ngõ, hẻm",33 m²,,"227,27 triệu/m²",Đã có sổ,4 phòng,,,,,,,,,,,,,,,,,,,
2025-10-03T07:44:47.148045,Cập nhật 7 ngày trước,"5,85 tỷ","Nhà ngõ, hẻm",44 m²,44 m²,"132,95 triệu/m²",Đã có sổ,4 phòng,,Nội thất đầy đủ,3.8 m,,5.0,,,,,,,,,,,,,,
2025-10-03T07:44:50.948334,Cập nhật 7 ngày trước,"62,79 tỷ","Nhà mặt phố, mặt tiền",195 m²,195 m²,322 triệu/m²,Đã có sổ,5 phòng,5 phòng,,8 m,25 m,6.0,,,Hiện trạng khác,,,,,,,,,,,
2025-10-03T07:44:52.888807,Cập nhật 7 ngày trước,"18,85 tỷ","Nhà ngõ, hẻm",60 m²,60 m²,"314,17 triệu/m²",Đã có sổ,5 phòng,5 phòng,,4.5 m,13 m,5.0,,,,,,,,,,,,,,
2025-10-03T07:44:57.992870,Cập nhật 6 ngày trước,"4,5 tỷ",,55 m²,,"81,82 triệu/m²",Sổ hồng riêng,2 phòng,1 phòng,,,,,Đã bàn giao,Chung cư,,,,,,,,,,,,
2025-10-03T07:45:00.636265,Cập nhật 7 ngày trước,7 tỷ,"Nhà ngõ, hẻm",56 m²,,125 triệu/m²,Đã có sổ,8 phòng,4 phòng,Nội thất cao cấp,,,5.0,,,Nhà nở hậu,,,,,,,,,,,
2025-10-03T07:45:07.003632,Cập nhật 7 ngày trước,"5,4 tỷ","Nhà mặt phố, mặt tiền",40 m²,45 m²,135 triệu/m²,Đã có sổ,4 phòng,4 phòng,Hoàn thiện cơ bản,4 m,10 m,5.0,,,Nhà nở hậu,,,,,,,,,,,
2025-10-03T07:45:10.085270,Cập nhật 9 ngày trước,"24,8 tỷ",,100 m²,,248 triệu/m²,Đã có sổ,,,,,,,,,,Đất thổ cư,,,,,,,,,,
2025-10-03T07:45:12.404639,Cập nhật 8 ngày trước,"10,3 tỷ","Nhà mặt phố, mặt tiền",40 m²,160 m²,"257,50 triệu/m²",Đã có sổ,4 phòng,4 phòng,Nội thất đầy đủ,,,4.0,,,,,,,,,,,,,,
2025-10-03T07:45:24.656924,Cập nhật 2 ngày trước,"11,9 tỷ","Nhà mặt phố, mặt tiền",42 m²,42 m²,"283,33 triệu/m²",Đã có sổ,3 phòng,,Nội thất cao cấp,4 m,,,,,,,,,,,,,,,,
2025-10-03T07:45:28.857040,Cập nhật 6 ngày trước,"6,6 tỷ","Nhà ngõ, hẻm",30 m²,,220 triệu/m²,Đã có sổ,3 phòng,4 phòng,Nội thất đầy đủ,,,5.0,,,Nhà nở hậu,,,,,,,,,,,
2025-10-03T07:45:34.045760,Cập nhật 7 ngày trước,"13,5 tỷ",Nhà phố liền kề,50 m²,50 m²,270 triệu/m²,Đã có sổ,4 phòng,4 phòng,Nội thất đầy đủ,4 m,,5.0,,,,,,,,,,,,,,
2025-10-03T07:45:36.345882,Cập nhật 6 ngày trước,"3,8 tỷ","Nhà ngõ, hẻm",34 m²,34 m²,"111,76 triệu/m²",Đã có sổ,3 phòng,,Hoàn thiện cơ bản,5 m,,4.0,,,,,,,,,,,,,,
2025-10-03T07:45:42.803170,Cập nhật 4 ngày trước,"7,5 tỷ","Nhà mặt phố, mặt tiền",40 m²,42 m²,"187,50 triệu/m²",Đã có sổ,5 phòng,6 phòng,Nội thất cao cấp,,,,,,Nhà nở hậu,,,,,,,,,,,
2025-10-03T07:45:47.391594,Cập nhật 6 ngày trước,"8,1 tỷ","Nhà ngõ, hẻm",38 m²,,"213,16 triệu/m²",Đã có sổ,4 phòng,4 phòng,Nội thất đầy đủ,3.5 m,,5.0,,,,,,,,,,,,,,
2025-10-03T07:45:51.987591,Cập nhật 6 ngày trước,"9,5 tỷ","Nhà ngõ, hẻm",35 m²,40 m²,"271,43 triệu/m²",Đã có sổ,4 phòng,3 phòng,Hoàn thiện cơ bản,,,4.0,,,,,,,,,,,,,,
2025-10-03T07:45:55.903710,Cập nhật 1 ngày trước,"2,95 tỷ",,50 m²,,59 triệu/m²,Sổ hồng riêng,2 phòng,1 phòng,Nội thất cao cấp,,,,Chưa bàn giao,Chung cư,,,,Đông Nam,,,,Đông Nam,,,,
2025-10-03T07:46:01.013637,Cập nhật 7 ngày trước,3 tỷ,,50 m²,,60 triệu/m²,Đã có sổ,,,,4 m,12 m,,,,"Mặt tiền
Nở hậu
Thổ cư toàn bộ",Đất thổ cư,m²,,,,,,,,,
2025-10-03T07:46:05.271550,Cập nhật 6 ngày trước,"13,3 tỷ","Nhà ngõ, hẻm",60 m²,60 m²,"221,67 triệu/m²",Đã có sổ,4 phòng,3 phòng,Hoàn thiện cơ bản,13.3 m,5 m,6.0,,,"Nhà nở hậu
Hẻm xe hơi",,,Bắc,,,,,,,,
2025-10-03T07:46:05.045962,Cập nhật 8 ngày trước,"7,8 tỷ","Nhà ngõ, hẻm",42 m²,,"185,71 triệu/m²",Đã có sổ,4 phòng,,,,,,,,,,,,,,,,,,,
2025-10-03T07:46:05.310224,Cập nhật 8 ngày trước,"17,7 tỷ","Nhà mặt phố, mặt tiền",59 m²,59 m²,300 triệu/m²,Đã có sổ,3 phòng,3 phòng,Hoàn thiện cơ bản,3.8 m,,4.0,,,,,,,,,,,,,,
2025-10-03T07:46:15.206493,Cập nhật 6 ngày trước,"16,8 tỷ","Nhà ngõ, hẻm",66 m²,,"254,55 triệu/m²",Đã có sổ,4 phòng,,Nội thất cao cấp,4.1 m,,,,,"Hẻm xe hơi
Nhà nở hậu",,,,,,,,,,,
2025-10-03T07:46:16.817175,Cập nhật 8 ngày trước,"14,5 tỷ","Nhà ngõ, hẻm",50 m²,50 m²,290 triệu/m²,Đã có sổ,5 phòng,3 phòng,,4 m,12 m,5.0,,,Hẻm xe hơi,,,,,,,,,,,
2025-10-03T07:46:18.035020,Cập nhật 7 ngày trước,"6,15 tỷ","Nhà ngõ, hẻm",28 m²,28 m²,"219,64 triệu/m²",Đã có sổ,3 phòng,4 phòng,Nội thất đầy đủ,4 m,7.5 m,5.0,,,Hiện trạng khác,,,,,,,,,,,
2025-10-03T07:46:18.506291,Cập nhật 7 ngày trước,"5,5 tỷ",,90 m²,,"61,11 triệu/m²",Sổ hồng riêng,3 phòng,,,,,,Chưa bàn giao,"Tập thể, cư xá",,,,,,,,,,,,
2025-10-03T07:46:19.172205,Cập nhật 8 ngày trước,"6,7 tỷ","Nhà ngõ, hẻm",46 m²,,"145,65 triệu/m²",Đã có sổ,1 phòng,1 phòng,Nội thất đầy đủ,,,1.0,,,,,,,,,,,,,,
2025-10-03T07:46:28.816841,Cập nhật 7 ngày trước,"3,6 tỷ",,26 m²,,"138,46 triệu/m²",Sổ hồng riêng,3 phòng,1 phòng,Nội thất đầy đủ,,,,Đã bàn giao,"Tập thể, cư xá",,,,,,2.0,,,,Căn góc,,
2025-10-03T07:46:29.613487,Cập nhật 7 ngày trước,"4,69 tỷ",,70 m²,,67 triệu/m²,Đã có sổ,,,,4 m,16 m,,,,"Mặt tiền
Hẻm xe hơi
Nở hậu
Thổ cư toàn bộ",Đất thổ cư,,Đông Bắc,,,,,,,,
2025-10-03T07:46:29.724227,Cập nhật 6 ngày trước,13 tỷ,"Nhà mặt phố, mặt tiền",75 m²,,"173,33 triệu/m²",Đã có sổ,3 phòng,,,,,,,,,,,,,,,,,,,
2025-10-03T07:46:30.547636,Cập nhật 8 ngày trước,"11,5 tỷ","Nhà ngõ, hẻm",72 m²,360 m²,"159,72 triệu/m²",Đã có sổ,3 phòng,,Nội thất đầy đủ,6.5 m,11 m,5.0,,,Nhà nở hậu,,,,,,,,,,,
2025-10-03T07:46:42.643909,Cập nhật 6 ngày trước,8 tỷ,"Nhà ngõ, hẻm",38 m²,,"210,53 triệu/m²",Đã có sổ,3 phòng,,Nội thất cao cấp,,,5.0,,,,,,,,,,,,,,
2025-10-03T07:46:53.870652,Cập nhật 8 ngày trước,"7,1 tỷ","Nhà ngõ, hẻm",39 m²,,"182,05 triệu/m²",Đã có sổ,3 phòng,,,,,,,,,,,,,,,,,,,
2025-10-03T07:46:55.944552,Cập nhật 8 ngày trước,"7,2 tỷ","Nhà ngõ, hẻm",35 m²,,"205,71 triệu/m²",Đã có sổ,5 phòng,,,,,,,,,,,,,,,,,,,
2025-10-03T07:46:59.260460,Cập nhật 8 ngày trước,31 tỷ,"Nhà mặt phố, mặt tiền",100 m²,,310 triệu/m²,Đã có sổ,3 phòng,,,,,,,,,,,,,,,,,,,
2025-10-03T07:46:58.598700,Cập nhật 4 ngày trước,"2,98 tỷ","Nhà ngõ, hẻm",32.4 m²,32.4 m²,"91,98 triệu/m²",Đã có sổ,3 phòng,2 phòng,Nội thất đầy đủ,3 m,11 m,4.0,,,Đất chưa chuyển thổ,,,Tây Nam,,,,,,,,
2025-10-03T07:47:15.240268,Cập nhật 2 ngày trước,"1,3 tỷ","Nhà ngõ, hẻm",30 m²,,"43,33 triệu/m²",Giấy tờ viết tay,2 phòng,,,,,,,,,,,,,,,,,,,
2025-10-03T07:47:25.597506,Cập nhật 7 ngày trước,"9,3 tỷ","Nhà ngõ, hẻm",35 m²,,"265,71 triệu/m²",Đã có sổ,3 phòng,,,,,,,,,,,,,,,,,,,
2025-10-03T07:47:36.386577,Cập nhật 6 ngày trước,"5,4 tỷ",,70 m²,,"77,14 triệu/m²",Sổ hồng riêng,3 phòng,2 phòng,,,,,Đã bàn giao,Chung cư,,,,,,,,,,,,
2025-10-03T07:47:37.897020,Cập nhật 4 ngày trước,"4,76 tỷ",,107 m²,,"44,49 triệu/m²",Đã có sổ,,,,,,,,,"Mặt tiền
Thổ cư toàn bộ",Đất thổ cư,,,,,Hồ Vai Réo,,,,,
2025-10-03T07:47:42.370001,Cập nhật 7 ngày trước,"7,9 tỷ","Nhà ngõ, hẻm",46 m²,,"171,74 triệu/m²",Đã có sổ,4 phòng,,,,,6.0,,,Nhà nở hậu,,,,,,,,,,,
2025-10-03T07:47:48.940909,Cập nhật 8 ngày trước,"6,4 tỷ","Nhà ngõ, hẻm",30 m²,,"213,33 triệu/m²",Đã có sổ,3 phòng,,Nội thất đầy đủ,4.9 m,,5.0,,,Nhà nở hậu,,,,,,,,,,,
2025-10-03T07:47:50.322815,Cập nhật 8 ngày trước,"16,5 tỷ",,106 m²,,"155,66 triệu/m²",Đã có sổ,,,,,,,,,"Nở hậu
Thổ cư toàn bộ",Đất thổ cư,m²,,,,,,,,,
2025-10-03T07:47:55.764387,Cập nhật 6 ngày trước,"4,25 tỷ",,48 m²,,"88,54 triệu/m²",Đã có sổ,,,,4 m,12 m,,,,"Thổ cư toàn bộ
Hẻm xe hơi",Đất thổ cư,,,,,,,,,,
2025-10-03T07:48:09.810040,Cập nhật 8 ngày trước,"7,1 tỷ","Nhà ngõ, hẻm",35 m²,35 m²,"202,86 triệu/m²",Đã có sổ,3 phòng,4 phòng,Nội thất cao cấp,4 m,9 m,5.0,,,"Nhà nở hậu
Hẻm xe hơi",,,Nam,,,,,,,,
2025-10-03T07:48:17.226761,Cập nhật 8 ngày trước,"3,65 tỷ","Nhà ngõ, hẻm",17 m²,17 m²,"214,71 triệu/m²",Đã có sổ,2 phòng,2 phòng,Hoàn thiện cơ bản,3 m,,3.0,,,"Hẻm xe hơi
Nhà nở hậu",,,,,,,,,,,
2025-10-03T07:48:22.927965,Cập nhật 21 giờ trước,"4,35 tỷ",,100 m²,,"43,50 triệu/m²",Sổ hồng riêng,3 phòng,2 phòng,Nội thất đầy đủ,,,,Đã bàn giao,"Tập thể, cư xá",,,,Tây Bắc,,,,Đông Nam,,Căn góc,,
2025-10-03T07:48:34.656503,Cập nhật 7 ngày trước,"6,6 tỷ","Nhà ngõ, hẻm",32 m²,,"206,25 triệu/m²",Đã có sổ,3 phòng,,,,,,,,,,,,,,,,,,,
2025-10-03T07:48:37.385448,Cập nhật 8 ngày trước,28 tỷ,Nhà biệt thự,120 m²,120 m²,"233,33 triệu/m²",Đã có sổ,5 phòng,5 phòng,,20 m,6 m,,,,,,,,,,,,,,,
2025-10-03T07:48:44.762455,Cập nhật 6 ngày trước,"2,97 tỷ",,66 m²,,45 triệu/m²,Đã có sổ,,,,,,,,,,Đất thổ cư,m²,,,,,,,,,
2025-10-03T07:48:52.531632,Cập nhật 8 ngày trước,3 tỷ,,80 m²,,"37,50 triệu/m²",Đã có sổ,,,,5.2 m,15.5 m,,,,,Đất thổ cư,,,,,,,,,,
2025-10-03T07:49:03.421836,Cập nhật 6 ngày trước,"8,2 tỷ","Nhà mặt phố, mặt tiền",35.1 m²,35.1 m²,"233,62 triệu/m²",Đã có sổ,3 phòng,5 phòng,Hoàn thiện cơ bản,10.64 m,3.3 m,,,,Nhà nở hậu,,,,,,,,,,,
2025-10-03T07:49:06.539254,Cập nhật 2 ngày trước,"4,95 tỷ","Nhà ngõ, hẻm",35 m²,,"141,43 triệu/m²",Đã có sổ,4 phòng,4 phòng,,,,4.0,,,,,,Tây Bắc,,,,,,,,
2025-10-03T07:49:10.813545,Cập nhật 2 ngày trước,"12,9 tỷ","Nhà mặt phố, mặt tiền",43 m²,50 m²,300 triệu/m²,Đã có sổ,4 phòng,3 phòng,,4.5 m,11 m,5.0,,,Hẻm xe hơi,,,Tây,,,,,,,,
2025-10-03T07:49:17.360773,Cập nhật 8 ngày trước,"4,2 tỷ",,64 m²,,"65,62 triệu/m²",Đã có sổ,,,,4 m,16 m,,,,"Hẻm xe hơi
Thổ cư toàn bộ",Đất thổ cư,m²,Đông,,,,,,,,
2025-10-03T07:49:21.135564,Cập nhật 6 ngày trước,"7,6 tỷ","Nhà ngõ, hẻm",43 m²,,"176,74 triệu/m²",Đã có sổ,3 phòng,,,,,5.0,,,,,,,,,,,,,,
2025-10-03T07:49:20.976321,Cập nhật 13 giờ trước,"2,86 tỷ","Nhà ngõ, hẻm",15 m²,18 m²,"190,67 triệu/m²",Đã có sổ,2 phòng,2 phòng,Nội thất cao cấp,,,4.0,,,Hẻm xe hơi,,,,,,,,,,,
2025-10-03T07:49:37.121304,Cập nhật 7 ngày trước,950 triệu,,50 m²,,19 triệu/m²,Hợp đồng mua bán,2 phòng,1 phòng,Nội thất cao cấp,,,,Đã bàn giao,Chung cư,,,,,,,,,,,,
2025-10-03T07:49:47.222627,Cập nhật 8 ngày trước,10 tỷ,"Nhà ngõ, hẻm",42 m²,,"238,10 triệu/m²",Đã có sổ,4 phòng,,Nội thất cao cấp,,,6.0,,,,,,,,,,,,,,
2025-10-03T07:49:49.103721,Cập nhật 7 ngày trước,890 triệu,,40 m²,,"22,25 triệu/m²",Sổ hồng riêng,2 phòng,1 phòng,Nội thất cao cấp,,,,Đã bàn giao,"Căn hộ dịch vụ, mini",,,,,,,,,,,,
2025-10-03T07:49:53.175409,Cập nhật 5 ngày trước,"1,18 tỷ",,113 m²,,"10,44 triệu/m²",Đã có sổ,,,,,,,,,"Mặt tiền
Thổ cư 1 phần",Đất thổ cư,m²,,,,,,,,,
2025-10-03T07:49:57.790367,Cập nhật 7 ngày trước,"1,9 tỷ",,61.2 m²,,"31,05 triệu/m²",Đã có sổ,,,,,,,,,,Đất thổ cư,m²,,,,,,,,,
2025-10-03T07:49:57.609004,Cập nhật 7 ngày trước,"4,7 tỷ",,65.5 m²,,"71,76 triệu/m²",Sổ hồng riêng,2 phòng,,,,,,Đã bàn giao,Chung cư,,,,,,,,,,,,
2025-10-03T07:50:02.902927,Cập nhật 6 ngày trước,"14,45 tỷ","Nhà ngõ, hẻm",42 m²,,"344,05 triệu/m²",Đã có sổ,4 phòng,,Hoàn thiện cơ bản,4.1 m,,4.0,,,"Hẻm xe hơi
Nhà nở hậu",,,,,,,,,,,
2025-10-03T07:50:07.765948,Cập nhật 6 ngày trước,"8,35 tỷ","Nhà mặt phố, mặt tiền",20 m²,,"417,50 triệu/m²",Đã có sổ,3 phòng,4 phòng,Nội thất đầy đủ,,,4.0,,,,,,,,,,,,,,
2025-10-03T07:50:20.277948,Cập nhật 7 ngày trước,"4,55 tỷ","Nhà ngõ, hẻm",50 m²,,91 triệu/m²,Đã có sổ,4 phòng,,,,,,,,,,,,,,,,,,,
2025-10-03T07:50:26.358757,Cập nhật 7 ngày trước,"5,9 tỷ","Nhà ngõ, hẻm",26 m²,,"226,92 triệu/m²",Đã có sổ,3 phòng,,Nội thất đầy đủ,,,5.0,,,,,,,,,,,,,,
2025-10-03T07:50:32.314669,Cập nhật 8 ngày trước,"6,4 tỷ",,44 m²,,"145,45 triệu/m²",Sổ hồng riêng,4 phòng,,,,,,Chưa bàn giao,Chung cư,,,,,,,,,,,,
2025-10-03T07:50:35.992709,Cập nhật 7 ngày trước,"1,75 tỷ","Nhà ngõ, hẻm",44 m²,44 m²,"39,77 triệu/m²",Không có sổ,2 phòng,1 phòng,Hoàn thiện cơ bản,3.7 m,,2.0,,,,,,,,,,,,,,
2025-10-03T07:50:40.294377,Cập nhật 8 ngày trước,"6,45 tỷ","Nhà ngõ, hẻm",32 m²,32 m²,"201,56 triệu/m²",Đã có sổ,4 phòng,,,,,,,,,,,,,,,,,,,
2025-10-03T07:50:46.586676,Cập nhật 6 ngày trước,"6,35 tỷ","Nhà ngõ, hẻm",50 m²,36 m²,127 triệu/m²,Đã có sổ,5 phòng,4 phòng,Nội thất đầy đủ,,,5.0,,,Hẻm xe hơi,,,,,,,,,,,
2025-10-03T07:50:51.350663,Cập nhật 8 ngày trước,"2,15 tỷ",,114 m²,,"18,86 triệu/m²",Đã có sổ,,,,5.3 m,,,,,Thổ cư toàn bộ,Đất thổ cư,m²,,,,,,,,,
2025-10-03T07:51:00.188047,Cập nhật 8 ngày trước,"17,5 tỷ","Nhà mặt phố, mặt tiền",54 m²,54 m²,"324,07 triệu/m²",Đã có sổ,2 phòng,3 phòng,Nội thất đầy đủ,3.6 m,,4.0,,,Nhà nở hậu,,,,,,,,,,,
2025-10-03T07:51:07.835928,Cập nhật 6 ngày trước,"7,85 tỷ","Nhà ngõ, hẻm",38 m²,,"206,58 triệu/m²",Đã có sổ,4 phòng,,,,,,,,Hẻm xe hơi,,,,,,,,,,,
2025-10-03T07:51:13.758472,Cập nhật 7 ngày trước,"6,85 tỷ","Nhà ngõ, hẻm",32 m²,,"214,06 triệu/m²",Đã có sổ,3 phòng,,,,,,,,,,,,,,,,,,,
2025-10-03T07:51:14.512772,Cập nhật 14 giờ trước,"1,1 tỷ","Nhà ngõ, hẻm",10 m²,30 m²,110 triệu/m²,Đã có sổ,2 phòng,1 phòng,,,,,,,,,,,,,,,,,,
2025-10-03T07:51:19.337667,Cập nhật 7 ngày trước,"7,1 tỷ","Nhà ngõ, hẻm",40 m²,40 m²,"177,50 triệu/m²",Đã có sổ,6 phòng,6 phòng,Nội thất đầy đủ,3.2 m,12 m,6.0,,,,,,,,,,,,,,
2025-10-03T07:51:29.836818,Cập nhật 6 ngày trước,"9,5 tỷ","Nhà mặt phố, mặt tiền",63 m²,,"150,79 triệu/m²",Đã có sổ,3 phòng,2 phòng,Nội thất đầy đủ,,,3.0,,,,,,,,,,,,,,
2025-10-03T07:51:34.924551,Cập nhật 6 ngày trước,"7,6 tỷ","Nhà mặt phố, mặt tiền",46 m²,,"165,22 triệu/m²",Đã có sổ,4 phòng,,,,,,,,,,,,,,,,,,,
2025-10-03T07:51:43.575048,Cập nhật 4 ngày trước,34 tỷ,Nhà phố liền kề,98.5 m²,98.5 m²,"345,18 triệu/m²",Đã có sổ,nhiều hơn 10 phòng,,Nội thất cao cấp,5.2 m,19 m,7.0,,,"Hẻm xe hơi
Nhà nở hậu",,,Đông Nam,,,,,,,,
2025-10-03T07:51:47.861837,Cập nhật 3 ngày trước,"4,88 tỷ","Nhà ngõ, hẻm",23 m²,23 m²,"212,17 triệu/m²",Đã có sổ,3 phòng,4 phòng,Nội thất đầy đủ,5 m,5 m,5.0,,,"Hẻm xe hơi
Nhà nở hậu",,,Tây Bắc,,,08,,,,,
2025-10-03T07:51:49.082591,Cập nhật 8 ngày trước,"4,15 tỷ",,50 m²,,83 triệu/m²,Đã có sổ,,,,5 m,10 m,,,,"Mặt tiền
Thổ cư toàn bộ
Hẻm xe hơi",Đất thổ cư,,,,,,,,,,
2025-10-03T07:51:55.272699,Cập nhật 2 ngày trước,17 tỷ,"Nhà mặt phố, mặt tiền",585 m²,,"29,06 triệu/m²",Đã có sổ,8 phòng,5 phòng,Nội thất đầy đủ,,,,,,Hẻm xe hơi,,,,,,,,,,,
2025-10-03T07:52:03.611272,Cập nhật 1 ngày trước,"10,2 tỷ","Nhà mặt phố, mặt tiền",40 m²,,255 triệu/m²,Đã có sổ,3 phòng,,,,,,,,Hẻm xe hơi,,,,,,,,,,,
2025-10-03T07:52:09.686196,Cập nhật 8 ngày trước,"10,8 tỷ","Nhà ngõ, hẻm",57 m²,,"189,47 triệu/m²",Đã có sổ,5 phòng,,,,,,,,,,,,,,,,,,,
2025-10-03T07:52:15.288532,Cập nhật 7 ngày trước,"6,58 tỷ","Nhà ngõ, hẻm",84 m²,84 m²,"78,33 triệu/m²",Đã có sổ,4 phòng,,Hoàn thiện cơ bản,9 m,,4.0,,,,,,,,,,,,,,
2025-10-03T07:52:22.847167,Cập nhật 6 ngày trước,"6,3 tỷ",,52 m²,,"121,15 triệu/m²",Đã có sổ,,,,5.5 m,9.6 m,,,,Thổ cư toàn bộ,Đất thổ cư,m²,,,,,,,,,
2025-10-03T07:52:21.159588,Cập nhật 7 ngày trước,6 tỷ,"Nhà mặt phố, mặt tiền",39 m²,,"153,85 triệu/m²",Đã có sổ,3 phòng,,Nội thất đầy đủ,,,,,,,,,,,,,,,,,
2025-10-03T07:52:29.749505,Cập nhật 8 ngày trước,"6,8 tỷ","Nhà ngõ, hẻm",36 m²,,"188,89 triệu/m²",Đã có sổ,3 phòng,4 phòng,Nội thất đầy đủ,,,5.0,,,,,,,,,,,,,,
2025-10-03T07:52:30.570212,Cập nhật 8 ngày trước,"9,5 tỷ",,451 m²,,"21,06 triệu/m²",Đã có sổ,,,,,,,,,"Mặt tiền
Hẻm xe hơi
Nở hậu
Thổ cư 1 phần",Đất thổ cư,m²,,,,,,,,,
2025-10-03T07:52:33.191559,Cập nhật 5 ngày trước,"5,6 tỷ","Nhà ngõ, hẻm",36 m²,,"155,56 triệu/m²",Đã có sổ,3 phòng,3 phòng,,,,4.0,,,,,,,,,,,,,,
2025-10-03T07:52:42.753551,Cập nhật 6 ngày trước,"4,05 tỷ","Nhà ngõ, hẻm",32 m²,,"126,56 triệu/m²",Đã có sổ,3 phòng,,,,,,,,,,,,,,,,,,,
2025-10-03T07:52:42.255196,Cập nhật 8 ngày trước,"6,95 tỷ","Nhà ngõ, hẻm",35 m²,35 m²,"198,57 triệu/m²",Đã có sổ,6 phòng,4 phòng,Nội thất đầy đủ,3.5 m,,5.0,,,"Nhà nở hậu
Hẻm xe hơi",,,Nam,,,,,,,,
2025-10-03T07:52:56.308830,Cập nhật 8 ngày trước,"10,6 tỷ","Nhà ngõ, hẻm",46 m²,,"230,43 triệu/m²",Đã có sổ,4 phòng,,,,,,,,,,,,,,,,,,,
2025-10-03T07:53:09.394333,Cập nhật 7 ngày trước,11 tỷ,,100 m²,,110 triệu/m²,Đang chờ sổ,,,,5 m,20 m,,,,Mặt tiền,Đất nền dự án,m²,Đông,,,khu đô thị thanh hà b1.4 lk 28 ô 2,,,,,
2025-10-03T07:53:16.420398,Cập nhật 7 ngày trước,"17,6 tỷ",,125 m²,,"140,80 triệu/m²",Đã có sổ,,,,6.7 m,18.7 m,,,,"Mặt tiền
Hẻm xe hơi",Đất thổ cư,m²,Bắc,,,,,,,,
2025-10-03T07:53:17.707336,Cập nhật 5 ngày trước,"17,9 tỷ",,56 m²,,"319,64 triệu/m²",Đã có sổ,,,,3.8 m,14.7 m,,,,Mặt tiền,Đất nền dự án,m²,Đông Bắc,,,,,,,,
2025-10-03T07:53:23.522460,Cập nhật 6 ngày trước,"12,9 tỷ",,100 m²,,129 triệu/m²,Đã có sổ,,,,5 m,20 m,,,,,Đất thổ cư,,,,,,,,,,
2025-10-03T07:53:31.077427,Cập nhật 8 ngày trước,5 tỷ,"Nhà ngõ, hẻm",31 m²,,"161,29 triệu/m²",Đã có sổ,3 phòng,,,,,4.0,,,,,,,,,,,,,,
2025-10-03T07:53:33.628553,Cập nhật 8 ngày trước,"5,6 tỷ","Nhà ngõ, hẻm",45.4 m²,,"123,35 triệu/m²",Đã có sổ,3 phòng,,,,,,,,,,,,,,,,,,,
2025-10-03T07:53:37.438022,Cập nhật 8 ngày trước,"6,58 tỷ","Nhà ngõ, hẻm",32 m²,,"205,62 triệu/m²",Đã có sổ,3 phòng,4 phòng,Nội thất đầy đủ,,,5.0,,,,,,,,,,,,,,
2025-10-03T07:53:49.176401,Cập nhật 8 ngày trước,"5,5 tỷ",,39 m²,,"141,03 triệu/m²",Sổ hồng riêng,2 phòng,,,,,,Chưa bàn giao,Chung cư,,,,,,,,,,,,
2025-10-03T07:53:48.121063,Cập nhật 8 ngày trước,250 tỷ,Nhà biệt thự,320 m²,600 m²,"781,25 triệu/m²",Đã có sổ,5 phòng,5 phòng,Hoàn thiện cơ bản,11 m,30 m,2.0,,,Nhà nở hậu,,,Đông Bắc,,,,,,,,
2025-10-03T07:53:59.625514,Cập nhật 8 ngày trước,"15,2 tỷ","Nhà mặt phố, mặt tiền",50 m²,350 m²,304 triệu/m²,Đã có sổ,8 phòng,Nhiều hơn 6 phòng,Nội thất cao cấp,4 m,13 m,,,,,,,,,,,,,,,
2025-10-03T07:54:05.841528,Cập nhật 8 ngày trước,"12,78 tỷ","Nhà ngõ, hẻm",48 m²,50 m²,"266,25 triệu/m²",Đã có sổ,3 phòng,4 phòng,Hoàn thiện cơ bản,,,5.0,,,,,,,,,,,,,,
2025-10-03T07:54:13.919406,Cập nhật 8 ngày trước,"2,15 tỷ","Nhà ngõ, hẻm",16 m²,16 m²,"134,38 triệu/m²",Đang chờ sổ,2 phòng,,Nội thất đầy đủ,4 m,,4.0,,,,,,,,,,,,,,
2025-10-03T07:54:20.216837,Cập nhật 7 ngày trước,"5,5 tỷ","Nhà ngõ, hẻm",31 m²,31 m²,"177,42 triệu/m²",Đã có sổ,3 phòng,3 phòng,Nội thất cao cấp,3.6 m,11 m,5.0,,,Nhà nở hậu,,,,,,,,,,,
2025-10-03T07:54:33.820665,Cập nhật 7 ngày trước,"32,4 tỷ",,85 m²,,"381,18 triệu/m²",Đã có sổ,,,,,,,,,"Mặt tiền
Hẻm xe hơi",Đất thổ cư,,,,,,,,,,
2025-10-03T07:54:39.028792,Cập nhật 8 ngày trước,"6,5 tỷ","Nhà mặt phố, mặt tiền",25 m²,,260 triệu/m²,Đã có sổ,3 phòng,,,,,,,,,,,,,,,,,,,
2025-10-03T07:54:42.199763,Cập nhật 7 ngày trước,"7,3 tỷ","Nhà ngõ, hẻm",43 m²,46 m²,"169,77 triệu/m²",Đã có sổ,4 phòng,5 phòng,,,,4.0,,,,,,,,,,,,,,
2025-10-03T07:54:51.586632,Cập nhật 5 ngày trước,87 tỷ,"Nhà mặt phố, mặt tiền",130 m²,,"669,23 triệu/m²",Đã có sổ,nhiều hơn 10 phòng,Nhiều hơn 6 phòng,,6 m,,9.0,,,,,,,,,,,,,,
2025-10-03T07:55:22.398078,Cập nhật 8 ngày trước,"29,79 tỷ","Nhà ngõ, hẻm",87 m²,96 m²,"342,41 triệu/m²",Đã có sổ,8 phòng,Nhiều hơn 6 phòng,Nội thất cao cấp,8 m,,9.0,,,Hẻm xe hơi,,,,,,,,,,,
2025-10-03T07:55:22.011010,Cập nhật 8 ngày trước,138 tỷ,"Nhà mặt phố, mặt tiền",60 m²,760 m²,"2,30 tỷ/m²",Đã có sổ,nhiều hơn 10 phòng,Nhiều hơn 6 phòng,Nội thất cao cấp,5 m,,7.0,,,,,,,,,,,,,,
2025-10-03T07:55:22.903690,Cập nhật 7 ngày trước,"11,4 tỷ",,75 m²,,152 triệu/m²,Đã có sổ,,,,5.5 m,13 m,,,,Thổ cư toàn bộ,Đất thổ cư,m²,,,,,,,,,
2025-10-03T07:55:25.729395,Cập nhật 7 ngày trước,135 tỷ,"Nhà mặt phố, mặt tiền",288 m²,,"468,75 triệu/m²",Đã có sổ,nhiều hơn 10 phòng,Nhiều hơn 6 phòng,Nội thất cao cấp,16 m,,8.0,,,Hẻm xe hơi,,,,,,,,,,,
2025-10-03T07:55:33.666097,Cập nhật 8 ngày trước,"4,4 tỷ",,65 m²,,"67,69 triệu/m²",Đã có sổ,,,,7 m,9 m,,,,,Đất thổ cư,,,,,,,,,,
2025-10-03T07:55:36.654719,Cập nhật 8 ngày trước,"6,2 tỷ","Nhà ngõ, hẻm",30 m²,,"206,67 triệu/m²",Đã có sổ,3 phòng,4 phòng,,,,5.0,,,,,,,,,,,,,,
2025-10-03T07:55:38.401440,Cập nhật 8 ngày trước,"7,7 tỷ",,170 m²,,"45,29 triệu/m²",Sổ hồng riêng,6 phòng,,,,,,Đã bàn giao,Duplex,,,,,,,,,,,,
2025-10-03T07:55:49.937027,Cập nhật 6 ngày trước,"11,6 tỷ","Nhà mặt phố, mặt tiền",45 m²,,"257,78 triệu/m²",Đã có sổ,3 phòng,4 phòng,,,,,,,,,,,,,,,,,,
2025-10-03T07:55:50.726874,Cập nhật 7 ngày trước,"2,4 tỷ",,50 m²,,48 triệu/m²,Sổ hồng riêng,1 phòng,1 phòng,Nội thất đầy đủ,,,,Đã bàn giao,"Tập thể, cư xá",,,,,,,,,,,,
2025-10-03T07:56:03.292599,Cập nhật 6 ngày trước,"6,38 tỷ","Nhà ngõ, hẻm",34 m²,34 m²,"187,65 triệu/m²",Đã có sổ,3 phòng,5 phòng,Nội thất đầy đủ,3.4 m,8 m,5.0,,,Nhà nở hậu,,,,,,,,,,,
2025-10-03T07:56:08.531204,Cập nhật 7 ngày trước,"2,68 tỷ",Nhà phố liền kề,32 m²,32 m²,"83,75 triệu/m²",Đã có sổ,3 phòng,3 phòng,Nội thất cao cấp,4 m,8 m,2.0,,,"Hẻm xe hơi
Nhà nở hậu",,,,,,,,,,,
2025-10-03T07:56:13.025435,Cập nhật 7 ngày trước,"8,7 tỷ","Nhà ngõ, hẻm",43 m²,,"202,33 triệu/m²",Đã có sổ,4 phòng,,,,,,,,,,,,,,,,,,,
2025-10-03T07:56:17.671605,Cập nhật 8 ngày trước,"1,75 tỷ",,38 m²,,"46,05 triệu/m²",Sổ hồng riêng,1 phòng,1 phòng,Nội thất đầy đủ,,,,Đã bàn giao,"Căn hộ dịch vụ, mini",,,,,,8.0,,,,,,
2025-10-03T07:56:20.821086,Cập nhật 6 ngày trước,"6,8 tỷ","Nhà ngõ, hẻm",54 m²,,"125,93 triệu/m²",Đã có sổ,3 phòng,,,,,,,,,,,,,,,,,,,
2025-10-03T07:56:26.071868,Cập nhật 8 ngày trước,"3,8 tỷ","Nhà ngõ, hẻm",48 m²,48 m²,"79,17 triệu/m²",Đã có sổ,4 phòng,3 phòng,Nội thất đầy đủ,4 m,11.2 m,4.0,,,"Hẻm xe hơi
Nhà nở hậu",,,Nam,,,,,,,,
2025-10-03T07:56:30.008765,Cập nhật 8 ngày trước,"6,8 tỷ",,90 m²,,"75,56 triệu/m²",Đã có sổ,,,,7 m,,,,,,Đất thổ cư,m²,,,,,,,,,
2025-10-03T07:56:35.450764,Cập nhật 7 ngày trước,"14,989 tỷ","Nhà ngõ, hẻm",51 m²,205 m²,"293,90 triệu/m²",Đã có sổ,4 phòng,,Nội thất cao cấp,5.8 m,10.1 m,4.0,,,Nhà nở hậu,,,,,,,,,,,
2025-10-03T07:56:35.065952,Cập nhật 1 ngày trước,"2,79 tỷ","Nhà ngõ, hẻm",128 m²,100 m²,"21,80 triệu/m²",Đã có sổ,3 phòng,,,,,,,,,,,,,,,,,,,
2025-10-03T07:56:33.920860,Cập nhật 12 giờ trước,34 tỷ,"Nhà ngõ, hẻm",107 m²,,"317,76 triệu/m²",Đã có sổ,6 phòng,,,,,,,,"Nhà nở hậu
Hẻm xe hơi",,,,,,,,,,,
2025-10-03T07:56:37.628134,Cập nhật 8 ngày trước,17 tỷ,"Nhà mặt phố, mặt tiền",50 m²,50 m²,340 triệu/m²,Đã có sổ,3 phòng,4 phòng,Nội thất đầy đủ,3.8 m,,4.0,,,Nhà nở hậu,,,,,,,,,,,
2025-10-03T07:56:42.840930,Cập nhật 7 ngày trước,"7,9 tỷ","Nhà ngõ, hẻm",20 m²,20 m²,395 triệu/m²,Đã có sổ,2 phòng,3 phòng,Hoàn thiện cơ bản,,,,,,Hẻm xe hơi,,,,,,,,,,,
2025-10-03T07:56:48.751602,Cập nhật 7 ngày trước,5 tỷ,"Nhà ngõ, hẻm",32 m²,32 m²,"156,25 triệu/m²",Đã có sổ,4 phòng,4 phòng,Nội thất cao cấp,5 m,,,,,Hẻm xe hơi,,,,,,,,,,,
2025-10-03T07:56:50.126786,Cập nhật 8 ngày trước,"1,7 tỷ","Nhà ngõ, hẻm",10 m²,,170 triệu/m²,Đã có sổ,2 phòng,1 phòng,Bàn giao thô,,,3.0,,,Nhà nở hậu,,,Tây Nam,,,,,,,,
2025-10-03T07:56:49.972471,Cập nhật 7 ngày trước,"12,2 tỷ","Nhà ngõ, hẻm",50 m²,,244 triệu/m²,Đã có sổ,3 phòng,,,,,,,,,,,,,,,,,,,
2025-10-03T07:57:02.025735,Cập nhật 6 ngày trước,"7,2 tỷ","Nhà ngõ, hẻm",36 m²,36 m²,200 triệu/m²,Đã có sổ,4 phòng,3 phòng,Nội thất đầy đủ,,,5.0,,,,,,,,,,,,,,
2025-10-03T07:57:05.010973,Cập nhật 8 ngày trước,"7,25 tỷ","Nhà ngõ, hẻm",43 m²,,"168,60 triệu/m²",Đã có sổ,6 phòng,4 phòng,,,,5.0,,,,,,,,,,,,,,
2025-10-03T07:57:05.896533,Cập nhật 7 ngày trước,"6,9 tỷ",,116 m²,,"59,48 triệu/m²",Đã có sổ,,,,7 m,15 m,,,,"Mặt tiền
Nở hậu
Thổ cư toàn bộ",Đất thổ cư,m²,Tây,,,,,,,,
2025-10-03T07:57:05.319354,Cập nhật 6 ngày trước,"18,93 tỷ","Nhà ngõ, hẻm",52 m²,,"364,04 triệu/m²",Đã có sổ,5 phòng,5 phòng,,,,,,,"Hẻm xe hơi
Nhà nở hậu",,,,,,,,,,,
2025-10-03T07:57:11.701399,Cập nhật 8 ngày trước,"21,9 tỷ","Nhà ngõ, hẻm",79 m²,,"277,22 triệu/m²",Đã có sổ,5 phòng,5 phòng,Nội thất cao cấp,,,5.0,,,"Hẻm xe hơi
Nhà nở hậu",,,,,,,,,,,
2025-10-03T07:57:17.004554,Cập nhật 7 ngày trước,"9,8 tỷ","Nhà mặt phố, mặt tiền",32 m²,,"306,25 triệu/m²",Đã có sổ,4 phòng,,,,,,,,,,,,,,,,,,,
2025-10-03T07:57:19.584571,Cập nhật 8 ngày trước,"26,8 tỷ","Nhà ngõ, hẻm",117 m²,819 m²,"229,06 triệu/m²",Đã có sổ,nhiều hơn 10 phòng,,Nội thất cao cấp,5.4 m,21 m,7.0,,,Nhà nở hậu,,,,,,,,,,,
2025-10-03T07:57:32.575046,Cập nhật 8 ngày trước,"11,7 tỷ","Nhà mặt phố, mặt tiền",43 m²,,"272,09 triệu/m²",Đã có sổ,5 phòng,6 phòng,Nội thất cao cấp,,,5.0,,,Hẻm xe hơi,,,,,,,,,,,
2025-10-03T07:57:34.409735,Cập nhật 9 ngày trước,"14,95 tỷ","Nhà mặt phố, mặt tiền",50 m²,,299 triệu/m²,Đã có sổ,4 phòng,,,,,,,,,,,,,,,,,,,
2025-10-03T07:57:46.695963,Cập nhật 6 ngày trước,"4,8 tỷ",,62 m²,,"77,42 triệu/m²",Sổ hồng riêng,2 phòng,,,,,,Đã bàn giao,Chung cư,,,,,,,,,,,,
2025-10-03T07:57:55.434169,Cập nhật 7 ngày trước,"18,9 tỷ",,98 m²,,"192,86 triệu/m²",Đã có sổ,,,,6 m,,,,,,Đất thổ cư,m²,,,,,,,,,
2025-10-03T07:58:08.487934,Cập nhật 8 ngày trước,"4,4 tỷ","Nhà ngõ, hẻm",35 m²,35 m²,"125,71 triệu/m²",Đã có sổ,3 phòng,,Hoàn thiện cơ bản,4 m,,5.0,,,Nhà nở hậu,,,,,,,,,,,
2025-10-03T07:58:11.116591,Cập nhật 8 ngày trước,"5,15 tỷ",,55 m²,,"93,64 triệu/m²",Đã có sổ,,,,7.2 m,,,,,Mặt tiền,Đất thổ cư,m²,,,,,,,,,
2025-10-03T07:58:16.274522,Cập nhật 7 ngày trước,"4,68 tỷ","Nhà ngõ, hẻm",21 m²,25 m²,"222,86 triệu/m²",Đã có sổ,4 phòng,,Nội thất đầy đủ,4 m,6 m,4.0,,,,,,,,,,,,,,
2025-10-03T07:58:16.293577,Cập nhật 6 ngày trước,"16,5 tỷ","Nhà ngõ, hẻm",45 m²,45 m²,"366,67 triệu/m²",Đã có sổ,5 phòng,Nhiều hơn 6 phòng,Nội thất đầy đủ,5.5 m,,8.0,,,Hẻm xe hơi,,,,,,,,,,,
2025-10-03T07:58:24.252354,Cập nhật 8 ngày trước,"4,7 tỷ","Nhà mặt phố, mặt tiền",80 m²,200 m²,"58,75 triệu/m²",Đã có sổ,4 phòng,3 phòng,Nội thất cao cấp,,,4.0,,,,,,Đông Nam,,,,,,,,
2025-10-03T07:58:36.245580,Cập nhật 7 ngày trước,"11,6 tỷ","Nhà ngõ, hẻm",55 m²,55 m²,"210,91 triệu/m²",Đã có sổ,3 phòng,3 phòng,Nội thất đầy đủ,5.5 m,10 m,3.0,,,Hẻm xe hơi,,,Đông Bắc,,,,,,,,
2025-10-03T07:58:55.377759,Cập nhật 8 ngày trước,"5,05 tỷ","Nhà ngõ, hẻm",22 m²,28 m²,"229,55 triệu/m²",Đã có sổ,3 phòng,4 phòng,,4.5 m,,5.0,,,Nhà nở hậu,,,,,,,,,,,
2025-10-03T07:58:59.060515,Cập nhật 7 ngày trước,"7,45 tỷ","Nhà ngõ, hẻm",45 m²,,"165,56 triệu/m²",Đã có sổ,5 phòng,,,,,,,,,,,,,,,,,,,
2025-10-03T07:59:18.128619,Cập nhật 7 ngày trước,"8,456 tỷ","Nhà ngõ, hẻm",46 m²,50 m²,"183,84 triệu/m²",Đã có sổ,4 phòng,4 phòng,Nội thất đầy đủ,,,5.0,,,,,,,,,,,,,,
2025-10-03T07:59:20.681600,Cập nhật 1 ngày trước,"2,35 tỷ","Nhà ngõ, hẻm",15 m²,15 m²,"156,67 triệu/m²",Sổ chung / công chứng vi bằng,3 phòng,2 phòng,Nội thất đầy đủ,,,4.0,,,,,,Tây Bắc,,,,,,,,
2025-10-03T07:59:21.218365,Cập nhật 8 ngày trước,"7,95 tỷ","Nhà ngõ, hẻm",30 m²,,265 triệu/m²,Đã có sổ,3 phòng,,,,,5.0,,,,,,,,,,,,,,
2025-10-03T07:59:27.121379,Cập nhật 8 ngày trước,12 tỷ,"Nhà ngõ, hẻm",44 m²,220 m²,"272,73 triệu/m²",Đã có sổ,6 phòng,,Nội thất đầy đủ,3.6 m,12 m,5.0,,,Nhà nở hậu,,,,,,,,,,,
2025-10-03T07:59:34.305886,Cập nhật 8 ngày trước,"13,95 tỷ","Nhà ngõ, hẻm",45 m²,,310 triệu/m²,Đã có sổ,4 phòng,4 phòng,Nội thất cao cấp,,,5.0,,,Hẻm xe hơi,,,,,,,,,,,
2025-10-03T07:59:47.361554,Cập nhật 4 ngày trước,"8,25 tỷ","Nhà ngõ, hẻm",35 m²,35 m²,"235,71 triệu/m²",Đã có sổ,3 phòng,,,,,5.0,,,,,,,,,,,,,,
2025-10-03T07:59:48.596927,Cập nhật 2 ngày trước,"5,8 tỷ","Nhà ngõ, hẻm",26 m²,24 m²,"223,08 triệu/m²",Đã có sổ,3 phòng,2 phòng,Nội thất cao cấp,4.3 m,,4.0,,,,,,Đông,,,,,,,,
2025-10-03T07:59:55.021236,Cập nhật 8 ngày trước,"5,05 tỷ","Nhà ngõ, hẻm",27 m²,27 m²,"187,04 triệu/m²",Đã có sổ,3 phòng,3 phòng,Nội thất đầy đủ,3 m,,3.0,,,Nhà nở hậu,,,,,,,,,,,
2025-10-03T08:00:01.181735,Cập nhật 17 giờ trước,"35,6 tỷ",Nhà biệt thự,100 m²,,356 triệu/m²,Đã có sổ,4 phòng,6 phòng,,6 m,,7.0,,,Hẻm xe hơi,,,,,,,,,,,
2025-10-03T08:00:07.861325,Cập nhật 1 ngày trước,"7,65 tỷ",,113 m²,,"67,70 triệu/m²",Sổ hồng riêng,3 phòng,,,,,,Đã bàn giao,Chung cư,,,,,,,,,,,,
2025-10-03T08:00:15.395352,Cập nhật 8 ngày trước,"9,8 tỷ","Nhà ngõ, hẻm",37 m²,193 m²,"264,86 triệu/m²",Đã có sổ,3 phòng,4 phòng,Nội thất đầy đủ,,,5.0,,,Hiện trạng khác,,,Nam,,,,,,,,
2025-10-03T08:00:21.828475,Cập nhật 7 ngày trước,"1,9 tỷ","Nhà ngõ, hẻm",12 m²,40 m²,"158,33 triệu/m²",Đã có sổ,1 phòng,,,,,,,,Hẻm xe hơi,,,,,,,,,,,
2025-10-03T08:00:28.289633,Cập nhật 6 ngày trước,"5,7 tỷ","Nhà ngõ, hẻm",39.9 m²,39.9 m²,"142,86 triệu/m²",Đã có sổ,3 phòng,2 phòng,,3.4 m,13 m,3.0,,,Hẻm xe hơi,,,,,,,,,,,
2025-10-03T08:00:29.021478,Cập nhật 7 ngày trước,"42,5 tỷ","Nhà ngõ, hẻm",165 m²,165 m²,"257,58 triệu/m²",Đã có sổ,3 phòng,,,,,,,,,,,,,,,,,,,
2025-10-03T08:00:37.307578,Cập nhật 6 ngày trước,11 tỷ,"Nhà ngõ, hẻm",50 m²,,220 triệu/m²,Đã có sổ,3 phòng,,,,,,,,,,,,,,,,,,,
2025-10-03T08:00:52.754683,Cập nhật 8 ngày trước,"1,65 tỷ",,100 m²,,"16,50 triệu/m²",Đã có sổ,,,,5 m,20 m,,,,Mặt tiền,Đất thổ cư,m²,Đông,,,,,,,,
2025-10-03T08:00:56.465966,Cập nhật 8 ngày trước,"8,4 tỷ","Nhà ngõ, hẻm",36 m²,36 m²,"233,33 triệu/m²",Đã có sổ,3 phòng,4 phòng,Nội thất đầy đủ,4 m,,5.0,,,Nhà nở hậu,,,,,,,,,,,
2025-10-03T08:01:02.548742,Cập nhật 7 ngày trước,"8,5 tỷ","Nhà ngõ, hẻm",22.5 m²,32 m²,"377,78 triệu/m²",Đã có sổ,3 phòng,4 phòng,Nội thất đầy đủ,4 m,5 m,5.0,,,,,,,,,,,,,,
2025-10-03T08:01:23.834565,Cập nhật 7 ngày trước,"2,6 tỷ","Nhà ngõ, hẻm",35 m²,70 m²,"74,29 triệu/m²",Đang chờ sổ,2 phòng,2 phòng,Nội thất đầy đủ,,,2.0,,,Hẻm xe hơi,,,,,,,,,,,
2025-10-03T08:01:38.374446,Cập nhật 8 ngày trước,"9,15 tỷ","Nhà ngõ, hẻm",38 m²,,"240,79 triệu/m²",Đã có sổ,3 phòng,3 phòng,,,,4.0,,,,,,,,,,,,,,
2025-10-03T08:01:38.391548,Cập nhật 8 ngày trước,"5,79 tỷ",,80 m²,,"72,38 triệu/m²",Sổ hồng riêng,3 phòng,,,,,,Đã bàn giao,"Tập thể, cư xá",,,,,,,,,,,,
2025-10-03T08:01:47.768888,Cập nhật 7 ngày trước,"7,9 tỷ","Nhà ngõ, hẻm",39 m²,,"202,56 triệu/m²",Đã có sổ,4 phòng,,,,,,,,,,,,,,,,,,,
2025-10-03T08:01:50.865563,Cập nhật 5 ngày trước,"7,75 tỷ","Nhà ngõ, hẻm",31 m²,,250 triệu/m²,Đã có sổ,3 phòng,4 phòng,Nội thất đầy đủ,3.5 m,,,,,,,,,,,,,,,,
2025-10-03T08:01:50.942235,Cập nhật 20 giờ trước,"2,55 tỷ","Nhà ngõ, hẻm",37 m²,,"68,92 triệu/m²",Không có sổ,3 phòng,2 phòng,Nội thất đầy đủ,,,,,,,,,,,,,,,,,
2025-10-03T08:01:53.431663,Cập nhật 7 ngày trước,"6,2 tỷ","Nhà mặt phố, mặt tiền",35 m²,,"177,14 triệu/m²",Đã có sổ,4 phòng,,,,,,,,Nhà nở hậu,,,,,,,,,,,
2025-10-03T08:01:53.993440,Cập nhật 8 ngày trước,"6,85 tỷ",,83 m²,,"82,53 triệu/m²",Sổ hồng riêng,3 phòng,2 phòng,,,,,Chưa bàn giao,Chung cư,,,,,,,,,,,,
2025-10-03T08:02:00.666917,Cập nhật 8 ngày trước,"9,8 tỷ","Nhà ngõ, hẻm",48 m²,,"204,17 triệu/m²",Đã có sổ,4 phòng,4 phòng,Nội thất đầy đủ,,,5.0,,,,,,,,,,,,,,
2025-10-03T08:02:02.591307,Cập nhật 7 ngày trước,15 tỷ,,30 m²,,500 triệu/m²,Đã có sổ,,,,,,,,,,,,,Mặt bằng kinh doanh,,,,,,,
2025-10-03T08:02:03.586158,Cập nhật 1 ngày trước,"1,9 tỷ",,101 m²,,"18,81 triệu/m²",Đã có sổ,,,,6 m,20 m,,,,"Mặt tiền
Hẻm xe hơi
Nở hậu
Thổ cư toàn bộ",Đất thổ cư,,,,,,,,,,
2025-10-03T08:02:06.911489,Cập nhật 2 ngày trước,"4,797 tỷ","Nhà ngõ, hẻm",18 m²,,"266,50 triệu/m²",Đã có sổ,3 phòng,3 phòng,Hoàn thiện cơ bản,3 m,6 m,4.0,,,Nhà nở hậu,,,,,,,,,,,
2025-10-03T08:02:16.929845,Cập nhật 7 ngày trước,6 tỷ,,80 m²,,75 triệu/m²,Đã có sổ,,,,4.76 m,,,,,"Mặt tiền
Hẻm xe hơi
Thổ cư toàn bộ",Đất thổ cư,,,,,,,,,,
2025-10-03T08:02:36.141177,Cập nhật 8 ngày trước,"8,39 tỷ","Nhà ngõ, hẻm",31 m²,31 m²,"270,65 triệu/m²",Đã có sổ,3 phòng,,Nội thất đầy đủ,,,,,,,,,,,,,,,,,
2025-10-03T08:02:47.850546,Cập nhật 8 ngày trước,"5,35 tỷ","Nhà ngõ, hẻm",30.5 m²,30.5 m²,"175,41 triệu/m²",Đã có sổ,3 phòng,3 phòng,Hoàn thiện cơ bản,3.6 m,10 m,5.0,,,Nhà nở hậu,,,,,,,,,,,
2025-10-03T08:02:52.556268,Cập nhật 8 ngày trước,14 tỷ,"Nhà ngõ, hẻm",60 m²,,"233,33 triệu/m²",Đã có sổ,nhiều hơn 10 phòng,Nhiều hơn 6 phòng,Nội thất cao cấp,7 m,9.5 m,6.0,,,Nhà nở hậu,,,Đông Bắc,,,,,,,,
2025-10-03T08:02:58.342421,Cập nhật 7 ngày trước,9 tỷ,"Nhà ngõ, hẻm",30 m²,,"300,27 triệu/m²",Đã có sổ,3 phòng,,,,,,,,,,,,,,,,,,,
2025-10-03T08:02:58.926797,Cập nhật 7 ngày trước,"7,45 tỷ","Nhà ngõ, hẻm",32 m²,,"232,81 triệu/m²",Đã có sổ,3 phòng,,Hoàn thiện cơ bản,,,5.0,,,,,,,,,,,,,,
2025-10-03T08:03:01.952264,Cập nhật 7 ngày trước,"10,28 tỷ",,110 m²,,"93,45 triệu/m²",Sổ hồng riêng,2 phòng,2 phòng,Nội thất đầy đủ,,,,Đã bàn giao,Chung cư,,,,,,,,,,,,
2025-10-03T08:03:13.727878,Cập nhật 6 ngày trước,"6,65 tỷ","Nhà ngõ, hẻm",34 m²,,"195,59 triệu/m²",Đã có sổ,4 phòng,5 phòng,Nội thất đầy đủ,5.1 m,,66.0,,,,,,,,,,,,,,
2025-10-03T08:03:13.622318,Cập nhật 6 ngày trước,"6,8 tỷ","Nhà ngõ, hẻm",36 m²,,"188,89 triệu/m²",Đã có sổ,7 phòng,,,,,,,,,,,,,,,,,,,
2025-10-03T08:03:13.747449,Cập nhật 8 ngày trước,"14,5 tỷ","Nhà mặt phố, mặt tiền",60 m²,60 m²,"241,67 triệu/m²",Đã có sổ,4 phòng,4 phòng,Nội thất đầy đủ,4 m,,5.0,,,,,,,,,,,,,,
2025-10-03T08:03:15.939362,Cập nhật 7 ngày trước,"7,29 tỷ","Nhà ngõ, hẻm",30 m²,,243 triệu/m²,Đã có sổ,3 phòng,,,,,4.0,,,Hẻm xe hơi,,,,,,,,,,,
2025-10-03T08:03:20.586736,Cập nhật 9 ngày trước,"13,8 tỷ","Nhà ngõ, hẻm",76 m²,76 m²,"181,58 triệu/m²",Đã có sổ,4 phòng,,,,,3.0,,,,,,,,,,,,,,
2025-10-03T08:03:26.212378,Cập nhật 8 ngày trước,9 tỷ,"Nhà ngõ, hẻm",38 m²,38 m²,"236,84 triệu/m²",Đã có sổ,8 phòng,Nhiều hơn 6 phòng,,3.5 m,12 m,,,,,,,,,,,,,,,
2025-10-03T08:03:39.666567,Cập nhật 7 ngày trước,"3,7 tỷ",Nhà phố liền kề,32 m²,32 m²,"115,62 triệu/m²",Đã có sổ,3 phòng,4 phòng,Nội thất đầy đủ,4 m,9 m,4.0,,,"Hẻm xe hơi
Nhà nở hậu",,,,,,,,,,,
2025-10-03T08:03:48.522939,Cập nhật 7 ngày trước,"7,3 tỷ","Nhà ngõ, hẻm",45 m²,,"162,22 triệu/m²",Đã có sổ,6 phòng,5 phòng,Nội thất đầy đủ,,,5.0,,,Nhà nở hậu,,,,,,,,,,,
2025-10-03T08:03:48.052381,Cập nhật 8 ngày trước,"15,5 tỷ","Nhà ngõ, hẻm",55 m²,55 m²,"281,82 triệu/m²",Đã có sổ,5 phòng,5 phòng,,4.5 m,,6.0,,,"Nhà nở hậu
Hẻm xe hơi",,,,,,,,,,,
2025-10-03T08:03:55.673538,Cập nhật 6 ngày trước,"6,88 tỷ","Nhà ngõ, hẻm",35 m²,35 m²,"196,57 triệu/m²",Đã có sổ,5 phòng,4 phòng,Hoàn thiện cơ bản,4 m,,6.0,,,,,,,,,,,,,,
2025-10-03T08:04:01.717420,Cập nhật 6 ngày trước,"30,5 tỷ",Nhà phố liền kề,120 m²,120 m²,"254,17 triệu/m²",Đã có sổ,6 phòng,,Nội thất đầy đủ,6 m,20 m,4.0,,,"Hẻm xe hơi
Nhà nở hậu",,,Đông Nam,,,,,,,,
2025-10-03T08:04:07.392748,Cập nhật 8 ngày trước,"1,98 tỷ",,48 m²,,"41,25 triệu/m²",Hợp đồng mua bán,2 phòng,1 phòng,Nội thất cao cấp,,,,Đã bàn giao,"Căn hộ dịch vụ, mini",,,,Bắc,,5.0,,Đông Nam,,,,
2025-10-03T08:04:09.138443,Cập nhật 6 ngày trước,"18,6 tỷ","Nhà mặt phố, mặt tiền",45 m²,,"413,33 triệu/m²",Đã có sổ,4 phòng,,Nội thất cao cấp,,,,,,,,,,,,,,,,,
2025-10-03T08:04:14.819439,Cập nhật 7 ngày trước,"8,75 tỷ","Nhà ngõ, hẻm",46 m²,,"190,22 triệu/m²",Đã có sổ,6 phòng,3 phòng,Nội thất đầy đủ,,,4.0,,,,,,,,,,,,,,
2025-10-03T08:04:21.458775,Cập nhật 8 ngày trước,"7,2 tỷ",,87 m²,,"82,76 triệu/m²",Đã có sổ,,,,5 m,17 m,,,,"Mặt tiền
Thổ cư toàn bộ",Đất nền dự án,m²,,,,,,,,,
2025-10-03T08:04:20.835857,Cập nhật 8 ngày trước,"8,38 tỷ","Nhà ngõ, hẻm",36 m²,200 m²,"232,78 triệu/m²",Đã có sổ,3 phòng,,,4 m,9 m,6.0,,,Nhà nở hậu,,,Đông Nam,,,,,,,,
2025-10-03T08:04:22.694040,Cập nhật 6 ngày trước,"29,9 tỷ","Nhà mặt phố, mặt tiền",62 m²,,"482,26 triệu/m²",Đã có sổ,4 phòng,Nhiều hơn 6 phòng,,,,7.0,,,,,,,,,,,,,,
2025-10-03T08:04:28.232992,Cập nhật 7 ngày trước,"8,25 tỷ","Nhà ngõ, hẻm",35 m²,175 m²,"235,71 triệu/m²",Đã có sổ,3 phòng,3 phòng,Nội thất cao cấp,4 m,,5.0,,,Hiện trạng khác,,,,,,,,,,,
2025-10-03T08:04:34.758206,Cập nhật 8 ngày trước,"5,2 tỷ","Nhà ngõ, hẻm",30.2 m²,30.2 m²,"172,19 triệu/m²",Đã có sổ,3 phòng,3 phòng,,,,,,,,,,,,,,,,,,
2025-10-03T08:04:37.999668,Cập nhật 8 ngày trước,"6,8 tỷ","Nhà ngõ, hẻm",41 m²,,"165,85 triệu/m²",Đã có sổ,3 phòng,,,,,,,,,,,,,,,,,,,
2025-10-03T08:04:45.802223,Cập nhật 7 ngày trước,26 tỷ,"Nhà mặt phố, mặt tiền",50 m²,50 m²,520 triệu/m²,Đã có sổ,2 phòng,,,5.2 m,9.6 m,3.0,,,,,,,,,,,,,,
2025-10-03T08:04:44.866381,Cập nhật 8 ngày trước,20 tỷ,"Nhà ngõ, hẻm",65 m²,,"307,69 triệu/m²",Đã có sổ,6 phòng,,Nội thất cao cấp,4.5 m,14 m,6.0,,,Hẻm xe hơi,,,,,,,,,,,
2025-10-03T08:04:48.234746,Cập nhật 7 ngày trước,"5,5 tỷ","Nhà ngõ, hẻm",22 m²,22 m²,250 triệu/m²,Đã có sổ,3 phòng,,,,,,,,Hẻm xe hơi,,,,,,,,,,,
2025-10-03T08:04:48.543208,Cập nhật 7 ngày trước,"7,4 tỷ","Nhà ngõ, hẻm",36 m²,,"205,56 triệu/m²",Đã có sổ,3 phòng,,,,,,,,,,,,,,,,,,,
2025-10-03T08:04:59.603512,Cập nhật 21 phút trước,"5,79 tỷ","Nhà ngõ, hẻm",41 m²,41 m²,"141,22 triệu/m²",Đã có sổ,3 phòng,4 phòng,Nội thất đầy đủ,4 m,,4.0,,,,,,Bắc,,,,,,,,
2025-10-03T08:04:59.187297,Cập nhật 6 ngày trước,"14,5 tỷ",Nhà biệt thự,47 m²,47 m²,"308,51 triệu/m²",Đã có sổ,5 phòng,,Nội thất cao cấp,5 m,10 m,5.0,,,"Hẻm xe hơi
Nhà nở hậu",,,,,,,,,,,
2025-10-03T08:05:11.286308,Cập nhật 7 ngày trước,"8,35 tỷ","Nhà ngõ, hẻm",43 m²,,"194,19 triệu/m²",Đã có sổ,4 phòng,4 phòng,Nội thất đầy đủ,,,5.0,,,,,,,,,,,,,,
2025-10-03T08:05:11.894593,Cập nhật 21 giờ trước,"9,1 tỷ","Nhà ngõ, hẻm",41 m²,45 m²,"221,95 triệu/m²",Đã có sổ,6 phòng,3 phòng,Nội thất đầy đủ,4 m,10 m,,,,,,,,,,,,,,,
2025-10-03T08:05:15.590423,Cập nhật 2 ngày trước,"6,85 tỷ","Nhà ngõ, hẻm",30 m²,35 m²,"228,33 triệu/m²",Đã có sổ,3 phòng,4 phòng,,,,4.0,,,Nhà nở hậu,,,,,,,,,,,
2025-10-03T08:05:25.379550,Cập nhật 8 ngày trước,46 tỷ,"Nhà mặt phố, mặt tiền",130 m²,130 m²,"353,85 triệu/m²",Đã có sổ,6 phòng,5 phòng,Nội thất đầy đủ,4 m,32 m,6.0,,,Hẻm xe hơi,,,Đông Nam,,,,,,,,
2025-10-03T08:05:27.282675,Cập nhật 7 ngày trước,"7,6 tỷ","Nhà ngõ, hẻm",44 m²,,"172,73 triệu/m²",Đã có sổ,3 phòng,,,,,4.0,,,,,,,,,,,,,,
2025-10-03T08:05:42.736534,Cập nhật 6 ngày trước,"4,95 tỷ",,70 m²,,"70,71 triệu/m²",Sổ hồng riêng,2 phòng,,,,,,Đã bàn giao,"Tập thể, cư xá",,,,,,,,,,,,
2025-10-03T08:05:50.628175,Cập nhật 7 ngày trước,"8,2 tỷ","Nhà ngõ, hẻm",50 m²,50 m²,164 triệu/m²,Đã có sổ,4 phòng,4 phòng,Nội thất đầy đủ,4 m,,5.0,,,,,,,,,,,,,,
2025-10-03T08:05:51.978907,Cập nhật 15 giờ trước,7 tỷ,"Nhà ngõ, hẻm",55 m²,55 m²,"127,27 triệu/m²",Đã có sổ,4 phòng,4 phòng,Nội thất đầy đủ,4 m,13 m,,,,,,,,,,,,,,,
2025-10-03T08:05:53.760849,Cập nhật 8 ngày trước,12 tỷ,"Nhà ngõ, hẻm",35 m²,,"342,86 triệu/m²",Đã có sổ,4 phòng,,,,,6.0,,,Nhà nở hậu,,,,,,,,,,,
2025-10-03T08:05:55.658627,Cập nhật 9 ngày trước,5 tỷ,"Nhà ngõ, hẻm",40 m²,,125 triệu/m²,Đã có sổ,6 phòng,6 phòng,,,,,,,Hẻm xe hơi,,,,,,,,,,,
2025-10-03T08:06:02.919553,Cập nhật 6 ngày trước,"31,8 tỷ","Nhà mặt phố, mặt tiền",50 m²,,636 triệu/m²,Đã có sổ,4 phòng,,,3.8 m,,4.0,,,,,,,,,,,,,,
2025-10-03T08:06:05.237485,Cập nhật 6 ngày trước,9 tỷ,"Nhà ngõ, hẻm",29 m²,29 m²,"310,34 triệu/m²",Đã có sổ,4 phòng,4 phòng,,,,6.0,,,,,,,,,,,,,,
2025-10-03T08:06:16.218104,Cập nhật 8 ngày trước,"9,3 tỷ","Nhà ngõ, hẻm",41 m²,,"226,83 triệu/m²",Đã có sổ,4 phòng,,,,,,,,,,,,,,,,,,,
2025-10-03T08:06:17.240537,Cập nhật 8 ngày trước,"5,5 tỷ",,70 m²,,"78,57 triệu/m²",Sổ hồng riêng,2 phòng,2 phòng,Nội thất cao cấp,,,,Đã bàn giao,Chung cư,,,,,,15.0,,Nam,,Căn góc,,
2025-10-03T08:06:19.714486,Cập nhật 1 ngày trước,"2,95 tỷ",,42 m²,,"70,24 triệu/m²",Đã có sổ,,,,,,,,,,Đất thổ cư,m²,,,,,,,,,
2025-10-03T08:06:26.217312,Cập nhật 6 ngày trước,"2,3 tỷ",,46 m²,,50 triệu/m²,Sổ hồng riêng,1 phòng,1 phòng,,,,,Đã bàn giao,"Tập thể, cư xá",,,,,,,,,,Căn góc,,
2025-10-03T08:06:42.005355,Cập nhật 7 ngày trước,"9,5 tỷ","Nhà ngõ, hẻm",60 m²,,"158,33 triệu/m²",Đã có sổ,4 phòng,,Nội thất đầy đủ,,,,,,,,,,,,,,,,,
2025-10-03T08:06:43.815320,Cập nhật 6 ngày trước,15 tỷ,"Nhà mặt phố, mặt tiền",47 m²,,"319,15 triệu/m²",Đã có sổ,4 phòng,4 phòng,Nội thất cao cấp,3.65 m,13 m,4.0,,,,,,Đông Nam,,,,,,,,
2025-10-03T08:06:51.545713,Cập nhật 8 ngày trước,"3,5 tỷ","Nhà ngõ, hẻm",18 m²,18 m²,"194,44 triệu/m²",Đã có sổ,3 phòng,4 phòng,Nội thất đầy đủ,3.3 m,,6.0,,,"Nhà nở hậu
Hẻm xe hơi",,,,,,,,,,,
2025-10-04T12:21:31.240544,Cập nhật 8 ngày trước,378 tỷ,,1073 m²,,"352,28 triệu/m²",Đã có sổ,,,,25 m,,,,,"Mặt tiền
Nở hậu",Đất thổ cư,m²,,,,,,,,,
2025-10-04T12:21:34.211771,Cập nhật 10 ngày trước,"1,85 tỷ",,133 m²,,"13,91 triệu/m²",Đã có sổ,,,,6 m,23 m,,,,"Mặt tiền
Nở hậu
Thổ cư toàn bộ",Đất thổ cư,m²,Nam,,,,,,,,
2025-10-04T12:21:35.461269,Cập nhật 7 ngày trước,10 tỷ,"Nhà ngõ, hẻm",31 m²,,"322,58 triệu/m²",Đã có sổ,3 phòng,4 phòng,Nội thất cao cấp,3.6 m,,5.0,,,"Hẻm xe hơi
Nhà nở hậu",,,,,,,,,,,
2025-10-04T12:21:33.650538,Cập nhật 8 ngày trước,"12,8 tỷ","Nhà ngõ, hẻm",39 m²,39 m²,"328,21 triệu/m²",Đã có sổ,3 phòng,5 phòng,,3.9 m,10 m,7.0,,,Hẻm xe hơi,,,,,,,,,,,
2025-10-04T12:21:37.269732,Cập nhật 8 ngày trước,"17,9 tỷ","Nhà ngõ, hẻm",42 m²,,"426,19 triệu/m²",Đã có sổ,3 phòng,3 phòng,,,,4.0,,,,,,,,,,,,,,
2025-10-04T12:21:51.319143,Cập nhật 8 ngày trước,"4,7 tỷ","Nhà ngõ, hẻm",20 m²,20 m²,235 triệu/m²,Đã có sổ,3 phòng,3 phòng,Nội thất đầy đủ,4 m,5 m,6.0,,,,,,,,,,,,,,
2025-10-04T12:21:51.343397,Cập nhật 6 ngày trước,"4,68 tỷ",,70 m²,,"66,86 triệu/m²",Sổ hồng riêng,2 phòng,1 phòng,Nội thất cao cấp,,,,Đã bàn giao,"Tập thể, cư xá",,,,,,,,,,,,
2025-10-04T12:21:53.167547,Cập nhật 8 ngày trước,"6,9 tỷ","Nhà ngõ, hẻm",31 m²,,"222,58 triệu/m²",Đã có sổ,4 phòng,,,,,,,,,,,,,,,,,,,
2025-10-04T12:21:53.577402,Cập nhật 8 ngày trước,"8,4 tỷ","Nhà ngõ, hẻm",38 m²,38 m²,"221,05 triệu/m²",Đã có sổ,3 phòng,4 phòng,Hoàn thiện cơ bản,3 m,,5.0,,,"Hẻm xe hơi
Nhà nở hậu",,,Tây Bắc,,,,,,,,
2025-10-04T12:22:03.447514,Cập nhật 9 ngày trước,"18,9 tỷ",,2156 m²,,"8,77 triệu/m²",Đã có sổ,,,,,,,,,"Mặt tiền
Nở hậu",Đất thổ cư,m²,,,,Phú mãn- Quốc Oai - Hà Nội,,,,,
2025-10-04T12:22:09.373523,Cập nhật 7 ngày trước,"7,6 tỷ","Nhà mặt phố, mặt tiền",43 m²,,"176,74 triệu/m²",Đã có sổ,4 phòng,,,,,,,,,,,,,,,,,,,
2025-10-04T12:22:09.951428,Cập nhật 8 ngày trước,"3,59 tỷ","Nhà mặt phố, mặt tiền",75 m²,75 m²,"47,87 triệu/m²",Đã có sổ,3 phòng,2 phòng,Nội thất đầy đủ,4 m,15 m,3.0,,,Hẻm xe hơi,,,,,,,,,,,
2025-10-04T12:22:09.342797,Cập nhật 9 ngày trước,"16,5 tỷ",,160 m²,,"103,12 triệu/m²",Đã có sổ,,,Nội thất đầy đủ,,,,,,,,,,Mặt bằng kinh doanh,1.0,,,,,,
2025-10-04T12:22:20.447363,Cập nhật 9 ngày trước,"12,9 tỷ","Nhà ngõ, hẻm",60 m²,,215 triệu/m²,Đã có sổ,4 phòng,3 phòng,Nội thất cao cấp,5 m,,5.0,,,Hẻm xe hơi,,,,,,,,,,,
2025-10-04T12:22:25.538157,Cập nhật 9 ngày trước,"6,8 tỷ","Nhà ngõ, hẻm",30 m²,,"226,67 triệu/m²",Đã có sổ,3 phòng,,,,,5.0,,,,,,,,,,,,,,
2025-10-04T12:22:28.932902,Cập nhật 7 ngày trước,"5,8 tỷ","Nhà ngõ, hẻm",45 m²,45 m²,"128,89 triệu/m²",Đã có sổ,4 phòng,3 phòng,Hoàn thiện cơ bản,3.8 m,14 m,4.0,,,"Nhà nở hậu
Hẻm xe hơi",,,Tây Bắc,,,,,,,,
2025-10-04T12:22:31.142506,Cập nhật 9 ngày trước,12 tỷ,"Nhà mặt phố, mặt tiền",53 m²,53 m²,"226,42 triệu/m²",Đã có sổ,10 phòng,Nhiều hơn 6 phòng,,4 m,12 m,,,,,,,,,,,,,,,
2025-10-04T12:22:39.853783,Cập nhật 8 ngày trước,"3,15 tỷ","Nhà ngõ, hẻm",30 m²,,105 triệu/m²,Đã có sổ,3 phòng,,Hoàn thiện cơ bản,,,,,,,,,,,,,,,,,
2025-10-04T12:22:43.008611,Cập nhật 10 ngày trước,"2,9 tỷ","Nhà ngõ, hẻm",32 m²,,"90,62 triệu/m²",Không có sổ,2 phòng,3 phòng,,,,3.0,,,,,,,,,,,,,,
2025-10-04T12:22:44.806304,Cập nhật 7 ngày trước,"7,9 tỷ","Nhà ngõ, hẻm",40 m²,,"197,50 triệu/m²",Đã có sổ,4 phòng,4 phòng,Nội thất đầy đủ,,,,,,,,,,,,,,,,,
2025-10-04T12:22:52.793205,Cập nhật 9 ngày trước,"6,1 tỷ","Nhà ngõ, hẻm",30 m²,30 m²,"203,33 triệu/m²",Đã có sổ,3 phòng,4 phòng,Hoàn thiện cơ bản,3.5 m,,5.0,,,Nhà nở hậu,,,Tây Nam,,,,,,,,
2025-10-04T12:22:58.205018,Cập nhật 7 ngày trước,"7,8 tỷ","Nhà ngõ, hẻm",38 m²,38 m²,"205,26 triệu/m²",Đã có sổ,3 phòng,4 phòng,Nội thất cao cấp,4.8 m,8 m,5.0,,,,,,,,,,,,,,
2025-10-04T12:22:58.405302,Cập nhật 9 ngày trước,"4,35 tỷ","Nhà ngõ, hẻm",20 m²,,"217,50 triệu/m²",Đã có sổ,2 phòng,,,,,2.0,,,,,,,,,,,,,,
2025-10-04T12:22:59.572899,Cập nhật 8 ngày trước,"13,99 tỷ","Nhà mặt phố, mặt tiền",53 m²,,"263,96 triệu/m²",Đã có sổ,5 phòng,4 phòng,,,,4.0,,,,,,,,,,,,,,
2025-10-04T12:22:58.163184,Cập nhật 9 ngày trước,"2,6 tỷ",,46 m²,,"56,52 triệu/m²",Đã có sổ,,,,5.8 m,8.5 m,,,,,Đất thổ cư,,,,,,,,,,
2025-10-04T12:23:05.979859,Cập nhật 7 ngày trước,"3,45 tỷ",,70 m²,,"49,29 triệu/m²",Sổ hồng riêng,2 phòng,,Nội thất đầy đủ,,,,Chưa bàn giao,"Tập thể, cư xá",,,,,,5.0,,,,,,
2025-10-04T12:23:14.446745,Cập nhật 8 ngày trước,"6,7 tỷ","Nhà ngõ, hẻm",52 m²,52 m²,"128,85 triệu/m²",Đã có sổ,6 phòng,4 phòng,,4 m,13 m,,,,,,,,,,,,,,,
2025-10-04T12:23:11.719366,Cập nhật 8 ngày trước,"10,3 tỷ","Nhà ngõ, hẻm",53 m²,53 m²,"194,34 triệu/m²",Đã có sổ,2 phòng,2 phòng,,4 m,14 m,2.0,,,,,,Đông Nam,,,,,,,,
2025-10-04T12:23:14.281617,Cập nhật 5 ngày trước,"15,8 tỷ","Nhà mặt phố, mặt tiền",67 m²,350 m²,"235,82 triệu/m²",Đã có sổ,6 phòng,5 phòng,Nội thất đầy đủ,5 m,,5.0,,,,,,,,,,,,,,
2025-10-04T12:23:13.049706,Cập nhật 8 ngày trước,"5,2 tỷ","Nhà ngõ, hẻm",32 m²,180 m²,"162,50 triệu/m²",Đã có sổ,3 phòng,4 phòng,Nội thất đầy đủ,,,4.0,,,,,,,,,,,,,,
2025-10-04T12:23:28.884139,Cập nhật 8 ngày trước,"10,5 tỷ","Nhà ngõ, hẻm",30 m²,,350 triệu/m²,Đã có sổ,4 phòng,,,,,,,,,,,,,,,,,,,
2025-10-04T12:23:28.573060,Cập nhật 8 ngày trước,"14,7 tỷ","Nhà ngõ, hẻm",47 m²,,"312,77 triệu/m²",Đã có sổ,3 phòng,,,,,,,,Hẻm xe hơi,,,,,,,,,,,
2025-10-04T12:23:30.108101,Cập nhật 9 ngày trước,"7,35 tỷ","Nhà ngõ, hẻm",38 m²,,"193,42 triệu/m²",Đã có sổ,3 phòng,,,4 m,,,,,,,,,,,,,,,,
2025-10-04T12:23:30.040954,Cập nhật 7 ngày trước,900 triệu,,48 m²,,"18,75 triệu/m²",Sổ hồng riêng,1 phòng,1 phòng,Nội thất cao cấp,,,,Đã bàn giao,"Căn hộ dịch vụ, mini",,,,,,,,,,,,
2025-10-04T12:23:39.735446,Cập nhật 10 ngày trước,13 tỷ,"Nhà mặt phố, mặt tiền",50 m²,50 m²,260 triệu/m²,Đã có sổ,5 phòng,3 phòng,Nội thất đầy đủ,,,5.0,,,,,,,,,,,,,,
2025-10-04T12:23:41.333412,Cập nhật 1 ngày trước,"3,39 tỷ",,73.5 m²,,"46,12 triệu/m²",Đã có sổ,,,,6 m,14 m,,,,"Mặt tiền
Nở hậu
Thổ cư toàn bộ",Đất thổ cư,m²,,,,Bìa giáp KCN Nội Bài,,,,,
2025-10-04T12:23:43.443101,Cập nhật 9 ngày trước,"1,38 tỷ",,40 m²,,"34,50 triệu/m²",Đã có sổ,,,,5 m,8 m,,,,,Đất thổ cư,m²,,,,,,,,,
2025-10-04T12:23:43.645483,Cập nhật 10 ngày trước,6 tỷ,"Nhà ngõ, hẻm",46 m²,,"130,43 triệu/m²",Đã có sổ,5 phòng,4 phòng,Hoàn thiện cơ bản,,,5.0,,,,,,,,,,,,,,
2025-10-04T12:23:44.660155,Cập nhật 9 ngày trước,"6,3 tỷ","Nhà ngõ, hẻm",27 m²,,"233,33 triệu/m²",Đã có sổ,3 phòng,,Nội thất đầy đủ,,,4.0,,,,,,,,,,,,,,
2025-10-04T12:23:53.045017,Cập nhật 8 ngày trước,"4,65 tỷ","Nhà ngõ, hẻm",23 m²,23 m²,"202,17 triệu/m²",Đã có sổ,3 phòng,4 phòng,Nội thất đầy đủ,3.3 m,8 m,5.0,,,"Hẻm xe hơi
Nhà nở hậu",,,Đông Nam,,,02,,,,,
2025-10-04T12:23:54.477282,Cập nhật 2 ngày trước,"8,36 tỷ","Nhà ngõ, hẻm",45 m²,,"185,78 triệu/m²",Đã có sổ,4 phòng,5 phòng,Nội thất đầy đủ,4 m,,5.0,,,"Hẻm xe hơi
Nhà nở hậu",,,,,,,,,,,
2025-10-04T12:23:57.879847,Cập nhật 9 ngày trước,"7,5 tỷ","Nhà mặt phố, mặt tiền",46 m²,,"163,04 triệu/m²",Đã có sổ,4 phòng,,,,,,,,,,,,,,,,,,,
2025-10-04T12:23:58.773487,Cập nhật 9 ngày trước,17 tỷ,"Nhà ngõ, hẻm",91 m²,91 m²,"186,81 triệu/m²",Đã có sổ,5 phòng,,Nội thất đầy đủ,5 m,20 m,5.0,,,,,,Đông Nam,,,,,,,,
2025-10-04T12:24:08.369358,Cập nhật 9 ngày trước,"8,6 tỷ","Nhà ngõ, hẻm",46 m²,,"186,96 triệu/m²",Đã có sổ,4 phòng,3 phòng,,,,,,,,,,,,,,,,,,
2025-10-04T12:24:07.954486,Cập nhật 9 ngày trước,"13,5 tỷ","Nhà mặt phố, mặt tiền",58 m²,,"232,76 triệu/m²",Đã có sổ,4 phòng,3 phòng,Nội thất cao cấp,6 m,,65.0,,,Hẻm xe hơi,,,,,,,,,,,
2025-10-04T12:24:12.306746,Cập nhật 10 ngày trước,13 tỷ,"Nhà ngõ, hẻm",66 m²,66 m²,"196,97 triệu/m²",Đã có sổ,3 phòng,2 phòng,,6.5 m,,3.0,,,Hiện trạng khác,,,Nam,,,,,,,,
2025-10-04T12:24:14.699571,Cập nhật 1 ngày trước,"6,6 tỷ","Nhà ngõ, hẻm",60 m²,,110 triệu/m²,Đã có sổ,4 phòng,,,4 m,,,,,,,,,,,,,,,,
2025-10-04T12:24:21.165337,Cập nhật 7 ngày trước,"8,56 tỷ","Nhà ngõ, hẻm",44 m²,44 m²,"194,55 triệu/m²",Đã có sổ,3 phòng,4 phòng,Nội thất đầy đủ,3.7 m,,5.0,,,,,,,,,,,,,,
2025-10-04T12:24:23.692981,Cập nhật 10 ngày trước,"7,45 tỷ","Nhà mặt phố, mặt tiền",37 m²,37 m²,"201,35 triệu/m²",Đã có sổ,2 phòng,,,5.4 m,7 m,,,,Hẻm xe hơi,,,,,,,,,,,
2025-10-04T12:24:23.113406,Cập nhật 9 ngày trước,"9,5 tỷ","Nhà ngõ, hẻm",40 m²,,"237,50 triệu/m²",Đã có sổ,4 phòng,,Nội thất đầy đủ,,,5.0,,,,,,,,,,,,,,
2025-10-04T12:24:37.805418,Cập nhật 10 ngày trước,"7,6 tỷ",,90 m²,,"84,44 triệu/m²",Sổ hồng riêng,3 phòng,2 phòng,Nội thất cao cấp,,,,Đã bàn giao,Chung cư,,,,,,,,,,Căn góc,,
2025-10-04T12:24:36.847942,Cập nhật 7 ngày trước,5 tỷ,,70 m²,,"71,43 triệu/m²",Đã có sổ,,,,,,,,,"Thổ cư toàn bộ
Hẻm xe hơi",Đất thổ cư,m²,,,,,,,,,
2025-10-04T12:24:37.518692,Cập nhật 8 ngày trước,"25,6 tỷ","Nhà ngõ, hẻm",90 m²,90 m²,"284,44 triệu/m²",Đã có sổ,4 phòng,4 phòng,,5 m,17 m,4.0,,,,,,,,,,,,,,
2025-10-04T12:24:37.727985,Cập nhật 9 ngày trước,40 tỷ,"Nhà mặt phố, mặt tiền",100 m²,900 m²,400 triệu/m²,Đã có sổ,9 phòng,Nhiều hơn 6 phòng,Nội thất đầy đủ,5.5 m,,9.0,,,,,,,,,,,,,,
2025-10-04T12:24:39.972721,Cập nhật 8 ngày trước,27 tỷ,"Nhà mặt phố, mặt tiền",90 m²,90 m²,300 triệu/m²,Đã có sổ,5 phòng,4 phòng,,6 m,15 m,,,,,,,,,,,,,,,
2025-10-04T12:24:48.993121,Cập nhật 8 ngày trước,"5,1 tỷ","Nhà ngõ, hẻm",52 m²,52 m²,"98,08 triệu/m²",Đã có sổ,3 phòng,,Nội thất đầy đủ,8 m,,4.0,,,,,,,,,,,,,,
2025-10-04T12:24:49.056146,Cập nhật 9 ngày trước,"2,2 tỷ",,76 m²,,"28,95 triệu/m²",Đã có sổ,,,,6.61 m,11.5 m,,,,Thổ cư toàn bộ,Đất thổ cư,m²,,,,,,,,,
2025-10-04T12:24:50.266878,Cập nhật 6 ngày trước,5 tỷ,,49 m²,,"102,04 triệu/m²",Đã có sổ,,,,4.7 m,,,,,,Đất thổ cư,m²,,,,,,,,,
2025-10-04T12:24:50.794435,Cập nhật 8 ngày trước,"8,2 tỷ","Nhà ngõ, hẻm",45 m²,,"182,22 triệu/m²",Đã có sổ,3 phòng,4 phòng,Nội thất đầy đủ,,,5.0,,,Nhà nở hậu,,,,,,,,,,,
2025-10-04T12:24:54.260836,Cập nhật 2 giờ trước,6 tỷ,"Nhà ngõ, hẻm",35 m²,35 m²,"171,43 triệu/m²",Đã có sổ,3 phòng,,,4 m,,6.0,,,,,,,,,,,,,,
2025-10-04T12:24:58.503680,Cập nhật 10 ngày trước,"7,68 tỷ","Nhà ngõ, hẻm",36 m²,,"213,33 triệu/m²",Đã có sổ,7 phòng,4 phòng,,,,5.0,,,,,,,,,,,,,,
2025-10-04T12:25:00.740543,Cập nhật 6 ngày trước,350 tỷ,"Nhà mặt phố, mặt tiền",535 m²,1600 m²,"654,21 triệu/m²",Đã có sổ,nhiều hơn 10 phòng,Nhiều hơn 6 phòng,,20 m,27 m,,,,,,,Tây Nam,,,,,,,1.0,143.0
2025-10-04T12:25:04.166630,Cập nhật 1 ngày trước,"22,5 tỷ","Nhà ngõ, hẻm",80 m²,,"281,25 triệu/m²",Đã có sổ,3 phòng,3 phòng,Nội thất đầy đủ,6 m,,4.0,,,Hẻm xe hơi,,,,,,,,,,,
2025-10-04T12:25:07.528999,Cập nhật 8 ngày trước,"5,7 tỷ",,90 m²,,"63,33 triệu/m²",Đã có sổ,,,,4.5 m,20 m,,,,Mặt tiền Hẻm xe hơi Thổ cư toàn bộ,Đất thổ cư,m²,Đông Nam,,,,,,,,
2025-10-04T12:25:08.236617,Cập nhật 8 ngày trước,"14,2 tỷ","Nhà ngõ, hẻm",56 m²,,"253,57 triệu/m²",Đã có sổ,nhiều hơn 10 phòng,,Nội thất đầy đủ,,,,,,,,,,,,,,,,,
2025-10-04T12:25:10.119923,Cập nhật 8 ngày trước,"8,1 tỷ","Nhà mặt phố, mặt tiền",42 m²,,"192,86 triệu/m²",Đã có sổ,4 phòng,,,,,,,,,,,,,,,,,,,
2025-10-04T12:25:09.856724,Cập nhật 1 ngày trước,"4,88 tỷ","Nhà ngõ, hẻm",22 m²,22 m²,"221,82 triệu/m²",Đã có sổ,3 phòng,3 phòng,Nội thất đầy đủ,4 m,6 m,5.0,,,Hẻm xe hơi Nhà nở hậu,,,Tây Bắc,,,09,,,,,
2025-10-04T12:25:16.799728,Cập nhật 8 ngày trước,"8,8 tỷ","Nhà ngõ, hẻm",40 m²,,220 triệu/m²,Đã có sổ,3 phòng,,,,,5.0,,,,,,,,,,,,,,
2025-10-04T12:25:16.851812,Cập nhật 9 ngày trước,"4,15 tỷ",,50 m²,,83 triệu/m²,Đã có sổ,,,,5 m,10 m,,,,Hẻm xe hơi,Đất thổ cư,,,,,,,,,,
2025-10-04T12:25:20.370953,Cập nhật 9 ngày trước,"6,39 tỷ","Nhà ngõ, hẻm",44 m²,150 m²,"145,23 triệu/m²",Đã có sổ,4 phòng,2 phòng,,,,,,,Hẻm xe hơi Nhà nở hậu,,,,,,,,,,,
2025-10-04T12:25:26.083860,Cập nhật 9 ngày trước,"16,86 tỷ","Nhà ngõ, hẻm",50 m²,,"337,20 triệu/m²",Đã có sổ,nhiều hơn 10 phòng,,,,,,,,,,,,,,,,,,,
2025-10-04T12:25:26.350624,Cập nhật 8 ngày trước,"7,35 tỷ","Nhà ngõ, hẻm",32 m²,35 m²,"229,69 triệu/m²",Đã có sổ,3 phòng,4 phòng,Nội thất cao cấp,4 m,8 m,5.0,,,,,,,,,,,,,,
2025-10-04T12:25:30.467866,Cập nhật 2 ngày trước,"6,6 tỷ","Nhà ngõ, hẻm",30 m²,,220 triệu/m²,Đã có sổ,3 phòng,,,,,,,,,,,,,,,,,,,
2025-10-04T12:25:30.587236,Cập nhật 7 ngày trước,"5,6 tỷ","Nhà ngõ, hẻm",36 m²,,"155,56 triệu/m²",Đã có sổ,3 phòng,3 phòng,,,,4.0,,,,,,,,,,,,,,
2025-10-04T12:25:33.979930,Cập nhật 9 ngày trước,"4,8 tỷ",,97 m²,,"49,48 triệu/m²",Đã có sổ,,,,5 m,19 m,,,,Mặt tiền Hẻm xe hơi Thổ cư toàn bộ,Đất thổ cư,m²,,,,,,,,,
2025-10-04T12:25:36.530197,Cập nhật 8 ngày trước,14 tỷ,"Nhà mặt phố, mặt tiền",75 m²,75 m²,"186,67 triệu/m²",Đã có sổ,3 phòng,,,5 m,15 m,2.0,,,Hẻm xe hơi Nhà nở hậu Hiện trạng khác,,,Đông Bắc,,,,,123a,,,
2025-10-04T12:25:37.407670,Cập nhật 7 ngày trước,10 tỷ,"Nhà mặt phố, mặt tiền",38 m²,38 m²,"263,16 triệu/m²",Đã có sổ,3 phòng,,Nội thất đầy đủ,,,,,,Hẻm xe hơi,,,,,,,,,,,
2025-10-04T12:25:40.003737,Cập nhật 9 ngày trước,"5,7 tỷ",,90 m²,,"63,33 triệu/m²",Đã có sổ,,,,5 m,18 m,,,,Mặt tiền,Đất thổ cư,m²,Nam,,,,,,,,
2025-10-04T12:25:40.223832,Cập nhật 18 giờ trước,"5,9 tỷ",,43 m²,,"137,21 triệu/m²",Đã có sổ,,,,3.4 m,12.6 m,,,,,Đất thổ cư,m²,Đông Nam,,,,,,,,
2025-10-04T12:25:43.557953,Cập nhật 4 ngày trước,"25,7 tỷ","Nhà mặt phố, mặt tiền",89 m²,89 m²,"288,76 triệu/m²",Đã có sổ,6 phòng,4 phòng,,,,5.0,,,,,,,,,,,,,,
2025-10-04T12:25:46.559386,Cập nhật 9 ngày trước,"13,5 tỷ","Nhà ngõ, hẻm",50 m²,50 m²,270 triệu/m²,Đã có sổ,4 phòng,4 phòng,Nội thất đầy đủ,,,4.0,,,,,,,,,,,,,,
2025-10-04T12:25:50.616091,Cập nhật 9 ngày trước,13 tỷ,"Nhà mặt phố, mặt tiền",50 m²,50 m²,260 triệu/m²,Đã có sổ,5 phòng,5 phòng,Nội thất đầy đủ,5 m,10 m,5.0,,,Hẻm xe hơi,,,,,,,,,,,
2025-10-04T12:25:52.138684,Cập nhật 9 ngày trước,"4,3 tỷ",,54 m²,,"79,63 triệu/m²",Đã có sổ,,,,,,,,,,Đất thổ cư,,,,,,,,,,
2025-10-04T12:25:53.190576,Cập nhật 3 ngày trước,"1,75 tỷ",,130 m²,,"13,46 triệu/m²",Đang chờ sổ,,,,8 m,,,,,Mặt tiền,Đất thổ cư,m²,,,,,,,,,
2025-10-04T12:25:57.603455,Cập nhật 7 ngày trước,"7,567 tỷ","Nhà ngõ, hẻm",40 m²,40 m²,"189,18 triệu/m²",Đã có sổ,7 phòng,4 phòng,Nội thất đầy đủ,,,5.0,,,,,,,,,,,,,,
2025-10-04T12:26:01.160026,Cập nhật 9 ngày trước,"4,5 tỷ","Nhà ngõ, hẻm",31 m²,,"145,16 triệu/m²",Đã có sổ,3 phòng,,,,,,,,,,,,,,,,,,,
2025-10-04T12:26:01.497074,Cập nhật 10 ngày trước,"2,73 tỷ",,52 m²,,"52,50 triệu/m²",Đã có sổ,,,,4 m,13 m,,,,,Đất thổ cư,m²,,,,,,,,,
2025-10-04T12:26:02.404894,Cập nhật 10 ngày trước,"10,9 tỷ","Nhà ngõ, hẻm",40 m²,240 m²,"272,50 triệu/m²",Đã có sổ,9 phòng,Nhiều hơn 6 phòng,Nội thất đầy đủ,6 m,,6.0,,,Hiện trạng khác,,,,,,,,,,,
2025-10-04T12:26:05.135624,Cập nhật 9 ngày trước,"13,5 tỷ","Nhà ngõ, hẻm",42 m²,42 m²,"321,43 triệu/m²",Đã có sổ,3 phòng,4 phòng,Nội thất đầy đủ,3.5 m,12 m,5.0,,,Hẻm xe hơi,,,,,,,,,,,
2025-10-04T12:26:08.777548,Cập nhật 9 ngày trước,"14,45 tỷ","Nhà ngõ, hẻm",55 m²,400 m²,"262,73 triệu/m²",Đã có sổ,nhiều hơn 10 phòng,Nhiều hơn 6 phòng,Nội thất đầy đủ,4 m,13 m,7.0,,,Hẻm xe hơi,,,,,,,,,,,
2025-10-04T12:26:10.478414,Cập nhật 8 ngày trước,"19,3 tỷ","Nhà ngõ, hẻm",69 m²,69 m²,"279,71 triệu/m²",Đã có sổ,6 phòng,3 phòng,,5 m,,5.0,,,,,,,,,,,,,,
2025-10-04T12:26:11.602695,Cập nhật 8 ngày trước,"11,9 tỷ",,70 m²,,170 triệu/m²,Đã có sổ,,,,4 m,17 m,,,,,Đất thổ cư,,,,,,,,,,
2025-10-04T12:26:12.182672,Cập nhật 3 ngày trước,"5,7 tỷ",,38 m²,,150 triệu/m²,Đã có sổ,,,,4 m,,,,,,Đất thổ cư,,,,,,,,,,
2025-10-04T12:26:15.366492,Cập nhật 9 ngày trước,"9,7 tỷ","Nhà ngõ, hẻm",77 m²,210 m²,"125,97 triệu/m²",Đã có sổ,4 phòng,4 phòng,Nội thất đầy đủ,4 m,,2.0,,,Hẻm xe hơi,,,,,,,,,,,
2025-10-04T12:26:20.071778,Cập nhật 10 ngày trước,"17,5 tỷ","Nhà ngõ, hẻm",61 m²,,"286,89 triệu/m²",Đã có sổ,4 phòng,4 phòng,Nội thất cao cấp,,,5.0,,,Hẻm xe hơi,,,,,,,,,,,
2025-10-04T12:26:21.844979,Cập nhật 9 ngày trước,"7,1 tỷ","Nhà ngõ, hẻm",38 m²,,"186,84 triệu/m²",Đã có sổ,3 phòng,,,,,,,,,,,,,,,,,,,
2025-10-04T12:26:21.697066,Cập nhật 9 ngày trước,"36,5 tỷ","Nhà mặt phố, mặt tiền",50 m²,50 m²,730 triệu/m²,Đã có sổ,8 phòng,,,,,,,,Nhà nở hậu,,,,,,,,,,,
2025-10-04T12:26:24.826874,Cập nhật 9 ngày trước,"7,49 tỷ","Nhà ngõ, hẻm",45 m²,,"166,44 triệu/m²",Đã có sổ,4 phòng,,,,,,,,,,,,,,,,,,,
2025-10-04T12:26:27.706453,Cập nhật 7 ngày trước,5 tỷ,,60 m²,,"83,33 triệu/m²",Đã có sổ,,,,,,,,,Mặt tiền Hẻm xe hơi Thổ cư toàn bộ,Đất thổ cư,m²,,,,,,,,,
2025-10-04T12:26:29.375702,Cập nhật 5 ngày trước,9 tỷ,"Nhà ngõ, hẻm",44 m²,,"204,55 triệu/m²",Đã có sổ,8 phòng,Nhiều hơn 6 phòng,,,,5.0,,,,,,,,,,,,,,
2025-10-04T12:26:31.670514,Cập nhật 8 ngày trước,"16,9 tỷ","Nhà ngõ, hẻm",48 m²,,"352,08 triệu/m²",Đã có sổ,4 phòng,,,,,5.0,,,,,,,,,,,,,,
2025-10-04T12:26:31.448429,Cập nhật 7 ngày trước,"26,5 tỷ","Nhà mặt phố, mặt tiền",70 m²,75 m²,"378,57 triệu/m²",Đã có sổ,4 phòng,5 phòng,Nội thất cao cấp,6.3 m,10.3 m,4.0,,,Hẻm xe hơi,,,,,,,,,,,
2025-10-04T12:26:33.822935,Cập nhật 8 ngày trước,"8,4 tỷ","Nhà ngõ, hẻm",46 m²,,"182,61 triệu/m²",Đã có sổ,4 phòng,,Nội thất cao cấp,,,,,,,,,,,,,,,,,
2025-10-04T12:26:37.522991,Cập nhật 10 ngày trước,64 tỷ,"Nhà mặt phố, mặt tiền",170 m²,280 m²,"376,47 triệu/m²",Đã có sổ,nhiều hơn 10 phòng,Nhiều hơn 6 phòng,Nội thất đầy đủ,10 m,,2.0,,,,,,,,,,,,,,
2025-10-04T12:26:38.746626,Cập nhật 8 ngày trước,8 tỷ,,70 m²,,"114,29 triệu/m²",Đã có sổ,,,,6 m,12 m,,,,Mặt tiền Hẻm xe hơi Thổ cư toàn bộ,Đất thổ cư,,Đông Nam,,,,,,,,
2025-10-04T12:26:41.500791,Cập nhật 7 ngày trước,"7,5 tỷ","Nhà ngõ, hẻm",36 m²,,"208,33 triệu/m²",Đã có sổ,5 phòng,4 phòng,Nội thất cao cấp,4 m,,5.0,,,Nhà nở hậu,,,,,,,,,,,
2025-10-04T12:26:41.499791,Cập nhật 8 ngày trước,"8,95 tỷ","Nhà ngõ, hẻm",47 m²,,"190,43 triệu/m²",Đã có sổ,4 phòng,,Nội thất cao cấp,,,5.0,,,Hẻm xe hơi Nhà nở hậu,,,,,,,,,,,
2025-10-04T12:26:42.766663,Cập nhật 9 ngày trước,"7,2 tỷ","Nhà ngõ, hẻm",44 m²,,"163,64 triệu/m²",Đã có sổ,4 phòng,,,,,,,,,,,,,,,,,,,
2025-10-04T12:26:47.012011,Cập nhật 7 ngày trước,"5,25 tỷ","Nhà ngõ, hẻm",39 m²,,"134,62 triệu/m²",Đã có sổ,2 phòng,,Nội thất đầy đủ,,,,,,,,,,,,,,,,,
2025-10-04T12:26:47.786812,Cập nhật 8 ngày trước,"6,3 tỷ","Nhà ngõ, hẻm",33 m²,33 m²,"190,91 triệu/m²",Đã có sổ,3 phòng,4 phòng,Nội thất đầy đủ,6.2 m,,4.0,,,Nhà nở hậu,,,,,,,,22,,,
2025-10-04T12:26:51.141968,Cập nhật 8 ngày trước,"3,05 tỷ",,43 m²,,"70,93 triệu/m²",Đã có sổ,,,,,,,,,,Đất thổ cư,m²,,,,,,,,,
2025-10-04T12:26:51.286598,Cập nhật 9 ngày trước,"10,5 tỷ","Nhà ngõ, hẻm",42 m²,42 m²,250 triệu/m²,Đã có sổ,4 phòng,5 phòng,Nội thất đầy đủ,4 m,12 m,5.0,,,Nhà nở hậu,,,Tây Nam,,,,,,,,
2025-10-04T12:26:51.955725,Cập nhật 8 ngày trước,"16,9 tỷ","Nhà ngõ, hẻm",50 m²,,338 triệu/m²,Đã có sổ,5 phòng,4 phòng,,,,5.0,,,,,,,,,,,,,,
2025-10-04T12:26:57.386981,Cập nhật 9 ngày trước,13 tỷ,"Nhà ngõ, hẻm",40 m²,,325 triệu/m²,Đã có sổ,5 phòng,5 phòng,Nội thất cao cấp,3.5 m,11 m,7.0,,,Hẻm xe hơi Nhà nở hậu,,,Đông Bắc,,,,,,,,
2025-10-04T12:27:02.004708,Cập nhật 7 ngày trước,"1,5 tỷ",,100 m²,,15 triệu/m²,Đã có sổ,,,,5 m,20 m,,,,Mặt tiền,Đất thổ cư,m²,,,,,,,,,
2025-10-04T12:27:02.267747,Cập nhật 9 ngày trước,"10,41 tỷ","Nhà ngõ, hẻm",40 m²,,"260,25 triệu/m²",Đã có sổ,6 phòng,5 phòng,Nội thất đầy đủ,4.2 m,,6.0,,,Nhà nở hậu,,,,,,,,,,,
2025-10-04T12:27:02.378197,Cập nhật 7 ngày trước,"7,5 tỷ","Nhà ngõ, hẻm",45 m²,,"166,67 triệu/m²",Đã có sổ,4 phòng,,,,,4.0,,,,,,,,,,,,,,
2025-10-04T12:27:06.734276,Cập nhật 8 ngày trước,"8,6 tỷ","Nhà ngõ, hẻm",36 m²,36 m²,"238,89 triệu/m²",Đã có sổ,4 phòng,4 phòng,Nội thất đầy đủ,3.5 m,10.2 m,4.0,,,,,,Nam,,,,,,,,
2025-10-04T12:27:10.960791,Cập nhật 9 ngày trước,"4,45 tỷ",,34 m²,,"130,88 triệu/m²",Sổ hồng riêng,2 phòng,2 phòng,Nội thất cao cấp,,,,Đã bàn giao,"Tập thể, cư xá",,,,,,,,,,,,
2025-10-04T12:27:12.210845,Cập nhật 9 ngày trước,"5,4 tỷ","Nhà ngõ, hẻm",48 m²,,"112,50 triệu/m²",Đã có sổ,3 phòng,,,,,,,,Nhà nở hậu,,,,,,,,,,,
2025-10-04T12:27:11.597743,Cập nhật 4 ngày trước,"15,5 tỷ","Nhà ngõ, hẻm",60 m²,,"258,33 triệu/m²",Đã có sổ,nhiều hơn 10 phòng,Nhiều hơn 6 phòng,Nội thất đầy đủ,,,,,,Hẻm xe hơi Nhà nở hậu,,,,,,,,,,,
2025-10-04T12:27:14.519987,Cập nhật 8 ngày trước,"10,5 tỷ","Nhà ngõ, hẻm",66 m²,66 m²,"159,09 triệu/m²",Đã có sổ,4 phòng,4 phòng,Hoàn thiện cơ bản,4.4 m,,4.0,,,Hẻm xe hơi Nhà nở hậu,,,,,,,,,,,
2025-10-04T12:27:20.697892,Cập nhật 8 ngày trước,12 tỷ,,55 m²,,"218,18 triệu/m²",Đã có sổ,,,,,,,,,Mặt tiền Nở hậu Thổ cư toàn bộ,Đất thổ cư,,,,,,,,,,
2025-10-04T12:27:21.375713,Cập nhật 8 ngày trước,5 tỷ,"Nhà ngõ, hẻm",50 m²,,100 triệu/m²,Đã có sổ,2 phòng,3 phòng,Nội thất đầy đủ,,,3.0,,,,,,,,,,,,,,
2025-10-04T12:27:22.531746,Cập nhật 9 ngày trước,"8,95 tỷ","Nhà ngõ, hẻm",44 m²,44 m²,"203,41 triệu/m²",Đã có sổ,3 phòng,4 phòng,Nội thất đầy đủ,,,5.0,,,Nhà nở hậu,,,,,,,,,,,
2025-10-04T12:27:24.688209,Cập nhật 8 ngày trước,"16,5 tỷ",,50 m²,,330 triệu/m²,Đã có sổ,,,,,,,,,,Đất thổ cư,m²,,,,,,,,,
2025-10-04T12:27:25.325228,Cập nhật 9 ngày trước,"12,1 tỷ","Nhà ngõ, hẻm",46 m²,,"263,04 triệu/m²",Đã có sổ,4 phòng,,Nội thất đầy đủ,,,4.0,,,,,,,,,,,,,,
2025-10-04T12:27:29.691806,Cập nhật 9 ngày trước,"7,9 tỷ","Nhà ngõ, hẻm",36 m²,35 m²,"219,44 triệu/m²",Đã có sổ,4 phòng,4 phòng,,,,4.0,,,,,,,,,,,,,,
2025-10-04T12:27:30.563574,Cập nhật 10 ngày trước,"12,4 tỷ",,90 m²,,"137,78 triệu/m²",Đã có sổ,,,,,,,,,,Đất thổ cư,m²,,,,,,,,,
2025-10-04T12:27:31.984908,Cập nhật 10 ngày trước,"6,3 tỷ","Nhà mặt phố, mặt tiền",45 m²,,140 triệu/m²,Đã có sổ,2 phòng,2 phòng,,,,,,,,,,,,,,,,,,
2025-10-04T12:27:34.220023,Cập nhật 7 ngày trước,"6,8 tỷ",,61.8 m²,,"110,03 triệu/m²",Đã có sổ,,,,4.1 m,14.8 m,,,,Hẻm xe hơi,Đất thổ cư,,Đông Nam,,,,,,,,
2025-10-04T12:27:34.399744,Cập nhật 7 ngày trước,"9,95 tỷ","Nhà ngõ, hẻm",45 m²,50 m²,"221,11 triệu/m²",Đã có sổ,4 phòng,5 phòng,Nội thất cao cấp,5 m,,6.0,,,Hẻm xe hơi Nhà nở hậu,,,,,,,,,,,
2025-10-04T12:27:39.518797,Cập nhật 9 ngày trước,"4,5 tỷ",,75 m²,,60 triệu/m²,Sổ hồng riêng,2 phòng,,,,,,Chưa bàn giao,Chung cư,,,,,,,,,,,,
2025-10-04T12:27:39.676348,Cập nhật 8 ngày trước,"4,15 tỷ","Nhà ngõ, hẻm",40 m²,,"103,75 triệu/m²",Đã có sổ,3 phòng,3 phòng,Nội thất đầy đủ,,,,,,Hẻm xe hơi,,,,,,,,,,,
2025-10-04T12:27:40.811574,Cập nhật 10 ngày trước,"18,5 tỷ","Nhà ngõ, hẻm",72 m²,72 m²,"256,94 triệu/m²",Đã có sổ,4 phòng,3 phòng,,6 m,14.5 m,4.0,,,Hẻm xe hơi,,,,,,,,,,,
2025-10-04T12:27:43.906722,Cập nhật 7 ngày trước,"13,5 tỷ","Nhà ngõ, hẻm",50 m²,55 m²,270 triệu/m²,Đã có sổ,nhiều hơn 10 phòng,Nhiều hơn 6 phòng,Nội thất cao cấp,4.3 m,12 m,7.0,,,Hẻm xe hơi,,,,,,,,,,,
2025-10-04T12:27:46.188507,Cập nhật 8 ngày trước,"20,89 tỷ",Nhà phố liền kề,55 m²,60 m²,"379,82 triệu/m²",Đã có sổ,4 phòng,5 phòng,Nội thất đầy đủ,4 m,,5.0,,,,,,,,,,,,,,
2025-10-04T12:27:48.880229,Cập nhật 8 ngày trước,"8,5 tỷ","Nhà ngõ, hẻm",47 m²,,"180,85 triệu/m²",Đã có sổ,4 phòng,,Nội thất cao cấp,,,,,,,,,,,,,,,,,
2025-10-04T12:27:53.950124,Cập nhật 7 ngày trước,"9,2 tỷ","Nhà ngõ, hẻm",39 m²,,"235,90 triệu/m²",Đã có sổ,3 phòng,,Nội thất cao cấp,,,5.0,,,,,,,,,,,,,,
2025-10-04T12:27:55.807444,Cập nhật 9 ngày trước,"8,1 tỷ","Nhà ngõ, hẻm",42 m²,,"192,86 triệu/m²",Đã có sổ,5 phòng,,,,,,,,,,,,,,,,,,,
2025-10-04T12:28:00.770589,Cập nhật 5 ngày trước,9 tỷ,"Nhà mặt phố, mặt tiền",60 m²,300 m²,150 triệu/m²,Đã có sổ,8 phòng,5 phòng,,6 m,10 m,4.0,,,Hẻm xe hơi Nhà nở hậu,,,Nam,,,,,,,,
2025-10-04T12:27:59.893604,Cập nhật 8 ngày trước,"11,9 tỷ","Nhà ngõ, hẻm",44 m²,44 m²,"270,45 triệu/m²",Đã có sổ,3 phòng,6 phòng,Nội thất đầy đủ,4.5 m,9.8 m,6.0,,,,,,,,,,,,,,
2025-10-04T12:28:03.374721,Cập nhật 9 ngày trước,"5,7 tỷ","Nhà ngõ, hẻm",32.6 m²,,"174,85 triệu/m²",Đã có sổ,3 phòng,,,,,,,,,,,,,,,,,,,
2025-10-04T12:28:06.256407,Cập nhật 10 ngày trước,"3,9 tỷ",,81 m²,,"48,15 triệu/m²",Sổ hồng riêng,2 phòng,,,,,,Đã bàn giao,"Tập thể, cư xá",,,,,,,,,,,,
2025-10-04T12:28:10.710398,Cập nhật 5 ngày trước,7 tỷ,"Nhà mặt phố, mặt tiền",38 m²,40 m²,"184,21 triệu/m²",Đã có sổ,4 phòng,6 phòng,,,,5.0,,,Nhà nở hậu,,,,,,,,,,,
2025-10-04T12:28:11.259361,Cập nhật 10 ngày trước,"5,1 tỷ","Nhà ngõ, hẻm",32 m²,,"159,38 triệu/m²",Đã có sổ,3 phòng,,,,,,,,,,,,,,,,,,,
2025-10-04T12:28:13.429175,Cập nhật 2 ngày trước,"3,599 tỷ",,72 m²,,50 triệu/m²,Đã có sổ,,,,4 m,18 m,,,,Mặt tiền Hẻm xe hơi Thổ cư toàn bộ,Đất thổ cư,m²,,,,Cạnh tái định cư Hồng Vân,,,,,
2025-10-04T12:28:14.723229,Cập nhật 9 ngày trước,"3,9 tỷ",,45.8 m²,,"85,15 triệu/m²",Đã có sổ,,,,4 m,11.48 m,,,,Hẻm xe hơi Nở hậu,Đất thổ cư,m²,Tây Nam,,,,,,,,
2025-10-04T12:28:16.986961,Cập nhật 9 ngày trước,"7,2 tỷ","Nhà ngõ, hẻm",45 m²,,160 triệu/m²,Đã có sổ,4 phòng,,,,,5.0,,,,,,,,,,,,,,
2025-10-04T12:28:19.330912,Cập nhật 9 ngày trước,"10,5 tỷ","Nhà mặt phố, mặt tiền",21 m²,,500 triệu/m²,Đã có sổ,3 phòng,4 phòng,Nội thất đầy đủ,4.5 m,,6.0,,,Hẻm xe hơi Nhà nở hậu,,,,,,,,,,,
2025-10-04T12:28:21.937263,Cập nhật 10 ngày trước,6 tỷ,"Nhà ngõ, hẻm",30 m²,,200 triệu/m²,Đã có sổ,3 phòng,4 phòng,Nội thất đầy đủ,,,5.0,,,Nhà nở hậu,,,,,,,,,,,
2025-10-04T12:28:23.200201,Cập nhật 8 ngày trước,"7,79 tỷ","Nhà ngõ, hẻm",30 m²,35 m²,"259,67 triệu/m²",Đã có sổ,4 phòng,4 phòng,Nội thất đầy đủ,3.55 m,,5.0,,,,,,,,,,,,,,
2025-10-04T12:28:26.140081,Cập nhật 8 ngày trước,"6,6 tỷ","Nhà ngõ, hẻm",30 m²,,220 triệu/m²,Đã có sổ,6 phòng,,,,,,,,,,,,,,,,,,,
2025-10-04T12:28:28.512883,Cập nhật 35 phút trước,56 tỷ,Nhà biệt thự,240 m²,450 m²,"233,33 triệu/m²",Đã có sổ,8 phòng,6 phòng,Bàn giao thô,,,,,,,,,,,,,,,,,
2025-10-04T12:28:31.291837,Cập nhật 7 ngày trước,"4,65 tỷ","Nhà ngõ, hẻm",40 m²,,"116,25 triệu/m²",Đã có sổ,4 phòng,,,,,,,,,,,Đông Nam,,,,,,,,
2025-10-04T12:28:34.923288,Cập nhật 8 ngày trước,"3,5 tỷ",,16 m²,,"218,75 triệu/m²",Sổ hồng riêng,2 phòng,2 phòng,Hoàn thiện cơ bản,,,,Chưa bàn giao,"Tập thể, cư xá",,,,,,,,,,,,
2025-10-04T12:28:38.776441,Cập nhật 7 ngày trước,"4,68 tỷ","Nhà ngõ, hẻm",20 m²,,234 triệu/m²,Đã có sổ,3 phòng,,Hoàn thiện cơ bản,,,4.0,,,,,,,,,,,,,,
2025-10-04T12:28:40.522518,Cập nhật 8 ngày trước,"9,5 tỷ","Nhà ngõ, hẻm",59 m²,59 m²,"161,02 triệu/m²",Đã có sổ,4 phòng,4 phòng,Nội thất cao cấp,4 m,,4.0,,,,,,,,,,,,,,
2025-10-04T12:28:44.673886,Cập nhật 8 ngày trước,6 tỷ,"Nhà ngõ, hẻm",33 m²,,"181,82 triệu/m²",Đã có sổ,3 phòng,,Nội thất đầy đủ,,,,,,,,,,,,,,,,,
2025-10-04T12:28:43.841624,Cập nhật 9 ngày trước,"7,125 tỷ","Nhà ngõ, hẻm",43 m²,,"165,70 triệu/m²",Đã có sổ,4 phòng,,,,,6.0,,,Nhà nở hậu Hẻm xe hơi,,,,,,,,,,,
2025-10-04T12:28:48.022205,Cập nhật 8 ngày trước,"6,8 tỷ","Nhà ngõ, hẻm",42 m²,,"161,90 triệu/m²",Đã có sổ,3 phòng,4 phòng,Nội thất cao cấp,,,5.0,,,Nhà nở hậu,,,,,,,,,,,
2025-10-04T12:28:52.679382,Cập nhật 9 ngày trước,3 tỷ,,56 m²,,"53,57 triệu/m²",Đã có sổ,,,,3.8 m,15 m,,,,Thổ cư toàn bộ Nở hậu,Đất thổ cư,m²,,,,,,,,,
2025-10-04T12:28:54.902713,Cập nhật 9 ngày trước,"5,439 tỷ",,85 m²,,"63,99 triệu/m²",Đã có sổ,,,,4.5 m,16 m,,,,Mặt tiền Hẻm xe hơi Thổ cư toàn bộ,Đất thổ cư,,Nam,,,,,,,,
2025-10-04T12:28:55.460305,Cập nhật 1 ngày trước,"8,95 tỷ","Nhà ngõ, hẻm",42 m²,50 m²,"213,10 triệu/m²",Đã có sổ,4 phòng,5 phòng,Nội thất đầy đủ,4 m,12.5 m,4.0,,,Hẻm xe hơi,,,,,,,,,,,
2025-10-04T12:28:58.679949,Cập nhật 8 ngày trước,8 tỷ,"Nhà ngõ, hẻm",52 m²,,"153,85 triệu/m²",Đã có sổ,4 phòng,,,,,,,,,,,,,,,,,,,
2025-10-04T12:28:59.106559,Cập nhật 7 ngày trước,"8,9 tỷ","Nhà ngõ, hẻm",30 m²,30 m²,"296,67 triệu/m²",Đã có sổ,3 phòng,3 phòng,Nội thất đầy đủ,3.2 m,9 m,5.0,,,Hẻm xe hơi,,,,,,,,,,,
2025-10-04T12:29:04.252952,Cập nhật 8 ngày trước,"19,5 tỷ","Nhà mặt phố, mặt tiền",68 m²,,"286,76 triệu/m²",Đã có sổ,4 phòng,4 phòng,Nội thất cao cấp,4.6 m,14.7 m,4.0,,,,,,,,,,,,,,
2025-10-04T12:29:04.418874,Cập nhật 9 ngày trước,96 tỷ,,245 m²,,"391,84 triệu/m²",Đã có sổ,,,Nội thất cao cấp,,,,,,,,,,Văn phòng,,,,,,,
2025-10-04T12:29:04.442654,Cập nhật 2 giờ trước,17 tỷ,Nhà phố liền kề,76 m²,380 m²,"223,68 triệu/m²",Đã có sổ,4 phòng,3 phòng,,,,5.0,,,,,,,,,,,,,,
2025-10-04T12:29:08.609993,Cập nhật 10 ngày trước,"16,5 tỷ","Nhà ngõ, hẻm",160 m²,160 m²,"103,12 triệu/m²",Đã có sổ,3 phòng,3 phòng,Nội thất đầy đủ,3.6 m,44 m,3.0,,,Hẻm xe hơi,,,Tây Nam,,,,,,,,
2025-10-04T12:29:09.788821,Cập nhật 7 ngày trước,"7,4 tỷ",,110 m²,,"67,27 triệu/m²",Sổ hồng riêng,3 phòng,2 phòng,Nội thất đầy đủ,,,,Đã bàn giao,Chung cư,,,,,,,,,,,,
2025-10-04T12:29:14.028855,Cập nhật 8 ngày trước,"4,15 tỷ","Nhà ngõ, hẻm",40 m²,40 m²,"103,75 triệu/m²",Đã có sổ,3 phòng,3 phòng,,3.5 m,12 m,3.0,,,,,,,,,,,,,,
2025-10-04T12:29:14.195049,Cập nhật 8 ngày trước,"5,2 tỷ",,52 m²,,100 triệu/m²,Sổ hồng riêng,2 phòng,2 phòng,Hoàn thiện cơ bản,,,,Đã bàn giao,Chung cư,,,,Đông Nam,,,,Tây Bắc,,,,
2025-10-04T12:29:14.571812,Cập nhật 8 ngày trước,"5,5 tỷ","Nhà ngõ, hẻm",30 m²,30 m²,"183,33 triệu/m²",Đã có sổ,3 phòng,3 phòng,Nội thất đầy đủ,3.2 m,,4.0,,,,,,,,,,,,,,
2025-10-04T12:29:19.141540,Cập nhật 10 ngày trước,"5,6 tỷ","Nhà ngõ, hẻm",45.4 m²,,"123,35 triệu/m²",Đã có sổ,3 phòng,,,,,,,,,,,,,,,,,,,
2025-10-04T12:29:23.372646,Cập nhật 7 ngày trước,"1,79 tỷ",,65 m²,,"27,54 triệu/m²",Hợp đồng mua bán,2 phòng,2 phòng,Nội thất cao cấp,,,,Đã bàn giao,Chung cư,,,,,,5.0,B,,,,,
2025-10-04T12:29:23.497360,Cập nhật 8 ngày trước,"7,4 tỷ","Nhà mặt phố, mặt tiền",45 m²,,"164,44 triệu/m²",Đã có sổ,4 phòng,,,,,,,,,,,,,,,,,,,
2025-10-04T12:29:23.973613,Cập nhật 9 ngày trước,"31,76 tỷ","Nhà mặt phố, mặt tiền",55 m²,,"577,45 triệu/m²",Đã có sổ,5 phòng,4 phòng,,5.3 m,,5.0,,,Nhà nở hậu,,,,,,,,,,,
2025-10-04T12:29:28.202826,Cập nhật 9 ngày trước,"7,2 tỷ","Nhà ngõ, hẻm",51 m²,,"141,18 triệu/m²",Đã có sổ,3 phòng,,,,,,,,,,,,,,,,,,,
2025-10-04T12:29:28.417023,Cập nhật 9 ngày trước,"7,7 tỷ","Nhà mặt phố, mặt tiền",44 m²,,175 triệu/m²,Đã có sổ,4 phòng,,,,,,,,,,,,,,,,,,,
2025-10-04T12:29:32.828782,Cập nhật 9 ngày trước,"3,85 tỷ",,45 m²,,"85,56 triệu/m²",Đã có sổ,,,,4.1 m,11 m,,,,Mặt tiền Thổ cư toàn bộ,Đất thổ cư,m²,Đông Bắc,,,,,,,,
2025-10-04T12:29:33.699564,Cập nhật 9 ngày trước,"6,26 tỷ","Nhà ngõ, hẻm",21 m²,25 m²,"298,10 triệu/m²",Đã có sổ,3 phòng,3 phòng,,,,,,,Hẻm xe hơi,,,,,,,,,,,
2025-10-04T12:29:33.809106,Cập nhật 9 ngày trước,"3,82 tỷ",,55 m²,,"69,45 triệu/m²",Sổ hồng riêng,2 phòng,1 phòng,Nội thất cao cấp,,,,Đã bàn giao,Chung cư,,,,,,20.0,S2.05,Đông Nam,,,,
2025-10-04T12:29:37.734598,Cập nhật 9 ngày trước,"1,8 tỷ",,150 m²,,12 triệu/m²,Đã có sổ,,,,5 m,30 m,,,,,Đất thổ cư,,,,,,,,,,
2025-10-04T12:29:37.495401,Cập nhật 9 ngày trước,12 tỷ,"Nhà ngõ, hẻm",52 m²,,"230,77 triệu/m²",Đã có sổ,4 phòng,,,,,,,,,,,,,,,,,,,
2025-10-04T12:29:43.605453,Cập nhật 9 ngày trước,"7,5 tỷ","Nhà ngõ, hẻm",36 m²,36 m²,"208,33 triệu/m²",Đã có sổ,3 phòng,3 phòng,,42 m,,4.0,,,Hẻm xe hơi,,,,,,,,,,,
2025-10-04T12:29:43.767074,Cập nhật 9 ngày trước,"6,6 tỷ","Nhà ngõ, hẻm",38 m²,38 m²,"173,68 triệu/m²",Đã có sổ,3 phòng,4 phòng,Nội thất đầy đủ,4 m,10 m,5.0,,,Hẻm xe hơi,,,,,,,,,,,
2025-10-04T12:29:48.586476,Cập nhật 9 ngày trước,"3,8 tỷ",Nhà phố liền kề,21 m²,,"180,95 triệu/m²",Đã có sổ,3 phòng,,,,,,,,,,,,,,,,,,,
2025-10-04T12:29:51.087997,Cập nhật 9 ngày trước,"7,345 tỷ","Nhà ngõ, hẻm",32 m²,32 m²,"229,53 triệu/m²",Đã có sổ,3 phòng,4 phòng,Nội thất đầy đủ,3.7 m,,5.0,,,,,,,,,,,,,,
2025-10-04T12:29:53.574038,Cập nhật 3 ngày trước,"3,69 tỷ","Nhà ngõ, hẻm",15 m²,18 m²,246 triệu/m²,Đã có sổ,3 phòng,3 phòng,,5 m,,,,,Hẻm xe hơi,,,,,,,,,,,
2025-10-04T12:29:53.854881,Cập nhật 9 ngày trước,"2,6 tỷ","Nhà ngõ, hẻm",30 m²,,"86,67 triệu/m²",Sổ chung / công chứng vi bằng,2 phòng,2 phòng,,,,,,,,,,,,,,,,,,
2025-10-04T12:29:58.516245,Cập nhật 9 ngày trước,"7,4 tỷ",,87 m²,,"85,06 triệu/m²",Đã có sổ,,,,6 m,,,,,Mặt tiền Thổ cư toàn bộ,Đất thổ cư,,,,,,,,,,
2025-10-04T12:29:59.986142,Cập nhật 9 ngày trước,"14,5 tỷ",Nhà phố liền kề,42 m²,,"345,24 triệu/m²",Đã có sổ,4 phòng,,,,,6.0,,,Hẻm xe hơi,,,,,,,,,,,
2025-10-04T12:30:01.215754,Cập nhật 9 ngày trước,21 tỷ,"Nhà ngõ, hẻm",60 m²,60 m²,350 triệu/m²,Đã có sổ,4 phòng,5 phòng,Nội thất đầy đủ,4.4 m,14 m,4.0,,,Hẻm xe hơi,,,,,,,,,,,
2025-10-04T12:30:03.619287,Cập nhật 9 ngày trước,"6,2 tỷ","Nhà ngõ, hẻm",43 m²,,"144,19 triệu/m²",Đã có sổ,4 phòng,,,,,4.0,,,,,,,,,,,,,,
2025-10-04T12:30:03.701508,Cập nhật 9 ngày trước,"9,5 tỷ","Nhà ngõ, hẻm",42 m²,180 m²,"226,19 triệu/m²",Đã có sổ,4 phòng,3 phòng,Hoàn thiện cơ bản,4 m,10.5 m,5.0,,,Hẻm xe hơi,,,Đông Nam,,,,,,,,
2025-10-04T12:30:09.751612,Cập nhật 9 ngày trước,"4,68 tỷ",,55 m²,,"85,09 triệu/m²",Sổ hồng riêng,2 phòng,1 phòng,Nội thất cao cấp,,,,Đã bàn giao,"Tập thể, cư xá",,,,,,,,,,Căn góc,,
2025-10-04T12:30:11.245130,Cập nhật 9 ngày trước,"5,999 tỷ","Nhà ngõ, hẻm",33 m²,,"181,79 triệu/m²",Đã có sổ,3 phòng,3 phòng,,,,,,,,,,Tây,,,,,,,,
2025-10-04T12:30:13.383868,Cập nhật 9 ngày trước,"6,25 tỷ","Nhà ngõ, hẻm",38 m²,38 m²,"164,47 triệu/m²",Đã có sổ,3 phòng,3 phòng,Nội thất đầy đủ,4.1 m,,3.0,,,Nhà nở hậu,,,,,,,,,,,
2025-10-04T12:30:13.498355,Cập nhật 9 ngày trước,14 tỷ,"Nhà mặt phố, mặt tiền",38 m²,45 m²,"368,42 triệu/m²",Đã có sổ,5 phòng,,Hoàn thiện cơ bản,4 m,,5.0,,,,,,,,,,,,,,
2025-10-04T12:30:19.346478,Cập nhật 9 ngày trước,"6,8 tỷ","Nhà ngõ, hẻm",36 m²,,"188,89 triệu/m²",Đã có sổ,4 phòng,4 phòng,Nội thất đầy đủ,,,4.0,,,Nhà nở hậu,,,,,,,,,,,
2025-10-04T12:30:20.679369,Cập nhật 9 ngày trước,"46,38 tỷ","Nhà ngõ, hẻm",90 m²,96 m²,"515,33 triệu/m²",Đã có sổ,4 phòng,Nhiều hơn 6 phòng,Nội thất đầy đủ,6 m,,9.0,,,Hẻm xe hơi,,,,,,,,,,,
2025-10-04T12:30:23.114059,Cập nhật 9 ngày trước,"1,75 tỷ",,38 m²,,"46,05 triệu/m²",Sổ hồng riêng,1 phòng,1 phòng,Nội thất đầy đủ,,,,Đã bàn giao,"Căn hộ dịch vụ, mini",,,,,,8.0,,,,,,
2025-10-04T12:30:23.511969,Cập nhật 9 ngày trước,"8,7 tỷ","Nhà ngõ, hẻm",45 m²,,"193,33 triệu/m²",Đã có sổ,5 phòng,5 phòng,Nội thất đầy đủ,3.3 m,,5.0,,,Hẻm xe hơi,,,,,,,,,,,
2025-10-04T12:30:28.408378,Cập nhật 9 ngày trước,"7,2 tỷ","Nhà ngõ, hẻm",38 m²,,"189,47 triệu/m²",Đã có sổ,4 phòng,,,,,,,,,,,,,,,,,,,
2025-10-04T12:30:28.448810,Cập nhật 9 ngày trước,"2,1 tỷ","Nhà ngõ, hẻm",17 m²,70 m²,"123,53 triệu/m²",Đang chờ sổ,3 phòng,3 phòng,Nội thất đầy đủ,,,4.0,,,,,,,,,,,,,,
2025-10-04T12:30:33.616885,Cập nhật 9 ngày trước,"2,15 tỷ","Nhà ngõ, hẻm",16 m²,16 m²,"134,38 triệu/m²",Đang chờ sổ,2 phòng,,Nội thất đầy đủ,4 m,,4.0,,,,,,,,,,,,,,
2025-10-04T12:30:38.563950,Cập nhật 9 ngày trước,"8,5 tỷ","Nhà ngõ, hẻm",30 m²,30 m²,"283,33 triệu/m²",Đã có sổ,3 phòng,4 phòng,Nội thất đầy đủ,4 m,8 m,4.0,,,,,,,,,,,,,,
2025-10-04T12:30:39.828708,Cập nhật 9 ngày trước,"7,5 tỷ","Nhà ngõ, hẻm",43 m²,,"174,42 triệu/m²",Đã có sổ,5 phòng,,,,,,,,,,,,,,,,,,,
2025-10-04T12:30:41.221631,Cập nhật 9 ngày trước,"7,9 tỷ","Nhà ngõ, hẻm",43 m²,,"183,72 triệu/m²",Đã có sổ,4 phòng,,,,,,,,,,,,,,,,,,,
2025-10-04T12:30:42.920454,Cập nhật 9 ngày trước,"6,6 tỷ","Nhà ngõ, hẻm",38 m²,38 m²,"173,68 triệu/m²",Đã có sổ,3 phòng,4 phòng,Nội thất đầy đủ,4 m,10 m,5.0,,,Hẻm xe hơi,,,,,,,,,,,
2025-10-04T12:30:46.637649,Cập nhật 9 ngày trước,105 tỷ,,3500 m²,,30 triệu/m²,Đã có sổ,,,,,,,,,,,,,Mặt bằng kinh doanh,,,,,,,
2025-10-04T12:30:48.565976,Cập nhật 9 ngày trước,"15,5 tỷ","Nhà ngõ, hẻm",52 m²,52 m²,"298,08 triệu/m²",Đã có sổ,4 phòng,,Nội thất cao cấp,,,,,,Nhà nở hậu,,,,,,,,,,,
2025-10-04T12:30:50.532806,Cập nhật 9 ngày trước,"3,4 tỷ",,79 m²,,"43,04 triệu/m²",Đã có sổ,,,,,,,,,,Đất thổ cư,m²,,,,,,,,,
2025-10-04T12:30:52.777889,Cập nhật 9 ngày trước,"8,6 tỷ","Nhà ngõ, hẻm",35 m²,35 m²,"245,71 triệu/m²",Đã có sổ,3 phòng,4 phòng,Nội thất đầy đủ,4 m,9 m,5.0,,,,,,,,,,,,,,
2025-10-04T12:30:55.714884,Cập nhật 9 ngày trước,"1,65 tỷ",,100 m²,,"16,50 triệu/m²",Đã có sổ,,,,5 m,20 m,,,,Mặt tiền,Đất thổ cư,m²,Đông,,,,,,,,
2025-10-04T12:30:57.309548,Cập nhật 9 ngày trước,"5,7 tỷ","Nhà ngõ, hẻm",33.5 m²,,"170,15 triệu/m²",Đã có sổ,5 phòng,3 phòng,Nội thất đầy đủ,,,4.0,,,,,,,,,,,,,,
2025-10-04T12:31:02.209455,Cập nhật 9 ngày trước,"10,41 tỷ","Nhà ngõ, hẻm",40 m²,,"260,25 triệu/m²",Đã có sổ,6 phòng,5 phòng,Nội thất đầy đủ,4.2 m,,6.0,,,Nhà nở hậu,,,,,,,,,,,
2025-10-04T12:31:02.814513,Cập nhật 9 ngày trước,"6,2 tỷ","Nhà ngõ, hẻm",30 m²,,"206,67 triệu/m²",Đã có sổ,3 phòng,4 phòng,,,,5.0,,,,,,,,,,,,,,
2025-10-04T12:31:05.103015,Cập nhật 9 ngày trước,"17,5 tỷ","Nhà mặt phố, mặt tiền",54 m²,54 m²,"324,07 triệu/m²",Đã có sổ,2 phòng,3 phòng,Nội thất đầy đủ,3.6 m,,4.0,,,Nhà nở hậu,,,,,,,,,,,
2025-10-04T12:31:08.640812,Cập nhật 9 ngày trước,"10,6 tỷ","Nhà ngõ, hẻm",46 m²,,"230,43 triệu/m²",Đã có sổ,4 phòng,,,,,,,,,,,,,,,,,,,
2025-10-04T12:31:12.974029,Cập nhật 9 ngày trước,"7,8 tỷ","Nhà ngõ, hẻm",36 m²,,"216,67 triệu/m²",Đã có sổ,4 phòng,,Nội thất cao cấp,,,4.0,,,Hiện trạng khác,,,,,,,,,,,
2025-10-04T12:31:13.000707,Cập nhật 5 ngày trước,"13,2 tỷ",Nhà phố liền kề,60 m²,60 m²,220 triệu/m²,Đã có sổ,5 phòng,5 phòng,Nội thất đầy đủ,3.8 m,,6.0,,,Hẻm xe hơi Nhà nở hậu,,,,,,,,,,,
2025-10-04T12:31:13.693919,Cập nhật 9 ngày trước,46 tỷ,"Nhà mặt phố, mặt tiền",130 m²,130 m²,"353,85 triệu/m²",Đã có sổ,6 phòng,5 phòng,Nội thất đầy đủ,4 m,32 m,6.0,,,Hẻm xe hơi,,,Đông Nam,,,,,,,,
2025-10-04T12:31:14.195033,Cập nhật 9 ngày trước,"32,9 tỷ",,132 m²,,"249,24 triệu/m²",Đã có sổ,,,,,,,,,,Đất thổ cư,,,,,,,,,,
2025-10-04T12:31:18.056969,Cập nhật 9 ngày trước,"23,9 tỷ","Nhà mặt phố, mặt tiền",82 m²,,"291,46 triệu/m²",Đã có sổ,5 phòng,3 phòng,Nội thất đầy đủ,4.1 m,,5.0,,,Hẻm xe hơi,,,,,,,,,,,
2025-10-04T12:31:21.407540,Cập nhật 16 giờ trước,"6,8 tỷ","Nhà ngõ, hẻm",32 m²,,"212,50 triệu/m²",Đã có sổ,5 phòng,,,,,,,,,,,,,,,,,,,
2025-10-04T12:31:23.967854,Cập nhật 9 ngày trước,"5,8 triệu",,86 m²,,67.441 đ/m²,Sổ hồng riêng,3 phòng,,Nội thất đầy đủ,,,,Đã bàn giao,"Tập thể, cư xá",,,,,,,,,,Căn góc,,
2025-10-04T12:31:26.404079,Cập nhật 9 ngày trước,"16,5 tỷ","Nhà mặt phố, mặt tiền",75 m²,,220 triệu/m²,Đang chờ sổ,3 phòng,3 phòng,Nội thất đầy đủ,5 m,,3.0,,,,,,,,,,,,,,
2025-10-04T12:31:28.310775,Cập nhật 1 ngày trước,"8,6 tỷ","Nhà ngõ, hẻm",41 m²,41 m²,"209,76 triệu/m²",Đã có sổ,7 phòng,4 phòng,,3 m,15 m,5.0,,,Nhà nở hậu,,,Đông Nam,,,,,,,,
2025-10-04T12:31:30.450346,Cập nhật 9 ngày trước,"26,5 tỷ","Nhà ngõ, hẻm",60 m²,,"441,67 triệu/m²",Đã có sổ,5 phòng,4 phòng,,,,5.0,,,Hẻm xe hơi,,,,,,,,,,,
2025-10-04T12:31:30.870479,Cập nhật 9 ngày trước,"5,15 tỷ",,55 m²,,"93,64 triệu/m²",Đã có sổ,,,,7.2 m,,,,,Mặt tiền,Đất thổ cư,m²,,,,,,,,,
2025-10-04T12:31:34.326795,Cập nhật 9 ngày trước,"6,85 tỷ","Nhà ngõ, hẻm",30 m²,30 m²,"228,33 triệu/m²",Đã có sổ,3 phòng,4 phòng,,4 m,7.6 m,5.0,,,Nhà nở hậu,,,Đông Nam,,,,,,,,
2025-10-04T12:31:35.773513,Cập nhật 9 ngày trước,10 tỷ,"Nhà ngõ, hẻm",54 m²,54 m²,"185,19 triệu/m²",Đã có sổ,6 phòng,4 phòng,Nội thất cao cấp,6 m,9 m,5.0,,,,,,,,,,,,,,
2025-10-04T12:31:39.702005,Cập nhật 9 ngày trước,"7,5 tỷ","Nhà mặt phố, mặt tiền",38 m²,38 m²,"197,37 triệu/m²",Đã có sổ,3 phòng,,Hoàn thiện cơ bản,4 m,,6.0,,,,,,,,,,,,,,
2025-10-04T12:31:40.128465,Cập nhật 9 ngày trước,"7,5 tỷ","Nhà ngõ, hẻm",46 m²,,"163,04 triệu/m²",Đã có sổ,4 phòng,4 phòng,,,,5.0,,,,,,,,,,,,,,
2025-10-04T12:31:40.183260,Cập nhật 9 ngày trước,"6,1 tỷ","Nhà ngõ, hẻm",30 m²,30 m²,"203,33 triệu/m²",Đã có sổ,3 phòng,4 phòng,Hoàn thiện cơ bản,3.5 m,,5.0,,,Nhà nở hậu,,,Tây Nam,,,,,,,,
2025-10-04T12:31:43.950086,Cập nhật 9 ngày trước,"5,439 tỷ",,85 m²,,"63,99 triệu/m²",Đã có sổ,,,,4.5 m,16 m,,,,Mặt tiền Hẻm xe hơi Thổ cư toàn bộ,Đất thổ cư,,Nam,,,,,,,,
2025-10-04T12:31:45.161541,Cập nhật 9 ngày trước,"10,9 tỷ","Nhà ngõ, hẻm",50 m²,50 m²,218 triệu/m²,Đã có sổ,5 phòng,4 phòng,,4 m,12.5 m,,,,,,,,,,,,,,,
2025-10-04T12:31:49.723442,Cập nhật 9 ngày trước,"4,45 tỷ",,34 m²,,"130,88 triệu/m²",Sổ hồng riêng,2 phòng,2 phòng,Nội thất cao cấp,,,,Đã bàn giao,"Tập thể, cư xá",,,,,,,,,,,,
2025-10-04T12:31:50.492009,Cập nhật 9 ngày trước,"7,2 tỷ","Nhà ngõ, hẻm",35 m²,,"205,71 triệu/m²",Đã có sổ,5 phòng,,,,,,,,,,,,,,,,,,,
2025-10-04T12:31:53.914131,Cập nhật 9 ngày trước,"45,8 tỷ",Nhà biệt thự,135 m²,135 m²,"339,26 triệu/m²",Đã có sổ,3 phòng,3 phòng,Nội thất cao cấp,7 m,19 m,3.0,,,Hẻm xe hơi,,,Đông Nam,,,,,,,,
2025-10-04T12:32:00.569252,Cập nhật 9 ngày trước,"9,29 tỷ","Nhà ngõ, hẻm",38 m²,38 m²,"244,47 triệu/m²",Đã có sổ,5 phòng,6 phòng,Nội thất cao cấp,,,7.0,,,,,,,,,,,,,,
2025-10-04T12:32:05.051715,Cập nhật 9 ngày trước,"14,4 tỷ","Nhà mặt phố, mặt tiền",46 m²,46 m²,"313,04 triệu/m²",Đã có sổ,4 phòng,5 phòng,Hoàn thiện cơ bản,,,5.0,,,Nhà nở hậu Hẻm xe hơi,,,,,,,,,,,
2025-10-04T12:32:10.528768,Cập nhật 9 ngày trước,"10,5 tỷ","Nhà mặt phố, mặt tiền",21 m²,,500 triệu/m²,Đã có sổ,3 phòng,4 phòng,Nội thất đầy đủ,4.5 m,,6.0,,,Hẻm xe hơi Nhà nở hậu,,,,,,,,,,,
2025-10-04T12:32:10.934664,Cập nhật 9 ngày trước,920 triệu,,40 m²,,23 triệu/m²,Sổ hồng riêng,2 phòng,1 phòng,Nội thất cao cấp,,,,Đã bàn giao,"Căn hộ dịch vụ, mini",,,,,,,,,,,,
2025-10-04T12:32:12.601528,Cập nhật 9 ngày trước,7 tỷ,"Nhà ngõ, hẻm",36 m²,,"194,44 triệu/m²",Đã có sổ,3 phòng,,,,,5.0,,,,,,,,,,,,,,
2025-10-04T12:32:14.867686,Cập nhật 9 ngày trước,"21,5 tỷ","Nhà mặt phố, mặt tiền",56 m²,,"383,93 triệu/m²",Đã có sổ,4 phòng,6 phòng,Nội thất cao cấp,4 m,,8.0,,,Hẻm xe hơi,,,,,,,,,,,
2025-10-04T12:32:20.223679,Cập nhật 9 ngày trước,"7,2 tỷ","Nhà ngõ, hẻm",60 m²,60 m²,120 triệu/m²,Đã có sổ,nhiều hơn 10 phòng,Nhiều hơn 6 phòng,,42 m,15 m,,,,,,,,,,,,,,,
2025-10-04T12:32:21.738891,Cập nhật 9 ngày trước,"7,2 tỷ","Nhà ngõ, hẻm",31 m²,31 m²,"232,26 triệu/m²",Đã có sổ,3 phòng,4 phòng,Nội thất đầy đủ,5 m,6.2 m,5.0,,,Hẻm xe hơi,,,,,,,,,,,
2025-10-04T12:32:22.266802,Cập nhật 9 ngày trước,"4,95 tỷ","Nhà ngõ, hẻm",32.7 m²,,"151,38 triệu/m²",Đã có sổ,5 phòng,,Nội thất đầy đủ,3 m,12 m,5.0,,,,,,,,,,,,,,
2025-10-04T12:32:21.963851,Cập nhật 9 ngày trước,"7,2 tỷ","Nhà ngõ, hẻm",31 m²,,"232,26 triệu/m²",Đã có sổ,3 phòng,4 phòng,Nội thất đầy đủ,,,5.0,,,Hẻm xe hơi,,,Tây Nam,,,,,,,,
2025-10-04T12:32:24.430352,Cập nhật 9 ngày trước,750 triệu,,48 m²,,"15,62 triệu/m²",Sổ hồng riêng,2 phòng,1 phòng,Nội thất đầy đủ,,,,Đã bàn giao,"Căn hộ dịch vụ, mini",,,,Đông,,,,Đông Nam,,,,
2025-10-04T12:32:32.901952,Cập nhật 9 ngày trước,"5,9 tỷ","Nhà ngõ, hẻm",28 m²,,"210,71 triệu/m²",Đã có sổ,3 phòng,4 phòng,Hoàn thiện cơ bản,,,5.0,,,Nhà nở hậu,,,,,,,,,,,
2025-10-04T12:32:33.104377,Cập nhật 9 ngày trước,"7,2 tỷ","Nhà ngõ, hẻm",30 m²,,240 triệu/m²,Đã có sổ,3 phòng,4 phòng,Nội thất đầy đủ,,,6.0,,,Nhà nở hậu,,,,,,,,,,,
2025-10-04T12:32:34.127714,Cập nhật 9 ngày trước,"4,9 tỷ","Nhà ngõ, hẻm",31 m²,,"158,06 triệu/m²",Đã có sổ,4 phòng,4 phòng,,,,4.0,,,,,,,,,,,,,,
2025-10-04T12:32:34.824580,Cập nhật 9 ngày trước,"7,75 tỷ","Nhà ngõ, hẻm",36 m²,36 m²,"215,28 triệu/m²",Đã có sổ,3 phòng,4 phòng,Nội thất đầy đủ,3.3 m,11 m,5.0,,,Hẻm xe hơi,,,,,,,,,,,
2025-10-04T12:32:33.663840,Cập nhật 9 ngày trước,"9,5 tỷ","Nhà mặt phố, mặt tiền",50 m²,50 m²,190 triệu/m²,Đã có sổ,4 phòng,,Nội thất cao cấp,4.5 m,,5.0,,,Nhà nở hậu,,,,,,,,,,,
2025-10-04T12:32:45.856682,Cập nhật 9 ngày trước,"5,25 tỷ",,120 m²,,"43,75 triệu/m²",Sổ hồng riêng,4 phòng,2 phòng,,,,,Chưa bàn giao,"Tập thể, cư xá",,,,,,,,,,,,
2025-10-04T12:32:45.954088,Cập nhật 9 ngày trước,"5,5 tỷ","Nhà ngõ, hẻm",55 m²,55 m²,100 triệu/m²,Đã có sổ,8 phòng,,Nội thất đầy đủ,4 m,,4.0,,,Nhà nở hậu,,,,,,,,,,,
2025-10-04T12:32:46.048039,Cập nhật 9 ngày trước,"38,6 tỷ","Nhà mặt phố, mặt tiền",203 m²,203 m²,"190,15 triệu/m²",Đã có sổ,8 phòng,Nhiều hơn 6 phòng,,,,4.0,,,,,,,,,,,,,,
2025-10-04T12:32:46.307910,Cập nhật 9 ngày trước,"3,25 tỷ",,36 m²,,"90,28 triệu/m²",Đã có sổ,,,,,,,,,,Đất thổ cư,,,,,,,,,,
2025-10-04T12:32:55.491039,Cập nhật 9 ngày trước,"4,75 tỷ","Nhà ngõ, hẻm",43 m²,43 m²,"110,47 triệu/m²",Đã có sổ,4 phòng,,Hoàn thiện cơ bản,4 m,,4.0,,,Nhà nở hậu,,,,,,,,,,,
2025-10-04T12:32:56.431445,Cập nhật 9 ngày trước,"13,8 tỷ","Nhà mặt phố, mặt tiền",37 m²,40 m²,"372,97 triệu/m²",Đã có sổ,3 phòng,3 phòng,Bàn giao thô,4.7 m,7.8 m,4.0,,,,,,,,,,,,,,
2025-10-04T12:32:57.120485,Cập nhật 9 ngày trước,12 tỷ,"Nhà ngõ, hẻm",44 m²,220 m²,"272,73 triệu/m²",Đã có sổ,6 phòng,,Nội thất đầy đủ,3.6 m,12 m,5.0,,,Nhà nở hậu,,,,,,,,,,,
2025-10-04T12:33:08.225406,Cập nhật 5 ngày trước,"20,2 tỷ",Nhà phố liền kề,50 m²,,404 triệu/m²,Đã có sổ,5 phòng,,Nội thất đầy đủ,,,,,,,,,,,,,,,,,
2025-10-04T12:33:08.333430,Cập nhật 9 ngày trước,"10,755 tỷ","Nhà ngõ, hẻm",48 m²,50 m²,"224,06 triệu/m²",Đã có sổ,4 phòng,5 phòng,Hoàn thiện cơ bản,,,5.0,,,Nhà nở hậu,,,,,,,,,,,
2025-10-04T12:33:08.930202,Cập nhật 9 ngày trước,"6,38 tỷ",,100 m²,,"63,80 triệu/m²",Sổ hồng riêng,2 phòng,2 phòng,,,,,Chưa bàn giao,Chung cư,,,,,,,,,,,,
2025-10-04T12:33:13.327242,Cập nhật 9 ngày trước,"7,09 tỷ","Nhà ngõ, hẻm",43 m²,,"164,88 triệu/m²",Đã có sổ,3 phòng,,Nội thất đầy đủ,4.6 m,,5.0,,,Hẻm xe hơi,,,,,,,,,,,
2025-10-04T12:33:17.560479,Cập nhật 9 ngày trước,"8,35 tỷ","Nhà ngõ, hẻm",34 m²,34 m²,"245,59 triệu/m²",Đã có sổ,3 phòng,4 phòng,Nội thất đầy đủ,,,5.0,,,,,,,,,,,,,,
2025-10-04T12:33:18.170956,Cập nhật 9 ngày trước,"5,18 tỷ","Nhà ngõ, hẻm",32 m²,,"161,88 triệu/m²",Đã có sổ,3 phòng,,,,,,,,,,,,,,,,,,,
2025-10-04T12:33:18.749059,Cập nhật 9 ngày trước,"16,5 tỷ","Nhà ngõ, hẻm",205 m²,,"80,49 triệu/m²",Đã có sổ,4 phòng,3 phòng,Nội thất cao cấp,,,3.0,,,Hẻm xe hơi Nhà nở hậu,,,Đông Nam,,,,,,,,
2025-10-04T12:33:19.068014,Cập nhật 9 ngày trước,"4,5 tỷ",,70 m²,,"64,29 triệu/m²",Đã có sổ,,,,,,,,,,Đất thổ cư,m²,,,,,,,,,
2025-10-04T12:33:23.766994,Cập nhật 9 ngày trước,"6,56 tỷ","Nhà ngõ, hẻm",35 m²,35 m²,"187,43 triệu/m²",Đã có sổ,3 phòng,4 phòng,Nội thất đầy đủ,4 m,9 m,4.0,,,,,,,,,,,,,,
2025-10-04T12:33:26.487790,Cập nhật 9 ngày trước,15 tỷ,"Nhà mặt phố, mặt tiền",41 m²,43 m²,"365,85 triệu/m²",Đã có sổ,5 phòng,4 phòng,,,,,,,Hẻm xe hơi Nhà nở hậu,,,,,,,,,,,
2025-10-04T12:33:27.664429,Cập nhật 9 ngày trước,"29,79 tỷ","Nhà ngõ, hẻm",87 m²,96 m²,"342,41 triệu/m²",Đã có sổ,8 phòng,Nhiều hơn 6 phòng,Nội thất cao cấp,8 m,,9.0,,,Hẻm xe hơi,,,,,,,,,,,
2025-10-04T12:33:28.334304,Cập nhật 9 ngày trước,"7,8 tỷ","Nhà ngõ, hẻm",36 m²,36 m²,"216,67 triệu/m²",Đã có sổ,4 phòng,5 phòng,Nội thất cao cấp,,,5.0,,,Nhà nở hậu Hẻm xe hơi,,,,,,,,,,,
2025-10-04T12:33:28.804047,Cập nhật 9 ngày trước,5 tỷ,,92.1 m²,,"54,29 triệu/m²",Đã có sổ,,,,6.1 m,,,,,Thổ cư toàn bộ,Đất thổ cư,m²,Tây Nam,,,,,,,,
2025-10-04T12:33:33.704927,Cập nhật 9 ngày trước,"3,95 tỷ",,60 m²,,"65,83 triệu/m²",Đã có sổ,,,,,,,,,,Đất thổ cư,m²,,,,,,,,,
2025-10-04T12:33:35.578577,Cập nhật 9 ngày trước,"4,8 tỷ",,130 m²,,"36,92 triệu/m²",Sổ hồng riêng,3 phòng,2 phòng,Nội thất cao cấp,,,,Đã bàn giao,"Tập thể, cư xá",,,,,,3.0,,,,Căn góc,,
2025-10-04T12:33:39.743669,Cập nhật 9 ngày trước,"3,45 tỷ",,48 m²,,"71,88 triệu/m²",Sổ hồng riêng,1 phòng,1 phòng,Nội thất đầy đủ,,,,Đã bàn giao,Chung cư,,,,,,24.0,S1.05,Đông Bắc,2408,0,,
2025-10-04T12:33:39.977117,Cập nhật 9 ngày trước,"8,9 tỷ","Nhà ngõ, hẻm",47.5 m²,,"187,37 triệu/m²",Đã có sổ,5 phòng,,,,,6.0,,,,,,,,,,,,,,
2025-10-04T12:33:42.937539,Cập nhật 9 ngày trước,"6,5 tỷ","Nhà mặt phố, mặt tiền",25 m²,,260 triệu/m²,Đã có sổ,3 phòng,,,,,,,,,,,,,,,,,,,
2025-10-04T12:33:44.870774,Cập nhật 9 ngày trước,"7,8 tỷ","Nhà ngõ, hẻm",35 m²,,"222,86 triệu/m²",Đã có sổ,5 phòng,,Nội thất đầy đủ,,,6.0,,,,,,,,,,,,,,
2025-10-04T12:33:46.428306,Cập nhật 9 ngày trước,"7,1 tỷ","Nhà ngõ, hẻm",38 m²,,"186,84 triệu/m²",Đã có sổ,3 phòng,,,,,,,,,,,,,,,,,,,
2025-10-04T12:33:51.770761,Cập nhật 9 ngày trước,"5,35 tỷ","Nhà ngõ, hẻm",30.5 m²,30.5 m²,"175,41 triệu/m²",Đã có sổ,3 phòng,3 phòng,Hoàn thiện cơ bản,3.6 m,10 m,5.0,,,Nhà nở hậu,,,,,,,,,,,
2025-10-04T12:33:53.933311,Cập nhật 9 ngày trước,"6,1 tỷ","Nhà ngõ, hẻm",38 m²,,"160,53 triệu/m²",Đã có sổ,3 phòng,,,,,4.0,,,,,,,,,,,,,,
2025-10-04T12:33:55.960609,Cập nhật 9 ngày trước,17 tỷ,"Nhà mặt phố, mặt tiền",50 m²,50 m²,340 triệu/m²,Đã có sổ,3 phòng,4 phòng,Nội thất đầy đủ,3.8 m,,4.0,,,Nhà nở hậu,,,,,,,,,,,
2025-10-04T12:34:01.571536,Cập nhật 9 ngày trước,58 tỷ,"Nhà mặt phố, mặt tiền",90 m²,,"644,44 triệu/m²",Đã có sổ,4 phòng,,Nội thất đầy đủ,5.5 m,,,,,Hẻm xe hơi,,,,,,,,,,,
2025-10-04T12:34:02.124246,Cập nhật 9 ngày trước,"7,8 tỷ","Nhà ngõ, hẻm",33 m²,,"236,36 triệu/m²",Đã có sổ,3 phòng,,,,,,,,Hẻm xe hơi,,,,,,,,,,,
2025-10-04T12:34:03.740752,Cập nhật 9 ngày trước,"6,8 tỷ","Nhà ngõ, hẻm",30 m²,,"226,67 triệu/m²",Đã có sổ,3 phòng,,,,,5.0,,,,,,,,,,,,,,
2025-10-04T12:34:07.505474,Cập nhật 9 ngày trước,"6,75 tỷ","Nhà ngõ, hẻm",54 m²,,125 triệu/m²,Đã có sổ,1 phòng,,,,,1.0,,,,,,,,,,,,,,
2025-10-04T12:34:11.451797,Cập nhật 9 ngày trước,5 tỷ,"Nhà ngõ, hẻm",32 m²,33 m²,"156,25 triệu/m²",Đã có sổ,4 phòng,5 phòng,Nội thất đầy đủ,,,5.0,,,Hẻm xe hơi,,,,,,,,,,,
2025-10-04T12:34:13.058129,Cập nhật 9 ngày trước,"13,5 tỷ","Nhà mặt phố, mặt tiền",35 m²,38 m²,"385,71 triệu/m²",Đã có sổ,4 phòng,4 phòng,Nội thất đầy đủ,6 m,7 m,5.0,,,,,,,,,,,,,,
2025-10-04T12:34:15.631746,Cập nhật 9 ngày trước,"13,5 tỷ",,79 m²,,"170,89 triệu/m²",Đã có sổ,,,,7 m,13 m,,,,Thổ cư toàn bộ,Đất thổ cư,m²,,,,,,,,,
2025-10-04T12:34:16.848142,Cập nhật 9 ngày trước,"7,2 tỷ","Nhà ngõ, hẻm",51 m²,,"141,18 triệu/m²",Đã có sổ,3 phòng,,,,,,,,,,,,,,,,,,,
2025-10-04T12:34:25.827321,Cập nhật 9 ngày trước,1 tỷ,,50 m²,,20 triệu/m²,Sổ hồng riêng,2 phòng,1 phòng,,,,,Đã bàn giao,"Căn hộ dịch vụ, mini",,,,,,6.0,5,,,,,
2025-10-04T12:34:28.017631,Cập nhật 9 ngày trước,7 tỷ,"Nhà ngõ, hẻm",35 m²,35 m²,200 triệu/m²,Đã có sổ,4 phòng,4 phòng,Nội thất đầy đủ,3.4 m,,4.0,,,Nhà nở hậu Hẻm xe hơi,,,,,,,,,,,
2025-10-04T12:34:29.817986,Cập nhật 9 ngày trước,3 tỷ,,80 m²,,"37,50 triệu/m²",Đã có sổ,,,,5.2 m,15.5 m,,,,,Đất thổ cư,,,,,,,,,,
2025-10-04T12:34:35.721755,Cập nhật 9 ngày trước,4 tỷ,,55 m²,,"72,73 triệu/m²",Đã có sổ,,,,4 m,14 m,,,,,Đất thổ cư,,,,,,,,,,
2025-10-04T12:34:40.666144,Cập nhật 9 ngày trước,"4,4 tỷ",,65 m²,,"67,69 triệu/m²",Đã có sổ,,,,7 m,9 m,,,,,Đất thổ cư,,,,,,,,,,
2025-10-04T12:34:40.773962,Cập nhật 9 ngày trước,"3,25 tỷ",,70 m²,,"46,43 triệu/m²",Đang chờ sổ,2 phòng,2 phòng,Nội thất đầy đủ,,,,Đã bàn giao,Chung cư,,,,,,,,,,,,
2025-10-04T12:34:44.831545,Cập nhật 9 ngày trước,7 tỷ,"Nhà mặt phố, mặt tiền",30 m²,,"233,33 triệu/m²",Đã có sổ,3 phòng,4 phòng,Nội thất đầy đủ,,,5.0,,,,,,,,,,,,,,
2025-10-04T12:34:49.935592,Cập nhật 9 ngày trước,"62,8 tỷ",Nhà biệt thự,194 m²,194 m²,"323,71 triệu/m²",Đã có sổ,5 phòng,6 phòng,Nội thất cao cấp,,,4.0,,,,,,,,,,,,,,
2025-10-04T12:34:57.123994,Cập nhật 9 ngày trước,"10,5 tỷ","Nhà ngõ, hẻm",46 m²,,"228,26 triệu/m²",Đã có sổ,3 phòng,,,,,,,,Hẻm xe hơi,,,,,,,,,,,
2025-10-04T12:34:58.446585,Cập nhật 9 ngày trước,10 tỷ,,50 m²,,200 triệu/m²,Đã có sổ,,,,,,,,,,Đất thổ cư,,,,,,,,,,
2025-10-04T12:35:05.975711,Cập nhật 9 ngày trước,"6,3 tỷ","Nhà ngõ, hẻm",35 m²,,180 triệu/m²,Đã có sổ,3 phòng,,,,,,,,,,,,,,,,,,,
2025-10-04T12:35:14.318757,Cập nhật 9 ngày trước,"9,5 tỷ","Nhà ngõ, hẻm",52 m²,,"182,69 triệu/m²",Đã có sổ,5 phòng,,,,,,,,,,,,,,,,,,,
2025-10-04T12:35:15.219973,Cập nhật 9 ngày trước,"13,199 tỷ",,60 m²,,"219,98 triệu/m²",Đã có sổ,,,,4 m,15.6 m,,,,"Hẻm xe hơi
Thổ cư toàn bộ",Đất thổ cư,m²,,,,,,,,,
2025-10-04T12:35:15.670808,Cập nhật 9 ngày trước,"6,6 tỷ",,102 m²,,"64,71 triệu/m²",Đã có sổ,,,,5 m,20 m,,,,"Hẻm xe hơi
Thổ cư toàn bộ",Đất thổ cư,,Đông,,,,,,,,
2025-10-04T12:35:17.675742,Cập nhật 9 ngày trước,"9,29 tỷ","Nhà ngõ, hẻm",38 m²,38 m²,"244,47 triệu/m²",Đã có sổ,5 phòng,6 phòng,Nội thất cao cấp,,,7.0,,,,,,,,,,,,,,
2025-10-04T12:35:22.268215,Cập nhật 9 ngày trước,"8,9 tỷ","Nhà ngõ, hẻm",47.5 m²,,"187,37 triệu/m²",Đã có sổ,5 phòng,,,,,6.0,,,,,,,,,,,,,,
2025-10-04T12:35:24.326830,Cập nhật 9 ngày trước,"6,7 tỷ","Nhà ngõ, hẻm",37 m²,3 m²,"181,08 triệu/m²",Đã có sổ,3 phòng,4 phòng,Nội thất đầy đủ,,,,,,Hẻm xe hơi,,,,,,,,,,,
2025-10-04T12:35:26.103738,Cập nhật 9 ngày trước,"5,4 tỷ","Nhà ngõ, hẻm",48 m²,,"112,50 triệu/m²",Đã có sổ,3 phòng,,,,,,,,Nhà nở hậu,,,,,,,,,,,
2025-10-04T12:35:27.523600,Cập nhật 9 ngày trước,10 tỷ,"Nhà ngõ, hẻm",42 m²,,"238,10 triệu/m²",Đã có sổ,4 phòng,,Nội thất cao cấp,,,6.0,,,,,,,,,,,,,,
2025-10-04T12:35:31.423689,Cập nhật 9 ngày trước,1 tỷ,,35 m²,,"28,57 triệu/m²",Đang chờ sổ,2 phòng,2 phòng,Nội thất đầy đủ,,,,Chưa bàn giao,"Căn hộ dịch vụ, mini",,,,,,6.0,5,,,,,
2025-10-04T12:35:33.519722,Cập nhật 9 ngày trước,"3,69 tỷ","Nhà ngõ, hẻm",33 m²,,"111,82 triệu/m²",Không có sổ,4 phòng,3 phòng,,,,3.0,,,,,,,,,,,,,,
2025-10-04T12:35:35.366860,Cập nhật 9 ngày trước,"7,95 tỷ","Nhà ngõ, hẻm",38 m²,38 m²,"209,21 triệu/m²",Đã có sổ,3 phòng,4 phòng,Nội thất đầy đủ,3.5 m,11 m,5.0,,,,,,,,,,,,,,
2025-10-04T12:35:35.426765,Cập nhật 3 ngày trước,"14,8 tỷ","Nhà ngõ, hẻm",70 m²,70 m²,"211,43 triệu/m²",Đã có sổ,3 phòng,4 phòng,Nội thất đầy đủ,4 m,18 m,6.0,,,Hẻm xe hơi Nhà nở hậu,,,Tây Nam,,,,,,,,
2025-10-04T12:35:36.711732,Cập nhật 9 ngày trước,13 tỷ,"Nhà mặt phố, mặt tiền",50 m²,50 m²,260 triệu/m²,Đã có sổ,5 phòng,5 phòng,Nội thất đầy đủ,5 m,10 m,5.0,,,Hẻm xe hơi,,,,,,,,,,,
2025-10-04T12:35:41.350752,Cập nhật 9 ngày trước,"17,6 tỷ",,82 m²,,"214,63 triệu/m²",Đã có sổ,,,,5 m,16.4 m,,,,Hẻm xe hơi,Đất nền dự án,m²,Đông Bắc,,,,,,,,
2025-10-04T12:35:42.136219,Cập nhật 9 ngày trước,"7,2 tỷ","Nhà ngõ, hẻm",45 m²,,160 triệu/m²,Đã có sổ,4 phòng,,,,,5.0,,,,,,,,,,,,,,
2025-10-04T12:35:45.082853,Cập nhật 9 ngày trước,"7,2 tỷ","Nhà ngõ, hẻm",44 m²,,"163,64 triệu/m²",Đã có sổ,4 phòng,,,,,,,,,,,,,,,,,,,
2025-10-04T12:35:44.975805,Cập nhật 9 ngày trước,"4,8 tỷ",,97 m²,,"49,48 triệu/m²",Đã có sổ,,,,5 m,19 m,,,,Mặt tiền Hẻm xe hơi Thổ cư toàn bộ,Đất thổ cư,m²,,,,,,,,,
2025-10-04T12:35:51.359052,Cập nhật 9 ngày trước,"6,59 tỷ","Nhà ngõ, hẻm",35 m²,35 m²,"188,29 triệu/m²",Đã có sổ,4 phòng,4 phòng,,3 m,,5.0,,,,,,Tây,,,,,,,,
2025-10-04T12:35:51.589811,Cập nhật 9 ngày trước,"22,5 tỷ","Nhà ngõ, hẻm",70 m²,,"321,43 triệu/m²",Đã có sổ,4 phòng,,,,,,,,,,,,,,,,,,,
2025-10-04T12:35:55.900202,Cập nhật 9 ngày trước,"9,65 tỷ","Nhà ngõ, hẻm",45 m²,,"214,44 triệu/m²",Đã có sổ,6 phòng,,,,,5.0,,,,,,,,,,,,,,
2025-10-04T12:35:56.649877,Cập nhật 9 ngày trước,16 tỷ,,140 m²,,"114,29 triệu/m²",Đã có sổ,,,,7.3 m,,,,,Hẻm xe hơi Nở hậu Thổ cư toàn bộ,Đất thổ cư,,,,,,,,,,
2025-10-04T12:35:58.154298,Cập nhật 9 ngày trước,"5,999 tỷ","Nhà ngõ, hẻm",33 m²,,"181,79 triệu/m²",Đã có sổ,3 phòng,3 phòng,,,,,,,,,,Tây,,,,,,,,
2025-10-04T12:36:01.506050,Cập nhật 9 ngày trước,17 tỷ,"Nhà ngõ, hẻm",91 m²,91 m²,"186,81 triệu/m²",Đã có sổ,5 phòng,,Nội thất đầy đủ,5 m,20 m,5.0,,,,,,Đông Nam,,,,,,,,
2025-10-04T12:36:02.388656,Cập nhật 9 ngày trước,"5,3 tỷ",,63 m²,,"84,13 triệu/m²",Đã có sổ,,,,,,,,,,Đất thổ cư,m²,,,,,,,,,
2025-10-04T12:36:05.313353,Cập nhật 9 ngày trước,"8,8 tỷ","Nhà ngõ, hẻm",52 m²,52 m²,"169,23 triệu/m²",Đã có sổ,3 phòng,3 phòng,Nội thất đầy đủ,6 m,,3.0,,,Nhà nở hậu,,,,,,,,,,,
2025-10-04T12:36:07.403920,Cập nhật 9 ngày trước,"7,5 tỷ","Nhà ngõ, hẻm",38 m²,,"197,37 triệu/m²",Đã có sổ,3 phòng,,,,,,,,,,,,,,,,,,,
2025-10-04T12:36:05.942921,Cập nhật 9 ngày trước,8 tỷ,"Nhà ngõ, hẻm",38 m²,,"210,53 triệu/m²",Đã có sổ,3 phòng,,Nội thất đầy đủ,,,,,,Hẻm xe hơi Nhà nở hậu,,,,,,,,,,,
2025-10-04T12:36:11.378512,Cập nhật 9 ngày trước,"18,4 tỷ",,145 m²,,"126,90 triệu/m²",Đang chờ sổ,3 phòng,3 phòng,Hoàn thiện cơ bản,,,,Đã bàn giao,Chung cư,,,,Bắc,,12.0,06,Nam,,,,
2025-10-04T12:36:16.193429,Cập nhật 9 ngày trước,6 tỷ,,50 m²,,120 triệu/m²,Đã có sổ,,,,4.8 m,,,,,,Đất thổ cư,,,,,,,,,,
2025-10-04T12:36:16.537747,Cập nhật 9 ngày trước,"8,9 tỷ","Nhà ngõ, hẻm",39 m²,,"228,21 triệu/m²",Đã có sổ,4 phòng,,,,,5.0,,,Nhà nở hậu,,,,,,,,,,,
2025-10-04T12:36:17.833493,Cập nhật 9 ngày trước,"2,6 tỷ",,46 m²,,"56,52 triệu/m²",Đã có sổ,,,,5.8 m,8.5 m,,,,,Đất thổ cư,,,,,,,,,,
2025-10-04T12:36:20.447552,Cập nhật 9 ngày trước,"7,75 tỷ","Nhà ngõ, hẻm",33 m²,,"234,85 triệu/m²",Đã có sổ,3 phòng,4 phòng,Nội thất cao cấp,,,5.0,,,Nhà nở hậu,,,,,,,,,,,
2025-10-04T12:36:21.102617,Cập nhật 9 ngày trước,"7,125 tỷ","Nhà ngõ, hẻm",43 m²,,"165,70 triệu/m²",Đã có sổ,4 phòng,,,,,6.0,,,Nhà nở hậu Hẻm xe hơi,,,,,,,,,,,
2025-10-04T12:36:25.442911,Cập nhật 9 ngày trước,"9,35 tỷ","Nhà ngõ, hẻm",36 m²,36 m²,"259,72 triệu/m²",Đã có sổ,6 phòng,5 phòng,Nội thất đầy đủ,3.3 m,,5.0,,,Hẻm xe hơi,,,,,,,,,,,
2025-10-04T12:36:26.084529,Cập nhật 9 ngày trước,"8,3 tỷ","Nhà ngõ, hẻm",43 m²,,"193,02 triệu/m²",Đã có sổ,4 phòng,3 phòng,,,,,,,,,,,,,,,,,,
2025-10-04T12:36:29.965762,Cập nhật 9 ngày trước,15 tỷ,Nhà phố liền kề,45 m²,,"333,33 triệu/m²",Đã có sổ,4 phòng,,,,,,,,,,,,,,,,,,,
2025-10-04T12:36:30.875170,Cập nhật 9 ngày trước,"6,7 tỷ","Nhà mặt phố, mặt tiền",40 m²,,"167,50 triệu/m²",Đã có sổ,3 phòng,,,,,,,,,,,,,,,,,,,
2025-10-04T12:36:33.828305,Cập nhật 9 ngày trước,"3,05 tỷ",,48 m²,,"63,54 triệu/m²",Đã có sổ,,,,6.4 m,8.5 m,,,,,Đất thổ cư,,,,,,,,,,
2025-10-04T12:36:37.047644,Cập nhật 9 ngày trước,"8,5 tỷ","Nhà ngõ, hẻm",33 m²,,"257,58 triệu/m²",Đã có sổ,3 phòng,3 phòng,Nội thất cao cấp,,,5.0,,,Hẻm xe hơi,,,,,,,,,,,
2025-10-04T12:36:36.423718,Cập nhật 9 ngày trước,"2,2 tỷ",,76 m²,,"28,95 triệu/m²",Đã có sổ,,,,6.61 m,11.5 m,,,,Thổ cư toàn bộ,Đất thổ cư,m²,,,,,,,,,
2025-10-04T12:36:40.481010,Cập nhật 9 ngày trước,"2,8 tỷ","Nhà ngõ, hẻm",55 m²,55 m²,"50,91 triệu/m²",Không có sổ,3 phòng,,Nội thất đầy đủ,5 m,,3.0,,,,,,,,,,,,,,
2025-10-04T12:36:42.154058,Cập nhật 9 ngày trước,"8,1 tỷ","Nhà ngõ, hẻm",42 m²,,"192,86 triệu/m²",Đã có sổ,5 phòng,,,,,,,,,,,,,,,,,,,
2025-10-04T12:36:43.775657,Cập nhật 9 ngày trước,"6,4 tỷ","Nhà ngõ, hẻm",30 m²,,"213,33 triệu/m²",Đã có sổ,3 phòng,,Nội thất đầy đủ,4.9 m,,5.0,,,Nhà nở hậu,,,,,,,,,,,
2025-10-04T12:36:47.707101,Cập nhật 9 ngày trước,"6,1 tỷ","Nhà ngõ, hẻm",46 m²,,"132,61 triệu/m²",Đã có sổ,6 phòng,3 phòng,Nội thất đầy đủ,6 m,,4.0,,,Hiện trạng khác,,,,,,,,,,,
2025-10-04T12:36:47.489798,Cập nhật 9 ngày trước,"5,15 tỷ",,55 m²,,"93,64 triệu/m²",Đã có sổ,,,,7.2 m,,,,,Mặt tiền,Đất thổ cư,m²,,,,,,,,,
2025-10-04T12:36:51.346483,Cập nhật 9 ngày trước,"8,05 tỷ","Nhà ngõ, hẻm",37 m²,,"217,57 triệu/m²",Đã có sổ,3 phòng,,Nội thất cao cấp,,,5.0,,,,,,,,,,,,,,
2025-10-04T12:36:51.511834,Cập nhật 9 ngày trước,"3,1 tỷ","Nhà ngõ, hẻm",36 m²,36 m²,"86,11 triệu/m²",Giấy tờ viết tay,4 phòng,3 phòng,Nội thất đầy đủ,,,3.0,,,,,,,,,,,,,,
2025-10-04T12:36:53.657813,Cập nhật 9 ngày trước,"7,75 tỷ","Nhà ngõ, hẻm",31 m²,155 m²,250 triệu/m²,Đã có sổ,3 phòng,,Nội thất đầy đủ,4.3 m,7.2 m,5.0,,,Nhà nở hậu,,,,,,,,,,,
2025-10-04T12:36:58.324011,Cập nhật 9 ngày trước,"5,35 tỷ","Nhà mặt phố, mặt tiền",33 m²,,"162,12 triệu/m²",Đã có sổ,3 phòng,,,,,,,,,,,,,,,,,,,
2025-10-04T12:36:58.715004,Cập nhật 9 ngày trước,"1,35 tỷ",,44 m²,,"30,68 triệu/m²",Đã có sổ,,,,,,,,,Mặt tiền Hẻm xe hơi,Đất thổ cư,,Đông Nam,,,,,,,,
2025-10-04T12:37:01.024833,Cập nhật 9 ngày trước,"9,3 tỷ","Nhà mặt phố, mặt tiền",42 m²,,"221,43 triệu/m²",Đã có sổ,4 phòng,,,,,,,,,,,,,,,,,,,
2025-10-04T12:37:03.065546,Cập nhật 9 ngày trước,"8,75 tỷ","Nhà ngõ, hẻm",50 m²,,175 triệu/m²,Đã có sổ,4 phòng,4 phòng,Nội thất đầy đủ,,,5.0,,,,,,,,,,,,,,
2025-10-04T12:37:08.656551,Cập nhật 9 ngày trước,"3,85 tỷ",,45 m²,,"85,56 triệu/m²",Đã có sổ,,,,4.1 m,11 m,,,,Mặt tiền Thổ cư toàn bộ,Đất thổ cư,m²,Đông Bắc,,,,,,,,
2025-10-04T12:37:11.447520,Cập nhật 9 ngày trước,"4,68 tỷ",,68 m²,,"68,82 triệu/m²",Sổ hồng riêng,2 phòng,2 phòng,Nội thất cao cấp,,,,Chưa bàn giao,"Tập thể, cư xá",,,,,,,,,,,,
2025-10-04T12:37:11.700108,Cập nhật 9 ngày trước,"5,3 tỷ",,54.5 m²,,"97,25 triệu/m²",Đã có sổ,,,,4.97 m,11 m,,,,,Đất thổ cư,,,,,,,,,,
2025-10-04T12:37:14.341662,Cập nhật 9 ngày trước,"2,6 tỷ",,46 m²,,"56,52 triệu/m²",Đã có sổ,,,,5.8 m,8.5 m,,,,,Đất thổ cư,,,,,,,,,,
2025-10-04T12:37:21.272856,Cập nhật 9 ngày trước,"5,7 tỷ",,90 m²,,"63,33 triệu/m²",Đã có sổ,,,,5 m,18 m,,,,Mặt tiền,Đất thổ cư,m²,Nam,,,,,,,,
2025-10-04T12:37:26.089454,Cập nhật 9 ngày trước,72 tỷ,"Nhà mặt phố, mặt tiền",90 m²,90 m²,800 triệu/m²,Đã có sổ,4 phòng,,,,,,,,,,,,,,,,,,,
2025-10-04T12:37:30.966025,Cập nhật 9 ngày trước,"4,6 tỷ",,78 m²,,"58,97 triệu/m²",Sổ hồng riêng,2 phòng,2 phòng,,,,,Đã bàn giao,"Tập thể, cư xá",,,,,,,,,,,,
2025-10-04T12:37:31.870526,Cập nhật 9 ngày trước,800 triệu,,36 m²,,"22,22 triệu/m²",Sổ hồng riêng,2 phòng,1 phòng,Nội thất cao cấp,,,,Đã bàn giao,"Căn hộ dịch vụ, mini",,,,Nam,,,,Đông Nam,,,,
2025-10-04T12:37:34.789489,Cập nhật 9 ngày trước,"16,5 tỷ",,106 m²,,"155,66 triệu/m²",Đã có sổ,,,,,,,,,Nở hậu Thổ cư toàn bộ,Đất thổ cư,m²,,,,,,,,,
2025-10-04T12:37:36.566939,Cập nhật 9 ngày trước,2 tỷ,,80 m²,,25 triệu/m²,Đã có sổ,,,,5 m,16 m,,,,,Đất thổ cư,m²,,,,,,,,,
2025-10-04T12:37:36.562787,Cập nhật 9 ngày trước,"3,856 tỷ",,160 m²,,"24,10 triệu/m²",Đã có sổ,,,,8 m,20 m,,,,,Đất thổ cư,m²,,,,,,,,,
2025-10-04T12:37:52.186452,Cập nhật 9 ngày trước,"4,5 tỷ","Nhà ngõ, hẻm",31 m²,31 m²,"145,16 triệu/m²",Đã có sổ,3 phòng,3 phòng,Nội thất đầy đủ,7 m,5 m,4.0,,,,,,,,,,,,,,
2025-10-04T12:37:53.152654,Cập nhật 9 ngày trước,"5,85 tỷ",,75 m²,,78 triệu/m²,Sổ hồng riêng,1 phòng,1 phòng,Bàn giao thô,,,,Chưa bàn giao,"Tập thể, cư xá",,,,,,,,,,,,
2025-10-04T12:37:53.638515,Cập nhật 9 ngày trước,"10,3 tỷ","Nhà mặt phố, mặt tiền",40 m²,160 m²,"257,50 triệu/m²",Đã có sổ,4 phòng,4 phòng,Nội thất đầy đủ,,,4.0,,,,,,,,,,,,,,
2025-10-04T12:37:56.254689,Cập nhật 9 ngày trước,12 tỷ,"Nhà ngõ, hẻm",36 m²,,"333,33 triệu/m²",Đã có sổ,4 phòng,,,,,6.0,,,,,,,,,,,,,,
2025-10-04T12:37:58.103677,Cập nhật 9 ngày trước,"8,2 tỷ","Nhà ngõ, hẻm",34 m²,,"241,18 triệu/m²",Đã có sổ,5 phòng,4 phòng,,,,5.0,,,Nhà nở hậu,,,Tây Bắc,,,,,,,,
2025-10-04T12:38:01.666369,Cập nhật 9 ngày trước,"5,9 tỷ","Nhà ngõ, hẻm",26 m²,26 m²,"226,92 triệu/m²",Đã có sổ,2 phòng,3 phòng,Hoàn thiện cơ bản,3.5 m,,4.0,,,,,,,,,,,,,,
2025-10-04T12:38:03.769979,Cập nhật 9 ngày trước,"4,5 tỷ","Nhà ngõ, hẻm",37 m²,,"121,62 triệu/m²",Không có sổ,2 phòng,2 phòng,,,,3.0,,,,,,,,,,,,,,
2025-10-04T12:38:04.214263,Cập nhật 9 ngày trước,"10,8 tỷ","Nhà ngõ, hẻm",57 m²,,"189,47 triệu/m²",Đã có sổ,5 phòng,,,,,,,,,,,,,,,,,,,
2025-10-04T12:38:11.663654,Cập nhật 9 ngày trước,"9,9 tỷ",,73 m²,,"135,62 triệu/m²",Đã có sổ,,,,3.2 m,,,,,,Đất thổ cư,,,,,,,,,,
2025-10-04T12:38:14.197008,Cập nhật 9 ngày trước,"11,7 tỷ",,129 m²,,"90,70 triệu/m²",Sổ hồng riêng,3 phòng,,Hoàn thiện cơ bản,,,,Chưa bàn giao,Chung cư,,,,,,20.0,Lavish,Đông,SM2 20-04,,,
2025-10-04T12:38:14.295393,Cập nhật 9 ngày trước,17 tỷ,"Nhà mặt phố, mặt tiền",60 m²,,"283,33 triệu/m²",Đã có sổ,4 phòng,5 phòng,,,,4.0,,,,,,,,,,,,,,
2025-10-04T12:38:14.739559,Cập nhật 9 ngày trước,16 tỷ,,80 m²,,200 triệu/m²,Đã có sổ,,,,,,,,,Mặt tiền Hẻm xe hơi,Đất thổ cư,m²,,,,,,,,,
2025-10-04T12:38:16.704792,Cập nhật 9 ngày trước,"18,9 tỷ","Nhà ngõ, hẻm",69 m²,69 m²,"273,91 triệu/m²",Đã có sổ,4 phòng,,Nội thất cao cấp,,,4.0,,,Hẻm xe hơi,,,,,,,,,,,
2025-10-04T12:38:20.366614,Cập nhật 9 ngày trước,"5,6 tỷ","Nhà ngõ, hẻm",33 m²,35 m²,"169,70 triệu/m²",Đã có sổ,3 phòng,4 phòng,Nội thất đầy đủ,3.5 m,9 m,5.0,,,,,,,,,,,,,,
2025-10-04T12:38:25.079692,Cập nhật 9 ngày trước,"5,72 tỷ",,71 m²,,"80,56 triệu/m²",Đã có sổ,,,,,,,,,,Đất thổ cư,,,,,,,,,,
2025-10-04T12:38:25.535629,Cập nhật 9 ngày trước,"27,9 tỷ","Nhà mặt phố, mặt tiền",93 m²,,300 triệu/m²,Đã có sổ,4 phòng,6 phòng,Nội thất cao cấp,5 m,,7.0,,,Hẻm xe hơi,,,,,,,,,,,
2025-10-04T12:38:26.241731,Cập nhật 9 ngày trước,"16,2 tỷ","Nhà mặt phố, mặt tiền",75 m²,80 m²,216 triệu/m²,Đã có sổ,5 phòng,5 phòng,Nội thất đầy đủ,4 m,,5.0,,,Hẻm xe hơi Nhà nở hậu,,,,,,,,,,,
2025-10-04T12:38:29.834026,Cập nhật 9 ngày trước,"9,7 tỷ","Nhà ngõ, hẻm",77 m²,210 m²,"125,97 triệu/m²",Đã có sổ,4 phòng,4 phòng,Nội thất đầy đủ,4 m,,2.0,,,Hẻm xe hơi,,,,,,,,,,,
2025-10-04T12:38:34.142914,Cập nhật 9 ngày trước,"15,2 tỷ",,105.6 m²,,"143,94 triệu/m²",Đã có sổ,,,,,,,,,,,,,Shophouse,,,,,,,
2025-10-04T12:38:34.936609,Cập nhật 9 ngày trước,"6,3 tỷ",,150 m²,,42 triệu/m²,Sổ hồng riêng,4 phòng,2 phòng,Nội thất cao cấp,,,,Đã bàn giao,"Tập thể, cư xá",,,,,,2.0,,,,Căn góc,,
2025-10-04T12:38:36.420525,Cập nhật 9 ngày trước,"7,1 tỷ","Nhà ngõ, hẻm",41 m²,,"173,17 triệu/m²",Đã có sổ,4 phòng,,,,,,,,,,,,,,,,,,,
2025-10-04T12:38:41.187031,Cập nhật 9 ngày trước,"5,2 tỷ","Nhà ngõ, hẻm",30.5 m²,30.5 m²,"170,49 triệu/m²",Đã có sổ,4 phòng,3 phòng,Nội thất đầy đủ,3.6 m,10 m,5.0,,,Nhà nở hậu,,,,,,,,,,,
2025-10-04T12:38:45.540786,Cập nhật 9 ngày trước,"16,5 tỷ",,160 m²,,"103,12 triệu/m²",Đã có sổ,,,Nội thất đầy đủ,,,,,,,,,,Mặt bằng kinh doanh,1.0,,,,,,
2025-10-04T12:38:45.858918,Cập nhật 9 ngày trước,"1,25 tỷ",,60 m²,,"20,83 triệu/m²",Sổ chung / công chứng vi bằng,,,,,,,,,,Đất nông nghiệp,,,,,,,,,,
2025-10-04T12:38:50.422742,Cập nhật 9 ngày trước,"4,7 tỷ","Nhà mặt phố, mặt tiền",80 m²,200 m²,"58,75 triệu/m²",Đã có sổ,4 phòng,3 phòng,Nội thất cao cấp,,,4.0,,,,,,Đông Nam,,,,,,,,
2025-10-04T12:38:54.261893,Cập nhật 9 ngày trước,"7,2 tỷ","Nhà ngõ, hẻm",42 m²,,"171,43 triệu/m²",Đã có sổ,4 phòng,,,,,,,,,,,,,,,,,,,
2025-10-04T12:38:55.290054,Cập nhật 9 ngày trước,"10,425 tỷ","Nhà ngõ, hẻm",44 m²,38 m²,"236,93 triệu/m²",Đã có sổ,4 phòng,3 phòng,Hoàn thiện cơ bản,,,3.0,,,,,,,,,,,,,,
2025-10-04T12:38:55.751759,Cập nhật 9 ngày trước,"6,725 tỷ","Nhà ngõ, hẻm",35 m²,,"192,14 triệu/m²",Đã có sổ,4 phòng,,,,,4.0,,,Nhà nở hậu,,,,,,,,,,,
2025-10-04T12:38:55.876332,Cập nhật 9 ngày trước,"13,7 tỷ","Nhà ngõ, hẻm",52 m²,52 m²,"263,46 triệu/m²",Đã có sổ,6 phòng,5 phòng,Nội thất đầy đủ,5 m,10.5 m,5.0,,,Hẻm xe hơi Nhà nở hậu,,,,,,,,,,,
2025-10-04T12:39:03.829537,Cập nhật 9 ngày trước,"13,5 tỷ","Nhà ngõ, hẻm",50 m²,50 m²,270 triệu/m²,Đã có sổ,4 phòng,4 phòng,Nội thất đầy đủ,,,4.0,,,,,,,,,,,,,,
2025-10-04T12:39:04.417731,Cập nhật 9 ngày trước,"12,5 tỷ","Nhà ngõ, hẻm",51 m²,200 m²,"245,10 triệu/m²",Đã có sổ,4 phòng,3 phòng,Nội thất đầy đủ,,,4.0,,,,,,,,,,,,,,
2025-10-04T12:39:07.746405,Cập nhật 9 ngày trước,"18,3 tỷ","Nhà mặt phố, mặt tiền",45 m²,,"406,67 triệu/m²",Đã có sổ,4 phòng,,,,,,,,,,,,,,,,,,,
2025-10-04T12:39:09.530825,Cập nhật 9 ngày trước,72 tỷ,"Nhà mặt phố, mặt tiền",90 m²,90 m²,800 triệu/m²,Đã có sổ,4 phòng,,,,,,,,,,,,,,,,,,,
2025-10-04T12:39:13.106132,Cập nhật 9 ngày trước,"6,7 tỷ","Nhà ngõ, hẻm",33 m²,33 m²,"203,03 triệu/m²",Đã có sổ,3 phòng,4 phòng,Nội thất đầy đủ,,,5.0,,,Nhà nở hậu,,,,,,,,,,,
2025-10-04T12:39:13.332112,Cập nhật 9 ngày trước,"8,2 tỷ","Nhà ngõ, hẻm",31 m²,,"264,52 triệu/m²",Đã có sổ,4 phòng,4 phòng,Nội thất đầy đủ,3.4 m,,6.0,,,,,,,,,,,,,,
2025-10-04T12:39:13.866364,Cập nhật 9 ngày trước,"3,65 tỷ","Nhà ngõ, hẻm",32.5 m²,32.5 m²,"112,31 triệu/m²",Đã có sổ,3 phòng,3 phòng,,,,,,,,,,Bắc,,,,,,,,
2025-10-04T12:39:18.191607,Cập nhật 9 ngày trước,"8,6 tỷ","Nhà ngõ, hẻm",50 m²,50 m²,172 triệu/m²,Đã có sổ,3 phòng,4 phòng,Hoàn thiện cơ bản,5 m,,4.0,,,Hẻm xe hơi Nhà nở hậu,,,,,,,,,,,
2025-10-04T12:39:18.711557,Cập nhật 9 ngày trước,20 tỷ,"Nhà ngõ, hẻm",60 m²,60 m²,"333,33 triệu/m²",Đã có sổ,4 phòng,4 phòng,Bàn giao thô,4.5 m,13.3 m,4.0,,,Hẻm xe hơi,,,,,,,,,,,
2025-10-04T12:39:21.991578,Cập nhật 9 ngày trước,95 tỷ,"Nhà mặt phố, mặt tiền",125 m²,250 m²,760 triệu/m²,Đã có sổ,8 phòng,2 phòng,,3 m,45 m,2.0,,,Nhà nở hậu,,,Đông Bắc,,,,,,,,
2025-10-04T12:39:22.969260,Cập nhật 9 ngày trước,"6,5 tỷ","Nhà mặt phố, mặt tiền",82 m²,,"79,27 triệu/m²",Đã có sổ,6 phòng,3 phòng,,3.5 m,23.42 m,3.0,,,,,,Bắc,,,,,,,,
2025-10-04T12:39:23.079431,Cập nhật 9 ngày trước,31 tỷ,"Nhà mặt phố, mặt tiền",100 m²,,310 triệu/m²,Đã có sổ,3 phòng,,,,,,,,,,,,,,,,,,,
2025-10-04T12:39:27.775012,Cập nhật 9 ngày trước,9 tỷ,"Nhà ngõ, hẻm",38 m²,38 m²,"236,84 triệu/m²",Đã có sổ,8 phòng,Nhiều hơn 6 phòng,,3.5 m,12 m,,,,,,,,,,,,,,,
2025-10-04T12:39:31.725605,Cập nhật 9 ngày trước,"1,15 tỷ",,52 m²,,"22,12 triệu/m²",Đang chờ sổ,2 phòng,2 phòng,,,,,Đã bàn giao,Chung cư,,,,,,6.0,8,,,Căn góc,,
2025-10-04T12:39:34.367644,Cập nhật 9 ngày trước,"6,5 tỷ","Nhà ngõ, hẻm",47 m²,47 m²,"138,30 triệu/m²",Đã có sổ,5 phòng,5 phòng,Bàn giao thô,4.4 m,,1.0,,,Hẻm xe hơi,,,,,,,,,,,
2025-10-04T12:39:37.092557,Cập nhật 9 ngày trước,19 tỷ,"Nhà mặt phố, mặt tiền",68 m²,,"279,41 triệu/m²",Đã có sổ,5 phòng,5 phòng,Nội thất đầy đủ,,,5.0,,,Hẻm xe hơi,,,,,,,,,,,
2025-10-04T12:39:40.431649,Cập nhật 9 ngày trước,"2,05 tỷ",,55 m²,,"37,27 triệu/m²",Hợp đồng mua bán,2 phòng,2 phòng,Nội thất đầy đủ,,,,Đã bàn giao,Chung cư,,,,,,,,,,,,
2025-10-04T12:39:42.613943,Cập nhật 9 ngày trước,"5,95 tỷ","Nhà ngõ, hẻm",32 m²,32 m²,"185,94 triệu/m²",Đã có sổ,3 phòng,4 phòng,Nội thất đầy đủ,7 m,,,,,Nhà nở hậu,,,,,,,,,,,
2025-10-04T12:39:44.269671,Cập nhật 9 ngày trước,"7,7 tỷ",,170 m²,,"45,29 triệu/m²",Sổ hồng riêng,6 phòng,4 phòng,,,,,Chưa bàn giao,Duplex,,,,,,,,,,,,
2025-10-04T12:39:47.277998,Cập nhật 9 ngày trước,"8,35 tỷ",,60 m²,,"139,17 triệu/m²",Đã có sổ,,,,4 m,15 m,,,,Hẻm xe hơi Thổ cư 1 phần,Đất thổ cư,,,,,,,,,,
2025-10-04T12:39:49.258196,Cập nhật 9 ngày trước,"45,8 tỷ",Nhà biệt thự,135 m²,135 m²,"339,26 triệu/m²",Đã có sổ,3 phòng,3 phòng,Nội thất cao cấp,7 m,19 m,3.0,,,Hẻm xe hơi,,,Đông Nam,,,,,,,,
2025-10-04T12:39:51.993166,Cập nhật 9 ngày trước,12 tỷ,"Nhà ngõ, hẻm",45 m²,45 m²,"266,67 triệu/m²",Đã có sổ,4 phòng,3 phòng,Nội thất đầy đủ,,,5.0,,,,,,,,,,,,,,
2025-10-04T12:39:53.378524,Cập nhật 9 ngày trước,"1,5 tỷ",,45 m²,,"33,33 triệu/m²",Hợp đồng mua bán,2 phòng,1 phòng,Nội thất đầy đủ,,,,Đã bàn giao,Chung cư,,,,,,,,,,,,
2025-10-04T12:39:53.833880,Cập nhật 9 ngày trước,5 tỷ,"Nhà ngõ, hẻm",31 m²,,"161,29 triệu/m²",Đã có sổ,3 phòng,,,,,4.0,,,,,,,,,,,,,,
2025-10-04T12:39:58.338640,Cập nhật 9 ngày trước,"7,5 tỷ","Nhà ngõ, hẻm",38 m²,,"197,37 triệu/m²",Đã có sổ,3 phòng,,Nội thất cao cấp,,,5.0,,,,,,,,,,,,,,
2025-10-04T12:40:00.814463,Cập nhật 9 ngày trước,"7,5 tỷ","Nhà ngõ, hẻm",32 m²,,"234,38 triệu/m²",Đã có sổ,4 phòng,3 phòng,Nội thất đầy đủ,3.2 m,10 m,4.0,,,Hẻm xe hơi,,,Đông Nam,,,,,,,,
2025-10-04T12:40:01.755532,Cập nhật 9 ngày trước,"7,8 tỷ","Nhà ngõ, hẻm",51 m²,51 m²,"152,94 triệu/m²",Đã có sổ,2 phòng,1 phòng,,,,,,,,,,,,,,,,,,
2025-10-04T12:40:02.491189,Cập nhật 9 ngày trước,"6,35 tỷ","Nhà ngõ, hẻm",25 m²,,254 triệu/m²,Đã có sổ,4 phòng,5 phòng,,,,6.0,,,,,,,,,,,,,,
2025-10-04T12:40:02.337034,Cập nhật 9 ngày trước,"13,5 tỷ","Nhà ngõ, hẻm",50 m²,50 m²,270 triệu/m²,Đã có sổ,4 phòng,4 phòng,Nội thất đầy đủ,,,4.0,,,,,,,,,,,,,,
2025-10-04T12:40:11.147866,Cập nhật 9 ngày trước,23 tỷ,,80 m²,,"287,50 triệu/m²",Đã có sổ,,,,,,,,,,Đất thổ cư,m²,,,,,,,,,
2025-10-04T12:40:11.284959,Cập nhật 9 ngày trước,"5,755 tỷ","Nhà mặt phố, mặt tiền",32 m²,32 m²,"179,84 triệu/m²",Đã có sổ,3 phòng,3 phòng,Nội thất đầy đủ,,,4.0,,,Nhà nở hậu,,,,,,,,,,,
2025-10-04T12:40:13.059645,Cập nhật 9 ngày trước,"7,5 tỷ","Nhà ngõ, hẻm",40 m²,,"187,50 triệu/m²",Đã có sổ,5 phòng,4 phòng,Hoàn thiện cơ bản,,,4.0,,,,,,,,,,,,,,
2025-10-04T12:40:16.694562,Cập nhật 9 ngày trước,"9,3 tỷ",,60 m²,,155 triệu/m²,Đã có sổ,,,,5 m,,,,,,Đất thổ cư,,,,,,,,,,
2025-10-04T12:40:18.901849,Cập nhật 9 ngày trước,"12,78 tỷ","Nhà ngõ, hẻm",48 m²,50 m²,"266,25 triệu/m²",Đã có sổ,3 phòng,4 phòng,Hoàn thiện cơ bản,,,5.0,,,,,,,,,,,,,,
2025-10-04T12:40:21.340153,Cập nhật 9 ngày trước,26 tỷ,,117 m²,,"222,22 triệu/m²",Đã có sổ,,,,9.5 m,12.3 m,,,,Mặt tiền Nở hậu Thổ cư toàn bộ,Đất thổ cư,m²,,,,,,,,,
2025-10-04T12:40:21.393739,Cập nhật 9 ngày trước,"9,8 tỷ","Nhà ngõ, hẻm",37 m²,193 m²,"264,86 triệu/m²",Đã có sổ,3 phòng,4 phòng,Nội thất đầy đủ,,,5.0,,,Hiện trạng khác,,,Nam,,,,,,,,
2025-10-04T12:40:23.075440,Cập nhật 9 ngày trước,"4,4 tỷ","Nhà ngõ, hẻm",35 m²,35 m²,"125,71 triệu/m²",Đã có sổ,3 phòng,,Hoàn thiện cơ bản,4 m,,5.0,,,Nhà nở hậu,,,,,,,,,,,
2025-10-04T12:40:27.939463,Cập nhật 9 ngày trước,"7,1 tỷ","Nhà ngõ, hẻm",39 m²,,"182,05 triệu/m²",Đã có sổ,3 phòng,,,,,,,,,,,,,,,,,,,
2025-10-04T12:40:31.959368,Cập nhật 9 ngày trước,"7,8 tỷ","Nhà ngõ, hẻm",46 m²,230 m²,"169,57 triệu/m²",Đã có sổ,3 phòng,3 phòng,Hoàn thiện cơ bản,5 m,9.4 m,4.0,,,,,,,,,,,,,,
2025-10-04T12:40:32.355265,Cập nhật 9 ngày trước,"4,58 tỷ",,60 m²,,"76,33 triệu/m²",Sổ hồng riêng,2 phòng,,,,,,Đã bàn giao,"Tập thể, cư xá",,,,,,,,,,,,
2025-10-04T12:40:36.819835,Cập nhật 9 ngày trước,"1,59 tỷ","Nhà ngõ, hẻm",11 m²,,"144,55 triệu/m²",Không có sổ,2 phòng,2 phòng,Nội thất đầy đủ,,,4.0,,,,,,,,,,,,,,
2025-10-04T12:40:37.018668,Cập nhật 9 ngày trước,"7,2 tỷ","Nhà ngõ, hẻm",38 m²,,"189,47 triệu/m²",Đã có sổ,3 phòng,,,,,,,,,,,,,,,,,,,
2025-10-04T12:40:39.288472,Cập nhật 9 ngày trước,"6,75 tỷ",,62 m²,,"108,87 triệu/m²",Đã có sổ,,,,,,,,,Nở hậu,Đất thổ cư,,,,,,,,,,
2025-10-04T12:40:41.452657,Cập nhật 9 ngày trước,3 tỷ,,100 m²,,30 triệu/m²,Đã có sổ,,,,,,,,,Mặt tiền Hẻm xe hơi Nở hậu,Đất thổ cư,m²,,,,,,,,,
2025-10-04T12:40:46.110771,Cập nhật 9 ngày trước,5 tỷ,"Nhà ngõ, hẻm",40 m²,200 m²,125 triệu/m²,Đã có sổ,3 phòng,4 phòng,Hoàn thiện cơ bản,,,5.0,,,,,,Đông Nam,,,,,,,,
2025-10-04T12:40:46.216804,Cập nhật 9 ngày trước,7 tỷ,"Nhà ngõ, hẻm",33 m²,33 m²,"212,12 triệu/m²",Đã có sổ,4 phòng,4 phòng,Nội thất đầy đủ,3.8 m,,5.0,,,Hẻm xe hơi,,,Đông Nam,,,,,,,,
2025-10-04T12:40:48.867330,Cập nhật 9 ngày trước,"6,8 tỷ","Nhà ngõ, hẻm",47 m²,47 m²,"144,68 triệu/m²",Đã có sổ,4 phòng,3 phòng,Nội thất đầy đủ,6 m,7.75 m,4.0,,,Nhà nở hậu,,,Tây Nam,,,,,,,,
2025-10-04T12:40:50.378574,Cập nhật 9 ngày trước,250 tỷ,Nhà biệt thự,320 m²,600 m²,"781,25 triệu/m²",Đã có sổ,5 phòng,5 phòng,Hoàn thiện cơ bản,11 m,30 m,2.0,,,Nhà nở hậu,,,Đông Bắc,,,,,,,,
2025-10-04T12:40:55.265794,Cập nhật 9 ngày trước,"7,4 tỷ","Nhà ngõ, hẻm",32 m²,,"231,25 triệu/m²",Đã có sổ,4 phòng,4 phòng,Nội thất đầy đủ,4 m,8 m,6.0,,,,,,,,,,,,,,
2025-10-04T12:40:55.682000,Cập nhật 9 ngày trước,7 tỷ,,344 m²,,"20,35 triệu/m²",Đã có sổ,,,,9 m,38 m,,,,Mặt tiền,Đất thổ cư,m²,,,,,,,,,
2025-10-04T12:40:59.831593,Cập nhật 9 ngày trước,"10,8 tỷ","Nhà mặt phố, mặt tiền",41 m²,200 m²,"263,41 triệu/m²",Đã có sổ,6 phòng,4 phòng,Nội thất đầy đủ,4 m,,4.0,,,Hẻm xe hơi Nhà nở hậu,,,,,,,,,,,
2025-10-04T12:41:00.149555,Cập nhật 9 ngày trước,"7,86 tỷ","Nhà ngõ, hẻm",32 m²,32 m²,"245,62 triệu/m²",Đã có sổ,4 phòng,,Nội thất đầy đủ,6.8 m,,5.0,,,,,,,,,,,,,,
2025-10-04T12:41:00.927200,Cập nhật 9 ngày trước,"5,1 tỷ","Nhà ngõ, hẻm",22 m²,,"231,82 triệu/m²",Đã có sổ,2 phòng,3 phòng,,,,4.0,,,,,,,,,,,,,,
2025-10-04T12:41:05.120072,Cập nhật 9 ngày trước,"8,95 tỷ","Nhà ngõ, hẻm",44 m²,44 m²,"203,41 triệu/m²",Đã có sổ,3 phòng,4 phòng,Nội thất đầy đủ,,,5.0,,,Nhà nở hậu,,,,,,,,,,,
2025-10-04T12:41:06.451104,Cập nhật 9 ngày trước,7 tỷ,"Nhà ngõ, hẻm",38 m²,,"184,21 triệu/m²",Đã có sổ,3 phòng,3 phòng,,,,,,,,,,,,,,,,,,
2025-10-04T12:41:09.442179,Cập nhật 9 ngày trước,"4,5 tỷ","Nhà ngõ, hẻm",31 m²,,"145,16 triệu/m²",Đã có sổ,3 phòng,,,,,,,,,,,,,,,,,,,
2025-10-04T12:41:09.485168,Cập nhật 9 ngày trước,"18,9 tỷ",,90 m²,,210 triệu/m²,Đã có sổ,,,,4.4 m,20.45 m,,,,Mặt tiền Hẻm xe hơi Thổ cư toàn bộ,Đất thổ cư,m²,Đông Bắc,,,,,,,,
2025-10-04T12:41:10.145296,Cập nhật 9 ngày trước,"22,9 tỷ","Nhà mặt phố, mặt tiền",68 m²,68 m²,"336,76 triệu/m²",Đã có sổ,5 phòng,6 phòng,Nội thất cao cấp,,,7.0,,,Hẻm xe hơi Nhà nở hậu,,,,,,,,,,,
2025-10-04T12:41:15.196858,Cập nhật 9 ngày trước,"6,3 tỷ","Nhà ngõ, hẻm",25 m²,25 m²,252 triệu/m²,Đã có sổ,3 phòng,4 phòng,Nội thất cao cấp,3.3 m,7 m,5.0,,,,,,,,,,,,,,
2025-10-04T12:41:15.604831,Cập nhật 9 ngày trước,3 tỷ,"Nhà ngõ, hẻm",80 m²,80 m²,"37,50 triệu/m²",Đã có sổ,2 phòng,1 phòng,,5.2 m,15.5 m,,,,,,,,,,,,,,,
2025-10-04T12:41:19.523176,Cập nhật 9 ngày trước,"5,24 tỷ",,78 m²,,"67,18 triệu/m²",Đã có sổ,,,,4.3 m,10 m,,,,Mặt tiền Hẻm xe hơi Thổ cư toàn bộ,Đất thổ cư,,Nam,,,,,,,,
2025-10-04T12:41:19.804511,Cập nhật 9 ngày trước,"6,8 tỷ","Nhà ngõ, hẻm",36 m²,,"188,89 triệu/m²",Đã có sổ,3 phòng,4 phòng,Nội thất đầy đủ,,,5.0,,,,,,,,,,,,,,
2025-10-04T12:41:25.537072,Cập nhật 9 ngày trước,"7,95 tỷ","Nhà ngõ, hẻm",30 m²,,265 triệu/m²,Đã có sổ,3 phòng,,,,,5.0,,,,,,,,,,,,,,
2025-10-04T12:41:25.851704,Cập nhật 9 ngày trước,12 tỷ,"Nhà ngõ, hẻm",35 m²,,"342,86 triệu/m²",Đã có sổ,4 phòng,,,,,6.0,,,Nhà nở hậu,,,,,,,,,,,
2025-10-04T12:41:29.473821,Cập nhật 9 ngày trước,8 tỷ,"Nhà ngõ, hẻm",35 m²,,"228,57 triệu/m²",Đã có sổ,3 phòng,,Nội thất cao cấp,,,5.0,,,,,,,,,,,,,,
2025-10-04T12:41:29.501430,Cập nhật 9 ngày trước,3 tỷ,,60 m²,,50 triệu/m²,Đã có sổ,,,,6 m,10 m,,,,,Đất thổ cư,m²,,,,,,,,,
2025-10-04T12:41:29.592029,Cập nhật 9 ngày trước,"5,2 tỷ","Nhà ngõ, hẻm",30.2 m²,30.2 m²,"172,19 triệu/m²",Đã có sổ,3 phòng,3 phòng,,,,,,,,,,,,,,,,,,
2025-10-04T12:41:36.342965,Cập nhật 9 ngày trước,"1,26 tỷ",,50 m²,,"25,20 triệu/m²",Hợp đồng mua bán,2 phòng,1 phòng,Nội thất cao cấp,,,,Đã bàn giao,Chung cư,,,,,,5.0,5,,,,,
2025-10-04T12:41:36.528539,Cập nhật 9 ngày trước,"8,6 tỷ","Nhà ngõ, hẻm",46 m²,,"186,96 triệu/m²",Đã có sổ,4 phòng,3 phòng,,,,,,,,,,,,,,,,,,
2025-10-04T12:41:39.738946,Cập nhật 9 ngày trước,"7,45 tỷ","Nhà ngõ, hẻm",39 m²,,"191,03 triệu/m²",Đã có sổ,3 phòng,,,,,,,,,,,,,,,,,,,
2025-10-04T12:41:38.748075,Cập nhật 9 ngày trước,"8,23 tỷ","Nhà ngõ, hẻm",47 m²,,"175,11 triệu/m²",Đã có sổ,5 phòng,,,,,,,,,,,,,,,,,,,
2025-10-04T12:41:39.522497,Cập nhật 9 ngày trước,"7,8 tỷ","Nhà ngõ, hẻm",42 m²,,"185,71 triệu/m²",Đã có sổ,4 phòng,,,,,,,,,,,,,,,,,,,
2025-10-04T12:41:46.063433,Cập nhật 9 ngày trước,"6,7 tỷ","Nhà ngõ, hẻm",30 m²,,"223,33 triệu/m²",Đã có sổ,4 phòng,3 phòng,Nội thất cao cấp,3 m,,5.0,,,,,,,,,,,,,,
2025-10-04T12:41:46.440382,Cập nhật 9 ngày trước,"8,39 tỷ","Nhà ngõ, hẻm",35 m²,35 m²,"239,71 triệu/m²",Đã có sổ,3 phòng,4 phòng,,3.5 m,103 m,6.0,,,Hẻm xe hơi Nhà nở hậu,,,Đông,,,,,,,,
2025-10-04T12:41:50.464471,Cập nhật 9 ngày trước,18 tỷ,"Nhà ngõ, hẻm",55 m²,55 m²,"327,27 triệu/m²",Đã có sổ,nhiều hơn 10 phòng,Nhiều hơn 6 phòng,Nội thất đầy đủ,7 m,7.85 m,6.0,,,Nhà nở hậu Hẻm xe hơi Hiện trạng khác,,,,,,,,,,,
2025-10-04T12:41:49.734445,Cập nhật 9 ngày trước,28 tỷ,Nhà biệt thự,120 m²,120 m²,"233,33 triệu/m²",Đã có sổ,5 phòng,5 phòng,,20 m,6 m,,,,,,,,,,,,,,,
2025-10-04T12:41:49.831767,Cập nhật 9 ngày trước,"13,8 tỷ","Nhà ngõ, hẻm",44 m²,,"313,64 triệu/m²",Đã có sổ,3 phòng,3 phòng,Nội thất đầy đủ,,,4.0,,,Hẻm xe hơi,,,,,,,,,,,
2025-10-04T12:41:56.027944,Cập nhật 9 ngày trước,"8,99 tỷ","Nhà ngõ, hẻm",36 m²,36 m²,"249,72 triệu/m²",Đã có sổ,3 phòng,4 phòng,Nội thất cao cấp,4 m,9 m,5.0,,,Hẻm xe hơi Nhà nở hậu,,,,,,,,,,,
2025-10-04T12:41:57.712376,Cập nhật 9 ngày trước,"5,5 tỷ",,39 m²,,"141,03 triệu/m²",Sổ hồng riêng,2 phòng,,,,,,Chưa bàn giao,Chung cư,,,,,,,,,,,,
2025-10-04T12:42:01.634371,Cập nhật 9 ngày trước,"6,1 tỷ","Nhà ngõ, hẻm",34 m²,34 m²,"179,41 triệu/m²",Đã có sổ,4 phòng,4 phòng,,,,4.0,,,Nhà nở hậu,,,Đông,,,,,,,,
2025-10-04T12:42:01.984635,Cập nhật 9 ngày trước,"4,3 tỷ",,54 m²,,"79,63 triệu/m²",Đã có sổ,,,,,,,,,,Đất thổ cư,,,,,,,,,,
2025-10-04T12:42:03.764392,Cập nhật 9 ngày trước,"7,3 tỷ","Nhà ngõ, hẻm",48 m²,,"152,08 triệu/m²",Đã có sổ,4 phòng,4 phòng,,,,4.0,,,,,,,,,,,,,,
2025-10-04T12:42:11.173828,Cập nhật 9 ngày trước,"12,55 tỷ","Nhà ngõ, hẻm",48 m²,,"261,46 triệu/m²",Đã có sổ,3 phòng,4 phòng,Nội thất đầy đủ,,,5.0,,,Nhà nở hậu,,,,,,,,,,,
2025-10-04T12:42:11.446895,Cập nhật 9 ngày trước,"5,6 tỷ","Nhà ngõ, hẻm",44 m²,44 m²,"127,27 triệu/m²",Đã có sổ,4 phòng,,Nội thất đầy đủ,4 m,,4.0,,,,,,,,,,,,,,
2025-10-04T12:42:13.029857,Cập nhật 9 ngày trước,"20,4 tỷ","Nhà mặt phố, mặt tiền",50 m²,,408 triệu/m²,Đã có sổ,4 phòng,,,,,,,,,,,,,,,,,,,
2025-10-04T12:42:14.457698,Cập nhật 9 ngày trước,"8,5 tỷ","Nhà ngõ, hẻm",48 m²,,"177,08 triệu/m²",Đã có sổ,4 phòng,4 phòng,Nội thất đầy đủ,,,4.0,,,,,,,,,,,,,,
2025-10-04T12:42:16.410529,Cập nhật 9 ngày trước,"19,9 tỷ","Nhà ngõ, hẻm",103 m²,,"193,20 triệu/m²",Đã có sổ,4 phòng,4 phòng,Nội thất đầy đủ,4.2 m,22 m,3.0,,,Hẻm xe hơi Nhà nở hậu,,,,,,,,,,,
2025-10-04T12:42:23.164101,Cập nhật 9 ngày trước,"5,85 tỷ",,75 m²,,78 triệu/m²,Sổ hồng riêng,1 phòng,1 phòng,Bàn giao thô,,,,Chưa bàn giao,"Tập thể, cư xá",,,,,,,,,,,,
2025-10-04T12:42:23.659168,Cập nhật 9 ngày trước,"8,8 tỷ","Nhà ngõ, hẻm",36 m²,36 m²,"244,44 triệu/m²",Đã có sổ,3 phòng,4 phòng,Nội thất đầy đủ,5.1 m,7 m,6.0,,,,,,,,,,,,,,
2025-10-04T12:42:25.763063,Cập nhật 9 ngày trước,"9,1 tỷ","Nhà ngõ, hẻm",48 m²,,"189,58 triệu/m²",Đã có sổ,4 phòng,,,,,,,,,,,,,,,,,,,
2025-10-04T12:42:31.751865,Cập nhật 9 ngày trước,"9,15 tỷ","Nhà ngõ, hẻm",38 m²,,"240,79 triệu/m²",Đã có sổ,3 phòng,3 phòng,,,,4.0,,,,,,,,,,,,,,
2025-10-04T12:42:34.850491,Cập nhật 9 ngày trước,"5,9 tỷ","Nhà ngõ, hẻm",21 m²,,"280,95 triệu/m²",Đã có sổ,2 phòng,,,,,,,,,,,,,,,,,,,
2025-10-04T12:42:36.418383,Cập nhật 9 ngày trước,"8,5 tỷ","Nhà ngõ, hẻm",48 m²,48 m²,"177,08 triệu/m²",Đã có sổ,4 phòng,,Hoàn thiện cơ bản,5.3 m,,4.0,,,,,,,,,,,,,,
2025-10-04T12:42:37.202020,Cập nhật 9 ngày trước,"1,95 tỷ","Nhà ngõ, hẻm",23 m²,90 m²,"84,78 triệu/m²",Đang chờ sổ,3 phòng,4 phòng,Nội thất đầy đủ,,,4.0,,,,,,,,,,,,,,
2025-10-04T12:42:42.628274,Cập nhật 9 ngày trước,"5,65 tỷ",,66 m²,,"85,61 triệu/m²",Đã có sổ,,,,4 m,16 m,,,,Hẻm xe hơi Thổ cư toàn bộ,Đất thổ cư,,Tây Bắc,,,,,,,,
2025-10-04T12:42:46.512325,Cập nhật 9 ngày trước,"7,35 tỷ","Nhà ngõ, hẻm",38 m²,,"193,42 triệu/m²",Đã có sổ,3 phòng,,,4 m,,,,,,,,,,,,,,,,
2025-10-04T12:42:53.156616,Cập nhật 2 ngày trước,"6,4 tỷ","Nhà ngõ, hẻm",31 m²,54 m²,"206,45 triệu/m²",Đã có sổ,3 phòng,4 phòng,Nội thất đầy đủ,4 m,,5.0,,,,,,Nam,,,,,,,,
2025-10-04T12:42:55.806174,Cập nhật 9 ngày trước,"12,1 tỷ","Nhà ngõ, hẻm",46 m²,,"263,04 triệu/m²",Đã có sổ,4 phòng,,Nội thất đầy đủ,,,4.0,,,,,,,,,,,,,,
2025-10-04T12:42:56.799524,Cập nhật 9 ngày trước,"5,2 tỷ",,75 m²,,"69,33 triệu/m²",Sổ hồng riêng,3 phòng,,,,,,Chưa bàn giao,"Tập thể, cư xá",,,,,,,,,,,,
2025-10-04T12:42:56.706480,Cập nhật 9 ngày trước,"7,93 tỷ","Nhà ngõ, hẻm",34 m²,,"233,24 triệu/m²",Đã có sổ,4 phòng,4 phòng,Nội thất đầy đủ,3.9 m,,,,,Nhà nở hậu,,,,,,,,,,,
2025-10-04T12:42:56.892924,Cập nhật 9 ngày trước,"5,8 tỷ","Nhà mặt phố, mặt tiền",30.5 m²,30.5 m²,"190,16 triệu/m²",Đã có sổ,3 phòng,3 phòng,Nội thất cao cấp,3.6 m,10 m,5.0,,,Nhà nở hậu,,,,,,,,,,,
2025-10-04T12:43:02.509467,Cập nhật 3 ngày trước,"11,9 tỷ","Nhà mặt phố, mặt tiền",42 m²,42 m²,"283,33 triệu/m²",Đã có sổ,3 phòng,,Nội thất cao cấp,4 m,,,,,,,,,,,,,,,,
2025-10-04T12:43:07.125292,Cập nhật 9 ngày trước,"9,5 tỷ",,451 m²,,"21,06 triệu/m²",Đã có sổ,,,,,,,,,Mặt tiền Hẻm xe hơi Nở hậu Thổ cư 1 phần,Đất thổ cư,m²,,,,,,,,,
2025-10-04T12:43:05.520758,Cập nhật 9 ngày trước,"4,8 tỷ","Nhà ngõ, hẻm",32 m²,,150 triệu/m²,Đã có sổ,2 phòng,1 phòng,,3.2 m,10 m,,,,,,,,,,,,,,,
2025-10-04T12:43:06.905844,Cập nhật 9 ngày trước,"8,1 tỷ","Nhà ngõ, hẻm",35 m²,,"231,43 triệu/m²",Đã có sổ,3 phòng,4 phòng,,,,5.0,,,Nhà nở hậu,,,,,,,,,,,
2025-10-04T12:43:17.158184,Cập nhật 9 ngày trước,"7,5 tỷ","Nhà ngõ, hẻm",40 m²,,"187,50 triệu/m²",Đã có sổ,5 phòng,4 phòng,Hoàn thiện cơ bản,,,4.0,,,,,,,,,,,,,,
2025-10-04T12:43:16.985408,Cập nhật 9 ngày trước,"6,949 tỷ",,80 m²,,"86,86 triệu/m²",Đã có sổ,,,,4 m,20 m,,,,Hẻm xe hơi Thổ cư toàn bộ,Đất thổ cư,,Đông Nam,,,,,,,,
2025-10-04T12:43:17.196440,Cập nhật 9 ngày trước,"7,9 tỷ","Nhà ngõ, hẻm",42 m²,,"188,10 triệu/m²",Đã có sổ,3 phòng,,,,,,,,,,,,,,,,,,,
2025-10-04T12:43:17.732853,Cập nhật 9 ngày trước,"4,25 tỷ",,48 m²,,"88,54 triệu/m²",Đã có sổ,,,,4 m,12 m,,,,,Đất thổ cư,,,,,,,,,,
2025-10-04T12:43:21.935383,Cập nhật 6 ngày trước,"7,2 tỷ","Nhà ngõ, hẻm",30 m²,,240 triệu/m²,Đã có sổ,4 phòng,,Nội thất đầy đủ,,,4.0,,,,,,,,,,,,,,
2025-10-04T12:43:27.665458,Cập nhật 9 ngày trước,"15,5 tỷ","Nhà ngõ, hẻm",63 m²,66 m²,"246,03 triệu/m²",Đã có sổ,10 phòng,Nhiều hơn 6 phòng,Nội thất cao cấp,,,6.0,,,,,,,,,,,,,,
2025-10-04T12:43:28.020667,Cập nhật 9 ngày trước,"15,2 tỷ",Nhà phố liền kề,50 m²,,304 triệu/m²,Đã có sổ,6 phòng,,,,,7.0,,,,,,,,,,,,,,
2025-10-04T12:43:28.010453,Cập nhật 9 ngày trước,"11,5 tỷ","Nhà ngõ, hẻm",37 m²,,"310,81 triệu/m²",Đã có sổ,4 phòng,3 phòng,Nội thất đầy đủ,,,4.0,,,Hẻm xe hơi Nhà nở hậu,,,,,,,,,,,
2025-10-04T12:43:28.892551,Cập nhật 9 ngày trước,95 tỷ,"Nhà mặt phố, mặt tiền",125 m²,250 m²,760 triệu/m²,Đã có sổ,8 phòng,2 phòng,,3 m,45 m,2.0,,,Nhà nở hậu,,,Đông Bắc,,,,,,,,
2025-10-04T12:43:38.089699,Cập nhật 9 ngày trước,3 tỷ,,30 m²,,100 triệu/m²,Đã có sổ,,,,3.15 m,10 m,,,,,Đất thổ cư,,,,,,,,,,
2025-10-04T12:43:39.093127,Cập nhật 9 ngày trước,"12,5 tỷ","Nhà ngõ, hẻm",54 m²,,"231,48 triệu/m²",Đã có sổ,3 phòng,4 phòng,,4.5 m,12 m,4.0,,,,,,,,,,,,,,
2025-10-04T12:43:42.608799,Cập nhật 9 ngày trước,"7,2 tỷ","Nhà ngõ, hẻm",35 m²,,"205,71 triệu/m²",Đã có sổ,5 phòng,,,,,,,,,,,,,,,,,,,
2025-10-04T12:43:47.430753,Cập nhật 9 ngày trước,"7,5 tỷ","Nhà ngõ, hẻm",43 m²,,"174,42 triệu/m²",Đã có sổ,5 phòng,,,,,,,,,,,,,,,,,,,
2025-10-04T12:43:47.453665,Cập nhật 9 ngày trước,"15,2 tỷ","Nhà mặt phố, mặt tiền",50 m²,350 m²,304 triệu/m²,Đã có sổ,8 phòng,Nhiều hơn 6 phòng,Nội thất cao cấp,4 m,13 m,,,,,,,,,,,,,,,
2025-10-04T12:43:49.779557,Cập nhật 9 ngày trước,"19,5 tỷ","Nhà ngõ, hẻm",100 m²,100 m²,195 triệu/m²,Đã có sổ,nhiều hơn 10 phòng,Nhiều hơn 6 phòng,Nội thất đầy đủ,7 m,14.28 m,6.0,,,Nhà nở hậu,,,,,,,,,,,
2025-10-04T12:43:50.310781,Cập nhật 9 ngày trước,54 tỷ,"Nhà mặt phố, mặt tiền",130 m²,1200 m²,"415,38 triệu/m²",Đã có sổ,9 phòng,Nhiều hơn 6 phòng,Nội thất đầy đủ,9 m,,8.0,,,,,,,,,,,,,,
2025-10-04T12:43:53.474872,Cập nhật 9 ngày trước,"13,9 tỷ","Nhà ngõ, hẻm",48 m²,,"289,58 triệu/m²",Đã có sổ,2 phòng,2 phòng,,,,3.0,,,,,,,,,,,,,,
2025-10-04T12:43:58.695276,Cập nhật 9 ngày trước,9 tỷ,"Nhà ngõ, hẻm",40 m²,,225 triệu/m²,Đã có sổ,3 phòng,,,,,6.0,,,,,,,,,,,,,,
2025-10-04T12:43:59.812105,Cập nhật 9 ngày trước,"6,82 tỷ","Nhà ngõ, hẻm",32 m²,,"213,12 triệu/m²",Đã có sổ,4 phòng,4 phòng,,4.5 m,,,,,Nhà nở hậu,,,,,,,,,,,
2025-10-04T12:44:00.682628,Cập nhật 9 ngày trước,22 tỷ,"Nhà mặt phố, mặt tiền",93 m²,100 m²,"236,56 triệu/m²",Đã có sổ,6 phòng,,Nội thất đầy đủ,5.3 m,17 m,6.0,,,Nhà nở hậu,,,,,,,,,,,
2025-10-04T12:44:02.918821,Cập nhật 9 ngày trước,"20,5 tỷ","Nhà mặt phố, mặt tiền",25 m²,100 m²,820 triệu/m²,Đã có sổ,4 phòng,4 phòng,Nội thất cao cấp,3 m,,5.0,,,,,,,,,,,,,,
2025-10-04T12:44:06.305747,Cập nhật 9 ngày trước,"7,1 tỷ","Nhà ngõ, hẻm",32 m²,,"221,88 triệu/m²",Đã có sổ,3 phòng,,,,,,,,,,,,,,,,,,,
2025-10-04T12:44:07.963900,Cập nhật 9 ngày trước,"6,688 tỷ","Nhà ngõ, hẻm",40 m²,40 m²,"167,20 triệu/m²",Đã có sổ,4 phòng,3 phòng,,,,,,,,,,,,,,,,,,
2025-10-04T12:44:09.495715,Cập nhật 9 ngày trước,"8,7 tỷ","Nhà ngõ, hẻm",39 m²,,"223,08 triệu/m²",Đã có sổ,8 phòng,,Nội thất đầy đủ,,,6.0,,,,,,,,,,,,,,
2025-10-04T12:44:12.418424,Cập nhật 9 ngày trước,"7,7 tỷ",,170 m²,,"45,29 triệu/m²",Sổ hồng riêng,6 phòng,,,,,,Đã bàn giao,Duplex,,,,,,,,,,,,
2025-10-04T12:44:16.432386,Cập nhật 9 ngày trước,"7,8 tỷ","Nhà ngõ, hẻm",46 m²,,"169,57 triệu/m²",Đã có sổ,3 phòng,,,,,,,,,,,,,,,,,,,
2025-10-04T12:44:17.186634,Cập nhật 9 ngày trước,"5,75 tỷ","Nhà mặt phố, mặt tiền",35 m²,35 m²,"164,29 triệu/m²",Đã có sổ,3 phòng,4 phòng,,,,5.0,,,Nhà nở hậu,,,,,,,,,,,
2025-10-04T12:44:18.876534,Cập nhật 2 ngày trước,"5,5 tỷ","Nhà ngõ, hẻm",25 m²,,220 triệu/m²,Đã có sổ,3 phòng,3 phòng,Nội thất đầy đủ,,,4.0,,,Nhà nở hậu,,,,,,,,,,,
2025-10-04T12:44:19.642278,Cập nhật 9 ngày trước,"7,69 tỷ","Nhà ngõ, hẻm",36 m²,,"213,61 triệu/m²",Đã có sổ,4 phòng,3 phòng,,,,,,,,,,,,,,,,,,
2025-10-04T12:44:23.198296,Cập nhật 9 ngày trước,"13,755 tỷ","Nhà ngõ, hẻm",55 m²,60 m²,"250,09 triệu/m²",Đã có sổ,6 phòng,5 phòng,Nội thất đầy đủ,,,5.0,,,Nhà nở hậu,,,,,,,,,,,
2025-10-04T12:44:26.266595,Cập nhật 9 ngày trước,"8,8 tỷ",,49.5 m²,,"177,78 triệu/m²",Đã có sổ,,,,,,,,,Thổ cư toàn bộ,Đất thổ cư,,,,,,,,,,
2025-10-04T12:44:25.598307,Cập nhật 9 ngày trước,"13,88 tỷ","Nhà mặt phố, mặt tiền",82 m²,,"169,27 triệu/m²",Đã có sổ,5 phòng,,,,,5.0,,,,,,,,,,,,,,
2025-10-04T12:44:27.957057,Cập nhật 9 ngày trước,"21,6 tỷ","Nhà ngõ, hẻm",77.4 m²,310 m²,"279,07 triệu/m²",Đã có sổ,5 phòng,3 phòng,Nội thất đầy đủ,,,4.0,,,Hẻm xe hơi,,,,,,,,,,,
2025-10-04T12:44:33.169670,Cập nhật 9 ngày trước,"62,45 tỷ",Nhà biệt thự,207 m²,207 m²,"301,69 triệu/m²",Đã có sổ,5 phòng,5 phòng,Nội thất đầy đủ,9 m,,5.0,,,,,,,,,,,,,,
2025-10-04T12:44:36.762412,Cập nhật 9 ngày trước,"7,3 tỷ","Nhà ngõ, hẻm",41 m²,,"178,05 triệu/m²",Đã có sổ,3 phòng,4 phòng,Nội thất đầy đủ,,,5.0,,,,,,,,,,,,,,
2025-10-04T12:44:37.570622,Cập nhật 9 ngày trước,"3,9 tỷ",,51 m²,,"76,47 triệu/m²",Đã có sổ,,,,,,,,,,Đất thổ cư,m²,,,,,,,,,
2025-10-04T12:44:39.719482,Cập nhật 9 ngày trước,"7,8 tỷ","Nhà ngõ, hẻm",42 m²,,"185,71 triệu/m²",Đã có sổ,4 phòng,3 phòng,Nội thất cao cấp,,,5.0,,,,,,,,,,,,,,
2025-10-04T12:44:42.872884,Cập nhật 9 ngày trước,"8,15 tỷ","Nhà ngõ, hẻm",45 m²,,"181,11 triệu/m²",Đã có sổ,4 phòng,,,,,,,,,,,,,,,,,,,
2025-10-04T12:44:46.936656,Cập nhật 9 ngày trước,"3,8 tỷ","Nhà ngõ, hẻm",48 m²,48 m²,"79,17 triệu/m²",Đã có sổ,4 phòng,3 phòng,Nội thất đầy đủ,4 m,11.2 m,4.0,,,Hẻm xe hơi Nhà nở hậu,,,Nam,,,,,,,,
2025-10-04T12:44:48.998569,Cập nhật 9 ngày trước,"4,2 tỷ","Nhà ngõ, hẻm",35 m²,35 m²,120 triệu/m²,Không có sổ,3 phòng,4 phòng,Nội thất đầy đủ,4 m,9 m,3.0,,,,,,,,,,,,,,
2025-10-04T12:44:49.154518,Cập nhật 9 ngày trước,"7,8 tỷ",,80 m²,,"97,50 triệu/m²",Sổ hồng riêng,3 phòng,,,,,,Chưa bàn giao,Chung cư,,,,,,,,,,,,
2025-10-04T12:44:52.964990,Cập nhật 9 ngày trước,"10,7 tỷ","Nhà ngõ, hẻm",40 m²,200 m²,"267,50 triệu/m²",Đã có sổ,6 phòng,4 phòng,Nội thất cao cấp,3.2 m,13 m,5.0,,,Hẻm xe hơi,,,Tây Bắc,,,,,,,,
2025-10-04T12:44:56.918386,Cập nhật 9 ngày trước,"5,85 tỷ","Nhà ngõ, hẻm",53 m²,53 m²,"110,38 triệu/m²",Đã có sổ,4 phòng,,Nội thất đầy đủ,3.5 m,,4.0,,,,,,,,,,,,,,
2025-10-04T12:44:57.687820,Cập nhật 9 ngày trước,5 tỷ,,32.7 m²,,"152,91 triệu/m²",Sổ hồng riêng,1 phòng,,,,,,Đã bàn giao,"Căn hộ dịch vụ, mini",,,,,,,,,,,,
2025-10-04T12:44:58.220287,Cập nhật 9 ngày trước,6 tỷ,,70 m²,,"85,71 triệu/m²",Đã có sổ,,,,5 m,14 m,,,,,Đất thổ cư,,,,,,,,,,
2025-10-04T12:44:58.398023,Cập nhật 9 ngày trước,"7,2 tỷ","Nhà ngõ, hẻm",45 m²,,160 triệu/m²,Đã có sổ,3 phòng,,,,,6.0,,,,,,,,,,,,,,
2025-10-04T12:45:07.957956,Cập nhật 9 ngày trước,"5,4 tỷ",,65 m²,,"83,08 triệu/m²",Sổ hồng riêng,2 phòng,2 phòng,Nội thất cao cấp,,,,Đã bàn giao,Chung cư,,,,,,,,Đông Nam,,,,
2025-10-04T12:45:08.320119,Cập nhật 9 ngày trước,"13,7 tỷ",,50 m²,,274 triệu/m²,Đã có sổ,,,,,,,,,,Đất nền dự án,,,,,,,,,,
2025-10-04T12:45:08.687514,Cập nhật 9 ngày trước,"8,95 tỷ","Nhà ngõ, hẻm",50 m²,50 m²,179 triệu/m²,Đã có sổ,4 phòng,4 phòng,Hoàn thiện cơ bản,,,4.0,,,Hẻm xe hơi Nhà nở hậu,,,,,,,,,,,
2025-10-04T12:45:10.096509,Cập nhật 9 ngày trước,"5,79 tỷ",,80 m²,,"72,38 triệu/m²",Sổ hồng riêng,3 phòng,,,,,,Đã bàn giao,"Tập thể, cư xá",,,,,,,,,,,,
2025-10-04T12:45:16.803543,Cập nhật 9 ngày trước,"7,8 tỷ","Nhà ngõ, hẻm",38 m²,,"205,26 triệu/m²",Đã có sổ,4 phòng,,Nội thất đầy đủ,,,4.0,,,Hiện trạng khác,,,,,,,,,,,
2025-10-04T12:45:22.646861,Cập nhật 9 ngày trước,"9,5 tỷ","Nhà ngõ, hẻm",52 m²,,"182,69 triệu/m²",Đã có sổ,4 phòng,,,,,,,,,,,,,,,,,,,
2025-10-04T12:45:22.717463,Cập nhật 9 ngày trước,"4,2 tỷ","Nhà ngõ, hẻm",12 m²,16 m²,350 triệu/m²,Đã có sổ,3 phòng,3 phòng,Nội thất cao cấp,,,5.0,,,Nhà nở hậu,,,,,,,,,,,
2025-10-04T12:45:23.177596,Cập nhật 9 ngày trước,"6,5 tỷ","Nhà ngõ, hẻm",31 m²,31 m²,"209,68 triệu/m²",Đã có sổ,3 phòng,4 phòng,Nội thất đầy đủ,3.3 m,9.3 m,5.0,,,,,,Đông Nam,,,,,,,,
2025-10-04T12:45:20.866451,Cập nhật 18 giờ trước,"8,3 tỷ","Nhà ngõ, hẻm",43 m²,,"193,02 triệu/m²",Đã có sổ,5 phòng,,,4 m,,,,,,,,,,,,,,,,
2025-10-04T12:45:30.442233,Cập nhật 9 ngày trước,6 tỷ,"Nhà ngõ, hẻm",100 m²,100 m²,60 triệu/m²,Đã có sổ,2 phòng,2 phòng,Hoàn thiện cơ bản,5 m,20 m,,,,Hẻm xe hơi,,,Nam,,,,,,,,
2025-10-04T12:45:36.608457,Cập nhật 9 ngày trước,"4,2 tỷ",,280 m²,,15 triệu/m²,Đã có sổ,,,,,,,,,"Mặt tiền
Hẻm xe hơi
Nở hậu
Thổ cư 1 phần",Đất thổ cư,m²,,,,,,,,,
2025-10-04T12:45:36.950144,Cập nhật 9 ngày trước,"8,5 tỷ","Nhà ngõ, hẻm",37 m²,,"229,73 triệu/m²",Đã có sổ,3 phòng,3 phòng,,,,,,,,,,,,,,,,,,
2025-10-04T12:45:38.430946,Cập nhật 9 ngày trước,"5,8 tỷ","Nhà ngõ, hẻm",45 m²,45 m²,"128,89 triệu/m²",Đã có sổ,6 phòng,,Nội thất đầy đủ,4 m,,5.0,,,,,,,,,,,,,,
2025-10-04T12:45:39.229486,Cập nhật 9 ngày trước,"16,5 tỷ","Nhà ngõ, hẻm",65 m²,,"253,85 triệu/m²",Đã có sổ,3 phòng,2 phòng,,6.5 m,10 m,3.0,,,Hẻm xe hơi,,,,,,,,,,,
2025-10-04T12:45:44.376752,Cập nhật 9 ngày trước,"4,68 tỷ",,70 m²,,"66,86 triệu/m²",Sổ hồng riêng,2 phòng,1 phòng,Nội thất cao cấp,,,,Chưa bàn giao,"Tập thể, cư xá",,,,,,3.0,,,,,,
2025-10-04T12:45:50.054888,Cập nhật 9 ngày trước,"13,5 tỷ","Nhà ngõ, hẻm",65 m²,,"207,69 triệu/m²",Đã có sổ,4 phòng,,,,,,,,,,,,,,,,,,,
2025-10-04T12:45:51.314207,Cập nhật 9 ngày trước,"7,5 tỷ","Nhà mặt phố, mặt tiền",25 m²,,300 triệu/m²,Đã có sổ,5 phòng,,,,,,,,,,,,,,,,,,,
2025-10-04T12:45:53.490315,Cập nhật 9 ngày trước,"15,5 tỷ",Nhà phố liền kề,37 m²,37 m²,"418,92 triệu/m²",Đã có sổ,3 phòng,,Nội thất đầy đủ,6 m,6 m,4.0,,,"Hẻm xe hơi
Nhà nở hậu",,,Đông Nam,,,,,,,,
2025-10-04T12:45:55.381025,Cập nhật 9 ngày trước,"8,6 tỷ","Nhà ngõ, hẻm",36 m²,,"238,89 triệu/m²",Đã có sổ,10 phòng,Nhiều hơn 6 phòng,Nội thất đầy đủ,,,6.0,,,,,,,,,,,,,,
2025-10-04T12:45:57.762105,Cập nhật 9 ngày trước,"17,6 tỷ","Nhà mặt phố, mặt tiền",56 m²,56 m²,"314,29 triệu/m²",Đã có sổ,3 phòng,3 phòng,Nội thất đầy đủ,3.8 m,,4.0,,,Nhà nở hậu,,,,,,,,,,,
2025-10-04T12:46:06.259866,Cập nhật 9 ngày trước,"6,7 tỷ","Nhà ngõ, hẻm",38 m²,,"176,32 triệu/m²",Đã có sổ,3 phòng,,,,,,,,,,,,,,,,,,,
2025-10-04T12:46:06.176375,Cập nhật 9 ngày trước,"8,35 tỷ","Nhà ngõ, hẻm",45 m²,,"185,56 triệu/m²",Đã có sổ,4 phòng,,Nội thất cao cấp,,,5.0,,,,,,,,,,,,,,
2025-10-04T12:46:09.347694,Cập nhật 9 ngày trước,"7,9 tỷ","Nhà ngõ, hẻm",36 m²,35 m²,"219,44 triệu/m²",Đã có sổ,4 phòng,4 phòng,,,,4.0,,,,,,,,,,,,,,
2025-10-04T12:46:10.663161,Cập nhật 9 ngày trước,"12,1 tỷ","Nhà ngõ, hẻm",39 m²,234 m²,"310,26 triệu/m²",Đã có sổ,3 phòng,6 phòng,Nội thất cao cấp,,,6.0,,,,,,,,,,,,,,
2025-10-04T12:46:19.298759,Cập nhật 9 ngày trước,"7,65 tỷ","Nhà ngõ, hẻm",42 m²,,"182,14 triệu/m²",Đã có sổ,3 phòng,4 phòng,Nội thất đầy đủ,,,5.0,,,,,,,,,,,,,,
2025-10-04T12:46:21.466060,Cập nhật 1 ngày trước,"4,88 tỷ","Nhà ngõ, hẻm",22 m²,22 m²,"221,82 triệu/m²",Đã có sổ,3 phòng,3 phòng,Nội thất đầy đủ,4 m,6 m,5.0,,,"Hẻm xe hơi
Nhà nở hậu",,,Tây Bắc,,,09,,,,,
